-- MySQL dump 10.13  Distrib 5.7.32, for osx10.12 (x86_64)
--
-- Host: localhost    Database: shopwise
-- ------------------------------------------------------
-- Server version	5.7.32

/*!40101 SET @OLD_CHARACTER_SET_CLIENT=@@CHARACTER_SET_CLIENT */;
/*!40101 SET @OLD_CHARACTER_SET_RESULTS=@@CHARACTER_SET_RESULTS */;
/*!40101 SET @OLD_COLLATION_CONNECTION=@@COLLATION_CONNECTION */;
/*!40101 SET NAMES utf8 */;
/*!40103 SET @OLD_TIME_ZONE=@@TIME_ZONE */;
/*!40103 SET TIME_ZONE='+00:00' */;
/*!40014 SET @OLD_UNIQUE_CHECKS=@@UNIQUE_CHECKS, UNIQUE_CHECKS=0 */;
/*!40014 SET @OLD_FOREIGN_KEY_CHECKS=@@FOREIGN_KEY_CHECKS, FOREIGN_KEY_CHECKS=0 */;
/*!40101 SET @OLD_SQL_MODE=@@SQL_MODE, SQL_MODE='NO_AUTO_VALUE_ON_ZERO' */;
/*!40111 SET @OLD_SQL_NOTES=@@SQL_NOTES, SQL_NOTES=0 */;

--
-- Table structure for table `activations`
--

DROP TABLE IF EXISTS `activations`;
/*!40101 SET @saved_cs_client     = @@character_set_client */;
/*!40101 SET character_set_client = utf8 */;
CREATE TABLE `activations` (
  `id` bigint(20) unsigned NOT NULL AUTO_INCREMENT,
  `user_id` int(10) unsigned NOT NULL,
  `code` varchar(120) COLLATE utf8mb4_unicode_ci NOT NULL,
  `completed` tinyint(1) NOT NULL DEFAULT '0',
  `completed_at` timestamp NULL DEFAULT NULL,
  `created_at` timestamp NULL DEFAULT NULL,
  `updated_at` timestamp NULL DEFAULT NULL,
  PRIMARY KEY (`id`),
  KEY `activations_user_id_index` (`user_id`)
) ENGINE=InnoDB AUTO_INCREMENT=2 DEFAULT CHARSET=utf8mb4 COLLATE=utf8mb4_unicode_ci;
/*!40101 SET character_set_client = @saved_cs_client */;

--
-- Dumping data for table `activations`
--

LOCK TABLES `activations` WRITE;
/*!40000 ALTER TABLE `activations` DISABLE KEYS */;
INSERT INTO `activations` VALUES (1,1,'VpuQMR4Db2uOl3ID9RbiXwQkraDM7tJw',1,'2021-09-14 22:29:10','2021-09-14 22:29:10','2021-09-14 22:29:10');
/*!40000 ALTER TABLE `activations` ENABLE KEYS */;
UNLOCK TABLES;

--
-- Table structure for table `ads`
--

DROP TABLE IF EXISTS `ads`;
/*!40101 SET @saved_cs_client     = @@character_set_client */;
/*!40101 SET character_set_client = utf8 */;
CREATE TABLE `ads` (
  `id` bigint(20) unsigned NOT NULL AUTO_INCREMENT,
  `name` varchar(255) COLLATE utf8mb4_unicode_ci NOT NULL,
  `expired_at` datetime DEFAULT NULL,
  `location` varchar(120) COLLATE utf8mb4_unicode_ci DEFAULT NULL,
  `key` varchar(120) COLLATE utf8mb4_unicode_ci NOT NULL,
  `image` varchar(255) COLLATE utf8mb4_unicode_ci DEFAULT NULL,
  `url` varchar(255) COLLATE utf8mb4_unicode_ci DEFAULT NULL,
  `clicked` bigint(20) NOT NULL DEFAULT '0',
  `order` int(11) DEFAULT '0',
  `status` varchar(60) COLLATE utf8mb4_unicode_ci NOT NULL DEFAULT 'published',
  `created_at` timestamp NULL DEFAULT NULL,
  `updated_at` timestamp NULL DEFAULT NULL,
  PRIMARY KEY (`id`),
  UNIQUE KEY `ads_key_unique` (`key`)
) ENGINE=InnoDB DEFAULT CHARSET=utf8mb4 COLLATE=utf8mb4_unicode_ci;
/*!40101 SET character_set_client = @saved_cs_client */;

--
-- Dumping data for table `ads`
--

LOCK TABLES `ads` WRITE;
/*!40000 ALTER TABLE `ads` DISABLE KEYS */;
/*!40000 ALTER TABLE `ads` ENABLE KEYS */;
UNLOCK TABLES;

--
-- Table structure for table `audit_histories`
--

DROP TABLE IF EXISTS `audit_histories`;
/*!40101 SET @saved_cs_client     = @@character_set_client */;
/*!40101 SET character_set_client = utf8 */;
CREATE TABLE `audit_histories` (
  `id` bigint(20) unsigned NOT NULL AUTO_INCREMENT,
  `user_id` int(10) unsigned NOT NULL,
  `module` varchar(60) COLLATE utf8mb4_unicode_ci NOT NULL,
  `request` text COLLATE utf8mb4_unicode_ci,
  `action` varchar(120) COLLATE utf8mb4_unicode_ci NOT NULL,
  `user_agent` text COLLATE utf8mb4_unicode_ci,
  `ip_address` varchar(39) COLLATE utf8mb4_unicode_ci DEFAULT NULL,
  `reference_user` int(10) unsigned NOT NULL,
  `reference_id` int(10) unsigned NOT NULL,
  `reference_name` varchar(255) COLLATE utf8mb4_unicode_ci NOT NULL,
  `type` varchar(20) COLLATE utf8mb4_unicode_ci NOT NULL,
  `created_at` timestamp NULL DEFAULT NULL,
  `updated_at` timestamp NULL DEFAULT NULL,
  PRIMARY KEY (`id`),
  KEY `audit_histories_user_id_index` (`user_id`),
  KEY `audit_histories_module_index` (`module`)
) ENGINE=InnoDB DEFAULT CHARSET=utf8mb4 COLLATE=utf8mb4_unicode_ci;
/*!40101 SET character_set_client = @saved_cs_client */;

--
-- Dumping data for table `audit_histories`
--

LOCK TABLES `audit_histories` WRITE;
/*!40000 ALTER TABLE `audit_histories` DISABLE KEYS */;
/*!40000 ALTER TABLE `audit_histories` ENABLE KEYS */;
UNLOCK TABLES;

--
-- Table structure for table `categories`
--

DROP TABLE IF EXISTS `categories`;
/*!40101 SET @saved_cs_client     = @@character_set_client */;
/*!40101 SET character_set_client = utf8 */;
CREATE TABLE `categories` (
  `id` bigint(20) unsigned NOT NULL AUTO_INCREMENT,
  `name` varchar(120) COLLATE utf8mb4_unicode_ci NOT NULL,
  `parent_id` int(10) unsigned NOT NULL DEFAULT '0',
  `description` varchar(400) COLLATE utf8mb4_unicode_ci DEFAULT NULL,
  `status` varchar(60) COLLATE utf8mb4_unicode_ci NOT NULL DEFAULT 'published',
  `author_id` int(11) NOT NULL,
  `author_type` varchar(255) COLLATE utf8mb4_unicode_ci NOT NULL DEFAULT 'Botble\\ACL\\Models\\User',
  `icon` varchar(60) COLLATE utf8mb4_unicode_ci DEFAULT NULL,
  `order` tinyint(4) NOT NULL DEFAULT '0',
  `is_featured` tinyint(4) NOT NULL DEFAULT '0',
  `is_default` tinyint(3) unsigned NOT NULL DEFAULT '0',
  `created_at` timestamp NULL DEFAULT NULL,
  `updated_at` timestamp NULL DEFAULT NULL,
  PRIMARY KEY (`id`)
) ENGINE=InnoDB AUTO_INCREMENT=9 DEFAULT CHARSET=utf8mb4 COLLATE=utf8mb4_unicode_ci;
/*!40101 SET character_set_client = @saved_cs_client */;

--
-- Dumping data for table `categories`
--

LOCK TABLES `categories` WRITE;
/*!40000 ALTER TABLE `categories` DISABLE KEYS */;
INSERT INTO `categories` VALUES (1,'Ecommerce',0,'Consequuntur maiores nisi et dolores at quia. Est laudantium eius non. Aut debitis officia aut et ea ut alias.','published',1,'Botble\\ACL\\Models\\User',NULL,0,0,1,'2021-09-14 22:29:08','2021-09-14 22:29:08'),(2,'Fashion',0,'Sed dolores ex veritatis vel sunt atque sit maxime. Ex nam dolorum placeat distinctio doloribus aut. Delectus amet asperiores sed.','published',1,'Botble\\ACL\\Models\\User',NULL,0,1,0,'2021-09-14 22:29:08','2021-09-14 22:29:08'),(3,'Electronic',0,'Dolorem fuga numquam quia et ut dolorem quia. Suscipit harum sapiente quos dolores magnam. Veniam rem eos molestiae quidem qui est nesciunt.','published',1,'Botble\\ACL\\Models\\User',NULL,0,1,0,'2021-09-14 22:29:08','2021-09-14 22:29:08'),(4,'Commercial',0,'Corrupti a possimus officiis ipsum fuga. Eos deleniti aut sed consectetur et. Ea molestiae sint sed consequatur eaque deserunt. Magni libero et molestias qui natus quasi.','published',1,'Botble\\ACL\\Models\\User',NULL,0,1,0,'2021-09-14 22:29:08','2021-09-14 22:29:08'),(5,'Thương mại điện tử',0,'Mollitia ut nostrum dolores eos deserunt consectetur nemo. Id et error itaque deleniti similique officiis sit non. Occaecati omnis ea quo.','published',1,'Botble\\ACL\\Models\\User',NULL,0,0,1,'2021-09-14 22:29:08','2021-09-14 22:29:08'),(6,'Fashion',0,'Aut odit incidunt qui voluptas totam omnis. Quo tenetur sint molestiae voluptate nam debitis. Dolore vel vel recusandae magni id odio.','published',1,'Botble\\ACL\\Models\\User',NULL,0,1,0,'2021-09-14 22:29:08','2021-09-14 22:29:08'),(7,'Electronic',0,'Ut rerum aliquam provident laudantium. Quidem et et reprehenderit sunt facilis. Consequatur est labore eum dolorum. Saepe iste et voluptatem qui error optio.','published',1,'Botble\\ACL\\Models\\User',NULL,0,1,0,'2021-09-14 22:29:08','2021-09-14 22:29:08'),(8,'Thương mại',0,'Aut tenetur quaerat officiis maiores illum. Ut hic qui asperiores. Velit voluptates alias voluptatem quis doloremque. Quos ad labore vel consequatur voluptates consectetur recusandae et.','published',1,'Botble\\ACL\\Models\\User',NULL,0,1,0,'2021-09-14 22:29:08','2021-09-14 22:29:08');
/*!40000 ALTER TABLE `categories` ENABLE KEYS */;
UNLOCK TABLES;

--
-- Table structure for table `contact_replies`
--

DROP TABLE IF EXISTS `contact_replies`;
/*!40101 SET @saved_cs_client     = @@character_set_client */;
/*!40101 SET character_set_client = utf8 */;
CREATE TABLE `contact_replies` (
  `id` bigint(20) unsigned NOT NULL AUTO_INCREMENT,
  `message` longtext COLLATE utf8mb4_unicode_ci NOT NULL,
  `contact_id` int(11) NOT NULL,
  `created_at` timestamp NULL DEFAULT NULL,
  `updated_at` timestamp NULL DEFAULT NULL,
  PRIMARY KEY (`id`)
) ENGINE=InnoDB DEFAULT CHARSET=utf8mb4 COLLATE=utf8mb4_unicode_ci;
/*!40101 SET character_set_client = @saved_cs_client */;

--
-- Dumping data for table `contact_replies`
--

LOCK TABLES `contact_replies` WRITE;
/*!40000 ALTER TABLE `contact_replies` DISABLE KEYS */;
/*!40000 ALTER TABLE `contact_replies` ENABLE KEYS */;
UNLOCK TABLES;

--
-- Table structure for table `contacts`
--

DROP TABLE IF EXISTS `contacts`;
/*!40101 SET @saved_cs_client     = @@character_set_client */;
/*!40101 SET character_set_client = utf8 */;
CREATE TABLE `contacts` (
  `id` bigint(20) unsigned NOT NULL AUTO_INCREMENT,
  `name` varchar(60) COLLATE utf8mb4_unicode_ci NOT NULL,
  `email` varchar(60) COLLATE utf8mb4_unicode_ci NOT NULL,
  `phone` varchar(60) COLLATE utf8mb4_unicode_ci DEFAULT NULL,
  `address` varchar(120) COLLATE utf8mb4_unicode_ci DEFAULT NULL,
  `subject` varchar(120) COLLATE utf8mb4_unicode_ci DEFAULT NULL,
  `content` longtext COLLATE utf8mb4_unicode_ci NOT NULL,
  `status` varchar(60) COLLATE utf8mb4_unicode_ci NOT NULL DEFAULT 'unread',
  `created_at` timestamp NULL DEFAULT NULL,
  `updated_at` timestamp NULL DEFAULT NULL,
  PRIMARY KEY (`id`)
) ENGINE=InnoDB DEFAULT CHARSET=utf8mb4 COLLATE=utf8mb4_unicode_ci;
/*!40101 SET character_set_client = @saved_cs_client */;

--
-- Dumping data for table `contacts`
--

LOCK TABLES `contacts` WRITE;
/*!40000 ALTER TABLE `contacts` DISABLE KEYS */;
/*!40000 ALTER TABLE `contacts` ENABLE KEYS */;
UNLOCK TABLES;

--
-- Table structure for table `dashboard_widget_settings`
--

DROP TABLE IF EXISTS `dashboard_widget_settings`;
/*!40101 SET @saved_cs_client     = @@character_set_client */;
/*!40101 SET character_set_client = utf8 */;
CREATE TABLE `dashboard_widget_settings` (
  `id` bigint(20) unsigned NOT NULL AUTO_INCREMENT,
  `settings` text COLLATE utf8mb4_unicode_ci,
  `user_id` int(10) unsigned NOT NULL,
  `widget_id` int(10) unsigned NOT NULL,
  `order` tinyint(3) unsigned NOT NULL DEFAULT '0',
  `status` tinyint(3) unsigned NOT NULL DEFAULT '1',
  `created_at` timestamp NULL DEFAULT NULL,
  `updated_at` timestamp NULL DEFAULT NULL,
  PRIMARY KEY (`id`),
  KEY `dashboard_widget_settings_user_id_index` (`user_id`),
  KEY `dashboard_widget_settings_widget_id_index` (`widget_id`)
) ENGINE=InnoDB DEFAULT CHARSET=utf8mb4 COLLATE=utf8mb4_unicode_ci;
/*!40101 SET character_set_client = @saved_cs_client */;

--
-- Dumping data for table `dashboard_widget_settings`
--

LOCK TABLES `dashboard_widget_settings` WRITE;
/*!40000 ALTER TABLE `dashboard_widget_settings` DISABLE KEYS */;
/*!40000 ALTER TABLE `dashboard_widget_settings` ENABLE KEYS */;
UNLOCK TABLES;

--
-- Table structure for table `dashboard_widgets`
--

DROP TABLE IF EXISTS `dashboard_widgets`;
/*!40101 SET @saved_cs_client     = @@character_set_client */;
/*!40101 SET character_set_client = utf8 */;
CREATE TABLE `dashboard_widgets` (
  `id` bigint(20) unsigned NOT NULL AUTO_INCREMENT,
  `name` varchar(120) COLLATE utf8mb4_unicode_ci NOT NULL,
  `created_at` timestamp NULL DEFAULT NULL,
  `updated_at` timestamp NULL DEFAULT NULL,
  PRIMARY KEY (`id`)
) ENGINE=InnoDB DEFAULT CHARSET=utf8mb4 COLLATE=utf8mb4_unicode_ci;
/*!40101 SET character_set_client = @saved_cs_client */;

--
-- Dumping data for table `dashboard_widgets`
--

LOCK TABLES `dashboard_widgets` WRITE;
/*!40000 ALTER TABLE `dashboard_widgets` DISABLE KEYS */;
/*!40000 ALTER TABLE `dashboard_widgets` ENABLE KEYS */;
UNLOCK TABLES;

--
-- Table structure for table `ec_brands`
--

DROP TABLE IF EXISTS `ec_brands`;
/*!40101 SET @saved_cs_client     = @@character_set_client */;
/*!40101 SET character_set_client = utf8 */;
CREATE TABLE `ec_brands` (
  `id` bigint(20) unsigned NOT NULL AUTO_INCREMENT,
  `name` varchar(191) COLLATE utf8mb4_unicode_ci NOT NULL,
  `description` mediumtext COLLATE utf8mb4_unicode_ci,
  `website` varchar(255) COLLATE utf8mb4_unicode_ci DEFAULT NULL,
  `logo` varchar(255) COLLATE utf8mb4_unicode_ci DEFAULT NULL,
  `status` varchar(60) COLLATE utf8mb4_unicode_ci NOT NULL DEFAULT 'published',
  `order` tinyint(3) unsigned NOT NULL DEFAULT '0',
  `is_featured` tinyint(3) unsigned NOT NULL DEFAULT '0',
  `created_at` timestamp NULL DEFAULT NULL,
  `updated_at` timestamp NULL DEFAULT NULL,
  PRIMARY KEY (`id`)
) ENGINE=InnoDB AUTO_INCREMENT=8 DEFAULT CHARSET=utf8mb4 COLLATE=utf8mb4_unicode_ci;
/*!40101 SET character_set_client = @saved_cs_client */;

--
-- Dumping data for table `ec_brands`
--

LOCK TABLES `ec_brands` WRITE;
/*!40000 ALTER TABLE `ec_brands` DISABLE KEYS */;
INSERT INTO `ec_brands` VALUES (1,'Fashion live',NULL,NULL,'brands/1.png','published',0,1,'2021-09-14 22:28:08','2021-09-14 22:28:08'),(2,'Hand crafted',NULL,NULL,'brands/2.png','published',1,1,'2021-09-14 22:28:08','2021-09-14 22:28:08'),(3,'Mestonix',NULL,NULL,'brands/3.png','published',2,1,'2021-09-14 22:28:08','2021-09-14 22:28:08'),(4,'Sunshine',NULL,NULL,'brands/4.png','published',3,1,'2021-09-14 22:28:08','2021-09-14 22:28:08'),(5,'Pure',NULL,NULL,'brands/5.png','published',4,1,'2021-09-14 22:28:08','2021-09-14 22:28:08'),(6,'Anfold',NULL,NULL,'brands/6.png','published',5,1,'2021-09-14 22:28:08','2021-09-14 22:28:08'),(7,'Automotive',NULL,NULL,'brands/7.png','published',6,1,'2021-09-14 22:28:08','2021-09-14 22:28:08');
/*!40000 ALTER TABLE `ec_brands` ENABLE KEYS */;
UNLOCK TABLES;

--
-- Table structure for table `ec_brands_translations`
--

DROP TABLE IF EXISTS `ec_brands_translations`;
/*!40101 SET @saved_cs_client     = @@character_set_client */;
/*!40101 SET character_set_client = utf8 */;
CREATE TABLE `ec_brands_translations` (
  `lang_code` varchar(191) COLLATE utf8mb4_unicode_ci NOT NULL,
  `ec_brands_id` int(11) NOT NULL,
  `name` varchar(191) COLLATE utf8mb4_unicode_ci DEFAULT NULL,
  `description` varchar(191) COLLATE utf8mb4_unicode_ci DEFAULT NULL,
  PRIMARY KEY (`lang_code`,`ec_brands_id`)
) ENGINE=InnoDB DEFAULT CHARSET=utf8mb4 COLLATE=utf8mb4_unicode_ci;
/*!40101 SET character_set_client = @saved_cs_client */;

--
-- Dumping data for table `ec_brands_translations`
--

LOCK TABLES `ec_brands_translations` WRITE;
/*!40000 ALTER TABLE `ec_brands_translations` DISABLE KEYS */;
INSERT INTO `ec_brands_translations` VALUES ('vi',1,'Fashion live',NULL),('vi',2,'Hand crafted',NULL),('vi',3,'Mestonix',NULL),('vi',4,'Sunshine',NULL),('vi',5,'Pure',NULL),('vi',6,'Anfold',NULL),('vi',7,'Automotive',NULL);
/*!40000 ALTER TABLE `ec_brands_translations` ENABLE KEYS */;
UNLOCK TABLES;

--
-- Table structure for table `ec_cart`
--

DROP TABLE IF EXISTS `ec_cart`;
/*!40101 SET @saved_cs_client     = @@character_set_client */;
/*!40101 SET character_set_client = utf8 */;
CREATE TABLE `ec_cart` (
  `identifier` varchar(191) COLLATE utf8mb4_unicode_ci NOT NULL,
  `instance` varchar(191) COLLATE utf8mb4_unicode_ci NOT NULL,
  `content` longtext COLLATE utf8mb4_unicode_ci NOT NULL,
  `created_at` timestamp NULL DEFAULT NULL,
  `updated_at` timestamp NULL DEFAULT NULL,
  PRIMARY KEY (`identifier`,`instance`)
) ENGINE=InnoDB DEFAULT CHARSET=utf8mb4 COLLATE=utf8mb4_unicode_ci;
/*!40101 SET character_set_client = @saved_cs_client */;

--
-- Dumping data for table `ec_cart`
--

LOCK TABLES `ec_cart` WRITE;
/*!40000 ALTER TABLE `ec_cart` DISABLE KEYS */;
/*!40000 ALTER TABLE `ec_cart` ENABLE KEYS */;
UNLOCK TABLES;

--
-- Table structure for table `ec_currencies`
--

DROP TABLE IF EXISTS `ec_currencies`;
/*!40101 SET @saved_cs_client     = @@character_set_client */;
/*!40101 SET character_set_client = utf8 */;
CREATE TABLE `ec_currencies` (
  `id` bigint(20) unsigned NOT NULL AUTO_INCREMENT,
  `title` varchar(191) COLLATE utf8mb4_unicode_ci NOT NULL,
  `symbol` varchar(10) COLLATE utf8mb4_unicode_ci NOT NULL,
  `is_prefix_symbol` tinyint(3) unsigned NOT NULL DEFAULT '0',
  `decimals` tinyint(3) unsigned DEFAULT '0',
  `order` int(10) unsigned DEFAULT '0',
  `is_default` tinyint(4) NOT NULL DEFAULT '0',
  `exchange_rate` double NOT NULL DEFAULT '1',
  `created_at` timestamp NULL DEFAULT NULL,
  `updated_at` timestamp NULL DEFAULT NULL,
  PRIMARY KEY (`id`)
) ENGINE=InnoDB AUTO_INCREMENT=4 DEFAULT CHARSET=utf8mb4 COLLATE=utf8mb4_unicode_ci;
/*!40101 SET character_set_client = @saved_cs_client */;

--
-- Dumping data for table `ec_currencies`
--

LOCK TABLES `ec_currencies` WRITE;
/*!40000 ALTER TABLE `ec_currencies` DISABLE KEYS */;
INSERT INTO `ec_currencies` VALUES (1,'USD','$',1,2,0,1,1,'2021-09-14 22:28:08','2021-09-14 22:28:08'),(2,'EUR','€',0,2,1,0,0.84,'2021-09-14 22:28:08','2021-09-14 22:28:08'),(3,'VND','₫',0,0,2,0,23203,'2021-09-14 22:28:08','2021-09-14 22:28:08');
/*!40000 ALTER TABLE `ec_currencies` ENABLE KEYS */;
UNLOCK TABLES;

--
-- Table structure for table `ec_customer_addresses`
--

DROP TABLE IF EXISTS `ec_customer_addresses`;
/*!40101 SET @saved_cs_client     = @@character_set_client */;
/*!40101 SET character_set_client = utf8 */;
CREATE TABLE `ec_customer_addresses` (
  `id` bigint(20) unsigned NOT NULL AUTO_INCREMENT,
  `name` varchar(191) COLLATE utf8mb4_unicode_ci NOT NULL,
  `email` varchar(60) COLLATE utf8mb4_unicode_ci DEFAULT NULL,
  `phone` varchar(191) COLLATE utf8mb4_unicode_ci NOT NULL,
  `country` varchar(120) COLLATE utf8mb4_unicode_ci DEFAULT NULL,
  `state` varchar(120) COLLATE utf8mb4_unicode_ci DEFAULT NULL,
  `city` varchar(120) COLLATE utf8mb4_unicode_ci DEFAULT NULL,
  `address` varchar(191) COLLATE utf8mb4_unicode_ci NOT NULL,
  `customer_id` int(10) unsigned NOT NULL,
  `is_default` tinyint(3) unsigned NOT NULL DEFAULT '0',
  `created_at` timestamp NULL DEFAULT NULL,
  `updated_at` timestamp NULL DEFAULT NULL,
  `zip_code` varchar(20) COLLATE utf8mb4_unicode_ci DEFAULT NULL,
  PRIMARY KEY (`id`)
) ENGINE=InnoDB AUTO_INCREMENT=13 DEFAULT CHARSET=utf8mb4 COLLATE=utf8mb4_unicode_ci;
/*!40101 SET character_set_client = @saved_cs_client */;

--
-- Dumping data for table `ec_customer_addresses`
--

LOCK TABLES `ec_customer_addresses` WRITE;
/*!40000 ALTER TABLE `ec_customer_addresses` DISABLE KEYS */;
INSERT INTO `ec_customer_addresses` VALUES (1,'John Smith','john.smith@botble.com','+13600299326','ZM','District of Columbia','Lake Delphine','85511 Cathrine Knolls',1,1,'2021-09-14 22:28:13','2021-09-14 22:28:13','86253-6642'),(2,'John Smith','john.smith@botble.com','+19125334299','FJ','Vermont','North Magdalenastad','594 Runolfsdottir Parkways Suite 556',1,0,'2021-09-14 22:28:13','2021-09-14 22:28:13','50467'),(3,'Terrill Kassulke MD','lura.harber@example.net','+17816400214','PN','Georgia','Hyattborough','8749 Okey Ramp Suite 722',2,1,'2021-09-14 22:28:13','2021-09-14 22:28:13','81692'),(4,'Lolita Boyle','camilla79@example.org','+15209907037','RO','Ohio','Ferrytown','27838 Paris Oval Suite 801',3,1,'2021-09-14 22:28:13','2021-09-14 22:28:13','15289'),(5,'Prof. Sheila Pfeffer MD','deckow.bettie@example.com','+18042519480','GU','New Jersey','Willisville','5627 McGlynn Via',4,1,'2021-09-14 22:28:14','2021-09-14 22:28:14','99798-7649'),(6,'Prof. Wendy Kunze Sr.','tdonnelly@example.org','+18622271536','NA','Michigan','Port Rocio','8810 Weimann Falls',5,1,'2021-09-14 22:28:14','2021-09-14 22:28:14','44577'),(7,'Itzel Marquardt','sipes.brittany@example.net','+19569531171','GS','Alabama','South Kody','1356 Hope Park',6,1,'2021-09-14 22:28:14','2021-09-14 22:28:14','24620-7939'),(8,'Gordon Quitzon','strosin.alverta@example.com','+17182242911','IO','Michigan','East Antonettefort','570 Charles Ports',7,1,'2021-09-14 22:28:15','2021-09-14 22:28:15','96314'),(9,'Erick Nolan','schimmel.otis@example.net','+19199151674','MN','South Carolina','Port Nellie','99286 Rutherford Courts Apt. 903',8,1,'2021-09-14 22:28:15','2021-09-14 22:28:15','47012-8131'),(10,'Teresa Bosco','stefan.mcdermott@example.org','+13319864482','CM','Virginia','Ricochester','590 O\'Connell Estate',9,1,'2021-09-14 22:28:15','2021-09-14 22:28:15','24223-1394'),(11,'Shaylee O\'Conner DVM','charity.dickinson@example.org','+13464330212','ID','Rhode Island','Port Luzborough','5926 Kellie Plain Suite 302',10,1,'2021-09-14 22:28:15','2021-09-14 22:28:15','62965-7835'),(12,'Prof. Arne Beahan DVM','marco97@example.net','+17869789879','PN','West Virginia','Lake Brionnaberg','6462 Carson Ranch Apt. 367',11,1,'2021-09-14 22:28:16','2021-09-14 22:28:16','98624-4521');
/*!40000 ALTER TABLE `ec_customer_addresses` ENABLE KEYS */;
UNLOCK TABLES;

--
-- Table structure for table `ec_customer_password_resets`
--

DROP TABLE IF EXISTS `ec_customer_password_resets`;
/*!40101 SET @saved_cs_client     = @@character_set_client */;
/*!40101 SET character_set_client = utf8 */;
CREATE TABLE `ec_customer_password_resets` (
  `email` varchar(191) COLLATE utf8mb4_unicode_ci NOT NULL,
  `token` varchar(191) COLLATE utf8mb4_unicode_ci NOT NULL,
  `created_at` timestamp NULL DEFAULT NULL,
  KEY `ec_customer_password_resets_email_index` (`email`),
  KEY `ec_customer_password_resets_token_index` (`token`)
) ENGINE=InnoDB DEFAULT CHARSET=utf8mb4 COLLATE=utf8mb4_unicode_ci;
/*!40101 SET character_set_client = @saved_cs_client */;

--
-- Dumping data for table `ec_customer_password_resets`
--

LOCK TABLES `ec_customer_password_resets` WRITE;
/*!40000 ALTER TABLE `ec_customer_password_resets` DISABLE KEYS */;
/*!40000 ALTER TABLE `ec_customer_password_resets` ENABLE KEYS */;
UNLOCK TABLES;

--
-- Table structure for table `ec_customers`
--

DROP TABLE IF EXISTS `ec_customers`;
/*!40101 SET @saved_cs_client     = @@character_set_client */;
/*!40101 SET character_set_client = utf8 */;
CREATE TABLE `ec_customers` (
  `id` bigint(20) unsigned NOT NULL AUTO_INCREMENT,
  `name` varchar(191) COLLATE utf8mb4_unicode_ci NOT NULL,
  `email` varchar(191) COLLATE utf8mb4_unicode_ci NOT NULL,
  `password` varchar(191) COLLATE utf8mb4_unicode_ci NOT NULL,
  `avatar` varchar(255) COLLATE utf8mb4_unicode_ci DEFAULT NULL,
  `dob` date DEFAULT NULL,
  `phone` varchar(25) COLLATE utf8mb4_unicode_ci DEFAULT NULL,
  `remember_token` varchar(100) COLLATE utf8mb4_unicode_ci DEFAULT NULL,
  `created_at` timestamp NULL DEFAULT NULL,
  `updated_at` timestamp NULL DEFAULT NULL,
  `confirmed_at` datetime DEFAULT NULL,
  `email_verify_token` varchar(120) COLLATE utf8mb4_unicode_ci DEFAULT NULL,
  `status` varchar(60) COLLATE utf8mb4_unicode_ci NOT NULL DEFAULT 'activated',
  PRIMARY KEY (`id`),
  UNIQUE KEY `ec_customers_email_unique` (`email`)
) ENGINE=InnoDB AUTO_INCREMENT=12 DEFAULT CHARSET=utf8mb4 COLLATE=utf8mb4_unicode_ci;
/*!40101 SET character_set_client = @saved_cs_client */;

--
-- Dumping data for table `ec_customers`
--

LOCK TABLES `ec_customers` WRITE;
/*!40000 ALTER TABLE `ec_customers` DISABLE KEYS */;
INSERT INTO `ec_customers` VALUES (1,'John Smith','john.smith@botble.com','$2y$10$LP.0gJR11TpgqvO9xgAfluoU1nIQR0FsXrSXl3GrxSWliDYSSysKy','customers/1.jpg',NULL,'+19709805317',NULL,'2021-09-14 22:28:13','2021-09-14 22:28:13','2021-09-15 05:28:13',NULL,'activated'),(2,'Terrill Kassulke MD','lura.harber@example.net','$2y$10$hdm2a9pdVFktuXHak.IMJ.GumO/e3tDH3BQ.RyTmFkXyLHDRTGTRm','customers/1.jpg',NULL,'+16782714989',NULL,'2021-09-14 22:28:13','2021-09-14 22:28:13','2021-09-15 05:28:13',NULL,'activated'),(3,'Lolita Boyle','camilla79@example.org','$2y$10$3RYYxhY9NFCV/d7fK22Hx.7BbdZR4eDX1j/A1II69SvAg4ssXJ9qC','customers/2.jpg',NULL,'+16016844706',NULL,'2021-09-14 22:28:13','2021-09-14 22:28:13','2021-09-15 05:28:13',NULL,'activated'),(4,'Prof. Sheila Pfeffer MD','deckow.bettie@example.com','$2y$10$35J0GtN.pB2OvuVJAIAjJ.G8DSRGoyPhVxCTChYvXf/wRhfYQh9yK','customers/3.jpg',NULL,'+18170375198',NULL,'2021-09-14 22:28:14','2021-09-14 22:28:14','2021-09-15 05:28:14',NULL,'activated'),(5,'Prof. Wendy Kunze Sr.','tdonnelly@example.org','$2y$10$k/FtofGv3aTqKTPbb5uqb.ggvJ2g7nqdQM2WPhQJRKRn3.DciKNYG','customers/4.jpg',NULL,'+13012077540',NULL,'2021-09-14 22:28:14','2021-09-14 22:28:14','2021-09-15 05:28:14',NULL,'activated'),(6,'Itzel Marquardt','sipes.brittany@example.net','$2y$10$/xk5Z90UdpI0vfbSyzAZa.h782RGHLH6pC9w4frvIDLr4wXHmDjBK','customers/5.jpg',NULL,'+15093993833',NULL,'2021-09-14 22:28:14','2021-09-14 22:28:14','2021-09-15 05:28:14',NULL,'activated'),(7,'Gordon Quitzon','strosin.alverta@example.com','$2y$10$6tpscFu83l8u3aHHt1mcAe97fprYHEJdq9bBY1So7bgZ2KiCz8kGy','customers/6.jpg',NULL,'+16094374395',NULL,'2021-09-14 22:28:15','2021-09-14 22:28:15','2021-09-15 05:28:15',NULL,'activated'),(8,'Erick Nolan','schimmel.otis@example.net','$2y$10$mJsKAfibL.6xbwsdLBkPxez3/JnvPdC8E1kHUrrJTokK4ZvTAOUYu','customers/7.jpg',NULL,'+12810679090',NULL,'2021-09-14 22:28:15','2021-09-14 22:28:15','2021-09-15 05:28:15',NULL,'activated'),(9,'Teresa Bosco','stefan.mcdermott@example.org','$2y$10$lTyCr900z2pTdlaj026TluWli/L706LzmAJ3d353.UhKgDqZaA/I.','customers/8.jpg',NULL,'+19800759541',NULL,'2021-09-14 22:28:15','2021-09-14 22:28:15','2021-09-15 05:28:15',NULL,'activated'),(10,'Shaylee O\'Conner DVM','charity.dickinson@example.org','$2y$10$.qGg.S.0oUMmPZnBh12RQ..VEzH9k4pKpKosMdPWAj3wnSJgERVLm','customers/9.jpg',NULL,'+16677169705',NULL,'2021-09-14 22:28:15','2021-09-14 22:28:15','2021-09-15 05:28:15',NULL,'activated'),(11,'Prof. Arne Beahan DVM','marco97@example.net','$2y$10$aArym9ZDRW1kK.VShgLt9uAjRg6imlOrzCssjFXPDbvhSOkCg0Tiq','customers/10.jpg',NULL,'+18430029776',NULL,'2021-09-14 22:28:16','2021-09-14 22:28:16','2021-09-15 05:28:16',NULL,'activated');
/*!40000 ALTER TABLE `ec_customers` ENABLE KEYS */;
UNLOCK TABLES;

--
-- Table structure for table `ec_discount_customers`
--

DROP TABLE IF EXISTS `ec_discount_customers`;
/*!40101 SET @saved_cs_client     = @@character_set_client */;
/*!40101 SET character_set_client = utf8 */;
CREATE TABLE `ec_discount_customers` (
  `discount_id` int(10) unsigned NOT NULL,
  `customer_id` int(10) unsigned NOT NULL,
  PRIMARY KEY (`discount_id`,`customer_id`)
) ENGINE=InnoDB DEFAULT CHARSET=utf8mb4 COLLATE=utf8mb4_unicode_ci;
/*!40101 SET character_set_client = @saved_cs_client */;

--
-- Dumping data for table `ec_discount_customers`
--

LOCK TABLES `ec_discount_customers` WRITE;
/*!40000 ALTER TABLE `ec_discount_customers` DISABLE KEYS */;
/*!40000 ALTER TABLE `ec_discount_customers` ENABLE KEYS */;
UNLOCK TABLES;

--
-- Table structure for table `ec_discount_product_collections`
--

DROP TABLE IF EXISTS `ec_discount_product_collections`;
/*!40101 SET @saved_cs_client     = @@character_set_client */;
/*!40101 SET character_set_client = utf8 */;
CREATE TABLE `ec_discount_product_collections` (
  `discount_id` int(10) unsigned NOT NULL,
  `product_collection_id` int(10) unsigned NOT NULL,
  PRIMARY KEY (`discount_id`,`product_collection_id`)
) ENGINE=InnoDB DEFAULT CHARSET=utf8mb4 COLLATE=utf8mb4_unicode_ci;
/*!40101 SET character_set_client = @saved_cs_client */;

--
-- Dumping data for table `ec_discount_product_collections`
--

LOCK TABLES `ec_discount_product_collections` WRITE;
/*!40000 ALTER TABLE `ec_discount_product_collections` DISABLE KEYS */;
/*!40000 ALTER TABLE `ec_discount_product_collections` ENABLE KEYS */;
UNLOCK TABLES;

--
-- Table structure for table `ec_discount_products`
--

DROP TABLE IF EXISTS `ec_discount_products`;
/*!40101 SET @saved_cs_client     = @@character_set_client */;
/*!40101 SET character_set_client = utf8 */;
CREATE TABLE `ec_discount_products` (
  `discount_id` int(10) unsigned NOT NULL,
  `product_id` int(10) unsigned NOT NULL,
  PRIMARY KEY (`discount_id`,`product_id`)
) ENGINE=InnoDB DEFAULT CHARSET=utf8mb4 COLLATE=utf8mb4_unicode_ci;
/*!40101 SET character_set_client = @saved_cs_client */;

--
-- Dumping data for table `ec_discount_products`
--

LOCK TABLES `ec_discount_products` WRITE;
/*!40000 ALTER TABLE `ec_discount_products` DISABLE KEYS */;
/*!40000 ALTER TABLE `ec_discount_products` ENABLE KEYS */;
UNLOCK TABLES;

--
-- Table structure for table `ec_discounts`
--

DROP TABLE IF EXISTS `ec_discounts`;
/*!40101 SET @saved_cs_client     = @@character_set_client */;
/*!40101 SET character_set_client = utf8 */;
CREATE TABLE `ec_discounts` (
  `id` bigint(20) unsigned NOT NULL AUTO_INCREMENT,
  `title` varchar(120) COLLATE utf8mb4_unicode_ci DEFAULT NULL,
  `code` varchar(20) COLLATE utf8mb4_unicode_ci DEFAULT NULL,
  `start_date` datetime DEFAULT NULL,
  `end_date` datetime DEFAULT NULL,
  `quantity` int(11) DEFAULT NULL,
  `total_used` int(10) unsigned NOT NULL DEFAULT '0',
  `value` double DEFAULT NULL,
  `type` varchar(60) COLLATE utf8mb4_unicode_ci DEFAULT 'coupon',
  `can_use_with_promotion` tinyint(1) NOT NULL DEFAULT '0',
  `discount_on` varchar(20) COLLATE utf8mb4_unicode_ci DEFAULT NULL,
  `product_quantity` int(10) unsigned DEFAULT NULL,
  `type_option` varchar(100) COLLATE utf8mb4_unicode_ci NOT NULL DEFAULT 'amount',
  `target` varchar(100) COLLATE utf8mb4_unicode_ci NOT NULL DEFAULT 'all-orders',
  `min_order_price` decimal(15,2) DEFAULT NULL,
  `created_at` timestamp NULL DEFAULT NULL,
  `updated_at` timestamp NULL DEFAULT NULL,
  PRIMARY KEY (`id`),
  UNIQUE KEY `ec_discounts_code_unique` (`code`)
) ENGINE=InnoDB DEFAULT CHARSET=utf8mb4 COLLATE=utf8mb4_unicode_ci;
/*!40101 SET character_set_client = @saved_cs_client */;

--
-- Dumping data for table `ec_discounts`
--

LOCK TABLES `ec_discounts` WRITE;
/*!40000 ALTER TABLE `ec_discounts` DISABLE KEYS */;
/*!40000 ALTER TABLE `ec_discounts` ENABLE KEYS */;
UNLOCK TABLES;

--
-- Table structure for table `ec_flash_sale_products`
--

DROP TABLE IF EXISTS `ec_flash_sale_products`;
/*!40101 SET @saved_cs_client     = @@character_set_client */;
/*!40101 SET character_set_client = utf8 */;
CREATE TABLE `ec_flash_sale_products` (
  `flash_sale_id` int(10) unsigned NOT NULL,
  `product_id` int(10) unsigned NOT NULL,
  `price` double unsigned DEFAULT NULL,
  `quantity` int(10) unsigned DEFAULT NULL,
  `sold` int(10) unsigned NOT NULL DEFAULT '0'
) ENGINE=InnoDB DEFAULT CHARSET=utf8mb4 COLLATE=utf8mb4_unicode_ci;
/*!40101 SET character_set_client = @saved_cs_client */;

--
-- Dumping data for table `ec_flash_sale_products`
--

LOCK TABLES `ec_flash_sale_products` WRITE;
/*!40000 ALTER TABLE `ec_flash_sale_products` DISABLE KEYS */;
INSERT INTO `ec_flash_sale_products` VALUES (1,22,90.48,18,3),(2,22,90.48,10,1);
/*!40000 ALTER TABLE `ec_flash_sale_products` ENABLE KEYS */;
UNLOCK TABLES;

--
-- Table structure for table `ec_flash_sales`
--

DROP TABLE IF EXISTS `ec_flash_sales`;
/*!40101 SET @saved_cs_client     = @@character_set_client */;
/*!40101 SET character_set_client = utf8 */;
CREATE TABLE `ec_flash_sales` (
  `id` bigint(20) unsigned NOT NULL AUTO_INCREMENT,
  `name` varchar(255) COLLATE utf8mb4_unicode_ci NOT NULL,
  `end_date` datetime NOT NULL,
  `status` varchar(60) COLLATE utf8mb4_unicode_ci NOT NULL DEFAULT 'published',
  `created_at` timestamp NULL DEFAULT NULL,
  `updated_at` timestamp NULL DEFAULT NULL,
  PRIMARY KEY (`id`)
) ENGINE=InnoDB AUTO_INCREMENT=3 DEFAULT CHARSET=utf8mb4 COLLATE=utf8mb4_unicode_ci;
/*!40101 SET character_set_client = @saved_cs_client */;

--
-- Dumping data for table `ec_flash_sales`
--

LOCK TABLES `ec_flash_sales` WRITE;
/*!40000 ALTER TABLE `ec_flash_sales` DISABLE KEYS */;
INSERT INTO `ec_flash_sales` VALUES (1,'Deal of the Day.','2021-09-30 00:00:00','published','2021-09-14 22:29:02','2021-09-14 22:29:02'),(2,'Gadgets & Accessories','2021-10-12 00:00:00','published','2021-09-14 22:29:02','2021-09-14 22:29:02');
/*!40000 ALTER TABLE `ec_flash_sales` ENABLE KEYS */;
UNLOCK TABLES;

--
-- Table structure for table `ec_flash_sales_translations`
--

DROP TABLE IF EXISTS `ec_flash_sales_translations`;
/*!40101 SET @saved_cs_client     = @@character_set_client */;
/*!40101 SET character_set_client = utf8 */;
CREATE TABLE `ec_flash_sales_translations` (
  `lang_code` varchar(191) COLLATE utf8mb4_unicode_ci NOT NULL,
  `ec_flash_sales_id` int(11) NOT NULL,
  `name` varchar(191) COLLATE utf8mb4_unicode_ci DEFAULT NULL,
  PRIMARY KEY (`lang_code`,`ec_flash_sales_id`)
) ENGINE=InnoDB DEFAULT CHARSET=utf8mb4 COLLATE=utf8mb4_unicode_ci;
/*!40101 SET character_set_client = @saved_cs_client */;

--
-- Dumping data for table `ec_flash_sales_translations`
--

LOCK TABLES `ec_flash_sales_translations` WRITE;
/*!40000 ALTER TABLE `ec_flash_sales_translations` DISABLE KEYS */;
INSERT INTO `ec_flash_sales_translations` VALUES ('vi',1,'Khuyến mãi trong ngày.'),('vi',2,'Tiện ích & Phụ kiện');
/*!40000 ALTER TABLE `ec_flash_sales_translations` ENABLE KEYS */;
UNLOCK TABLES;

--
-- Table structure for table `ec_grouped_products`
--

DROP TABLE IF EXISTS `ec_grouped_products`;
/*!40101 SET @saved_cs_client     = @@character_set_client */;
/*!40101 SET character_set_client = utf8 */;
CREATE TABLE `ec_grouped_products` (
  `id` bigint(20) unsigned NOT NULL AUTO_INCREMENT,
  `parent_product_id` int(10) unsigned NOT NULL,
  `product_id` int(10) unsigned NOT NULL,
  `fixed_qty` int(11) NOT NULL DEFAULT '1',
  PRIMARY KEY (`id`)
) ENGINE=InnoDB DEFAULT CHARSET=utf8mb4 COLLATE=utf8mb4_unicode_ci;
/*!40101 SET character_set_client = @saved_cs_client */;

--
-- Dumping data for table `ec_grouped_products`
--

LOCK TABLES `ec_grouped_products` WRITE;
/*!40000 ALTER TABLE `ec_grouped_products` DISABLE KEYS */;
/*!40000 ALTER TABLE `ec_grouped_products` ENABLE KEYS */;
UNLOCK TABLES;

--
-- Table structure for table `ec_order_addresses`
--

DROP TABLE IF EXISTS `ec_order_addresses`;
/*!40101 SET @saved_cs_client     = @@character_set_client */;
/*!40101 SET character_set_client = utf8 */;
CREATE TABLE `ec_order_addresses` (
  `id` bigint(20) unsigned NOT NULL AUTO_INCREMENT,
  `name` varchar(191) COLLATE utf8mb4_unicode_ci NOT NULL,
  `phone` varchar(20) COLLATE utf8mb4_unicode_ci DEFAULT NULL,
  `email` varchar(191) COLLATE utf8mb4_unicode_ci DEFAULT NULL,
  `country` varchar(120) COLLATE utf8mb4_unicode_ci DEFAULT NULL,
  `state` varchar(120) COLLATE utf8mb4_unicode_ci DEFAULT NULL,
  `city` varchar(120) COLLATE utf8mb4_unicode_ci DEFAULT NULL,
  `address` varchar(255) COLLATE utf8mb4_unicode_ci DEFAULT NULL,
  `order_id` int(10) unsigned NOT NULL,
  `zip_code` varchar(20) COLLATE utf8mb4_unicode_ci DEFAULT NULL,
  PRIMARY KEY (`id`)
) ENGINE=InnoDB AUTO_INCREMENT=21 DEFAULT CHARSET=utf8mb4 COLLATE=utf8mb4_unicode_ci;
/*!40101 SET character_set_client = @saved_cs_client */;

--
-- Dumping data for table `ec_order_addresses`
--

LOCK TABLES `ec_order_addresses` WRITE;
/*!40000 ALTER TABLE `ec_order_addresses` DISABLE KEYS */;
INSERT INTO `ec_order_addresses` VALUES (1,'Terrill Kassulke MD','+17816400214','lura.harber@example.net','PN','Georgia','Hyattborough','8749 Okey Ramp Suite 722',1,'81692'),(2,'Prof. Sheila Pfeffer MD','+18042519480','deckow.bettie@example.com','GU','New Jersey','Willisville','5627 McGlynn Via',2,'99798-7649'),(3,'Prof. Arne Beahan DVM','+17869789879','marco97@example.net','PN','West Virginia','Lake Brionnaberg','6462 Carson Ranch Apt. 367',3,'98624-4521'),(4,'Lolita Boyle','+15209907037','camilla79@example.org','RO','Ohio','Ferrytown','27838 Paris Oval Suite 801',4,'15289'),(5,'Shaylee O\'Conner DVM','+13464330212','charity.dickinson@example.org','ID','Rhode Island','Port Luzborough','5926 Kellie Plain Suite 302',5,'62965-7835'),(6,'Prof. Wendy Kunze Sr.','+18622271536','tdonnelly@example.org','NA','Michigan','Port Rocio','8810 Weimann Falls',6,'44577'),(7,'Lolita Boyle','+15209907037','camilla79@example.org','RO','Ohio','Ferrytown','27838 Paris Oval Suite 801',7,'15289'),(8,'Itzel Marquardt','+19569531171','sipes.brittany@example.net','GS','Alabama','South Kody','1356 Hope Park',8,'24620-7939'),(9,'Teresa Bosco','+13319864482','stefan.mcdermott@example.org','CM','Virginia','Ricochester','590 O\'Connell Estate',9,'24223-1394'),(10,'Teresa Bosco','+13319864482','stefan.mcdermott@example.org','CM','Virginia','Ricochester','590 O\'Connell Estate',10,'24223-1394'),(11,'Gordon Quitzon','+17182242911','strosin.alverta@example.com','IO','Michigan','East Antonettefort','570 Charles Ports',11,'96314'),(12,'Prof. Sheila Pfeffer MD','+18042519480','deckow.bettie@example.com','GU','New Jersey','Willisville','5627 McGlynn Via',12,'99798-7649'),(13,'Terrill Kassulke MD','+17816400214','lura.harber@example.net','PN','Georgia','Hyattborough','8749 Okey Ramp Suite 722',13,'81692'),(14,'Shaylee O\'Conner DVM','+13464330212','charity.dickinson@example.org','ID','Rhode Island','Port Luzborough','5926 Kellie Plain Suite 302',14,'62965-7835'),(15,'Prof. Sheila Pfeffer MD','+18042519480','deckow.bettie@example.com','GU','New Jersey','Willisville','5627 McGlynn Via',15,'99798-7649'),(16,'Prof. Arne Beahan DVM','+17869789879','marco97@example.net','PN','West Virginia','Lake Brionnaberg','6462 Carson Ranch Apt. 367',16,'98624-4521'),(17,'Shaylee O\'Conner DVM','+13464330212','charity.dickinson@example.org','ID','Rhode Island','Port Luzborough','5926 Kellie Plain Suite 302',17,'62965-7835'),(18,'Prof. Sheila Pfeffer MD','+18042519480','deckow.bettie@example.com','GU','New Jersey','Willisville','5627 McGlynn Via',18,'99798-7649'),(19,'Gordon Quitzon','+17182242911','strosin.alverta@example.com','IO','Michigan','East Antonettefort','570 Charles Ports',19,'96314'),(20,'Itzel Marquardt','+19569531171','sipes.brittany@example.net','GS','Alabama','South Kody','1356 Hope Park',20,'24620-7939');
/*!40000 ALTER TABLE `ec_order_addresses` ENABLE KEYS */;
UNLOCK TABLES;

--
-- Table structure for table `ec_order_histories`
--

DROP TABLE IF EXISTS `ec_order_histories`;
/*!40101 SET @saved_cs_client     = @@character_set_client */;
/*!40101 SET character_set_client = utf8 */;
CREATE TABLE `ec_order_histories` (
  `id` bigint(20) unsigned NOT NULL AUTO_INCREMENT,
  `action` varchar(120) COLLATE utf8mb4_unicode_ci NOT NULL,
  `description` varchar(255) COLLATE utf8mb4_unicode_ci NOT NULL,
  `user_id` int(10) unsigned DEFAULT NULL,
  `order_id` int(10) unsigned NOT NULL,
  `extras` text COLLATE utf8mb4_unicode_ci,
  `created_at` timestamp NULL DEFAULT NULL,
  `updated_at` timestamp NULL DEFAULT NULL,
  PRIMARY KEY (`id`)
) ENGINE=InnoDB AUTO_INCREMENT=95 DEFAULT CHARSET=utf8mb4 COLLATE=utf8mb4_unicode_ci;
/*!40101 SET character_set_client = @saved_cs_client */;

--
-- Dumping data for table `ec_order_histories`
--

LOCK TABLES `ec_order_histories` WRITE;
/*!40000 ALTER TABLE `ec_order_histories` DISABLE KEYS */;
INSERT INTO `ec_order_histories` VALUES (1,'create_order_from_seeder','Order is created from the checkout page',NULL,1,NULL,'2021-08-29 06:29:02','2021-08-29 06:29:02'),(2,'confirm_order','Order was verified by %user_name%',0,1,NULL,'2021-08-29 06:29:02','2021-08-29 06:29:02'),(3,'confirm_payment','Payment was confirmed (amount $895.40) by %user_name%',0,1,NULL,'2021-09-14 22:29:02','2021-09-14 22:29:02'),(4,'create_shipment','Created shipment for order',0,1,NULL,'2021-09-14 22:29:02','2021-09-14 22:29:02'),(5,'create_order_from_seeder','Order is created from the checkout page',NULL,2,NULL,'2021-08-30 02:29:02','2021-08-30 02:29:02'),(6,'confirm_order','Order was verified by %user_name%',0,2,NULL,'2021-08-30 02:29:02','2021-08-30 02:29:02'),(7,'create_shipment','Created shipment for order',0,2,NULL,'2021-09-14 22:29:02','2021-09-14 22:29:02'),(8,'update_status','Changed status of shipping to : Delivered . Updated by: %user_name%',0,2,NULL,'2021-09-14 22:29:02','2021-09-14 22:29:02'),(9,'create_order_from_seeder','Order is created from the checkout page',NULL,3,NULL,'2021-09-13 10:29:02','2021-09-13 10:29:02'),(10,'confirm_order','Order was verified by %user_name%',0,3,NULL,'2021-09-13 10:29:02','2021-09-13 10:29:02'),(11,'confirm_payment','Payment was confirmed (amount $977.90) by %user_name%',0,3,NULL,'2021-09-14 22:29:02','2021-09-14 22:29:02'),(12,'create_shipment','Created shipment for order',0,3,NULL,'2021-09-14 22:29:02','2021-09-14 22:29:02'),(13,'update_status','Changed status of shipping to : Delivered . Updated by: %user_name%',0,3,NULL,'2021-09-14 22:29:02','2021-09-14 22:29:02'),(14,'create_order_from_seeder','Order is created from the checkout page',NULL,4,NULL,'2021-09-07 20:29:02','2021-09-07 20:29:02'),(15,'confirm_order','Order was verified by %user_name%',0,4,NULL,'2021-09-07 20:29:02','2021-09-07 20:29:02'),(16,'confirm_payment','Payment was confirmed (amount $2,022.90) by %user_name%',0,4,NULL,'2021-09-14 22:29:02','2021-09-14 22:29:02'),(17,'create_shipment','Created shipment for order',0,4,NULL,'2021-09-14 22:29:02','2021-09-14 22:29:02'),(18,'create_order_from_seeder','Order is created from the checkout page',NULL,5,NULL,'2021-09-08 06:29:02','2021-09-08 06:29:02'),(19,'confirm_order','Order was verified by %user_name%',0,5,NULL,'2021-09-08 06:29:02','2021-09-08 06:29:02'),(20,'confirm_payment','Payment was confirmed (amount $1,134.60) by %user_name%',0,5,NULL,'2021-09-14 22:29:02','2021-09-14 22:29:02'),(21,'create_shipment','Created shipment for order',0,5,NULL,'2021-09-14 22:29:02','2021-09-14 22:29:02'),(22,'create_order_from_seeder','Order is created from the checkout page',NULL,6,NULL,'2021-09-03 16:29:02','2021-09-03 16:29:02'),(23,'confirm_order','Order was verified by %user_name%',0,6,NULL,'2021-09-03 16:29:02','2021-09-03 16:29:02'),(24,'confirm_payment','Payment was confirmed (amount $1,941.50) by %user_name%',0,6,NULL,'2021-09-14 22:29:02','2021-09-14 22:29:02'),(25,'create_shipment','Created shipment for order',0,6,NULL,'2021-09-14 22:29:02','2021-09-14 22:29:02'),(26,'create_order_from_seeder','Order is created from the checkout page',NULL,7,NULL,'2021-09-04 10:29:02','2021-09-04 10:29:02'),(27,'confirm_order','Order was verified by %user_name%',0,7,NULL,'2021-09-04 10:29:02','2021-09-04 10:29:02'),(28,'confirm_payment','Payment was confirmed (amount $839.93) by %user_name%',0,7,NULL,'2021-09-14 22:29:02','2021-09-14 22:29:02'),(29,'create_shipment','Created shipment for order',0,7,NULL,'2021-09-14 22:29:02','2021-09-14 22:29:02'),(30,'update_status','Changed status of shipping to : Delivered . Updated by: %user_name%',0,7,NULL,'2021-09-14 22:29:02','2021-09-14 22:29:02'),(31,'create_order_from_seeder','Order is created from the checkout page',NULL,8,NULL,'2021-09-05 04:29:02','2021-09-05 04:29:02'),(32,'confirm_order','Order was verified by %user_name%',0,8,NULL,'2021-09-05 04:29:02','2021-09-05 04:29:02'),(33,'confirm_payment','Payment was confirmed (amount $1,066.95) by %user_name%',0,8,NULL,'2021-09-14 22:29:02','2021-09-14 22:29:02'),(34,'create_shipment','Created shipment for order',0,8,NULL,'2021-09-14 22:29:02','2021-09-14 22:29:02'),(35,'update_status','Changed status of shipping to : Delivered . Updated by: %user_name%',0,8,NULL,'2021-09-14 22:29:02','2021-09-14 22:29:02'),(36,'create_order_from_seeder','Order is created from the checkout page',NULL,9,NULL,'2021-09-06 22:29:02','2021-09-06 22:29:02'),(37,'confirm_order','Order was verified by %user_name%',0,9,NULL,'2021-09-06 22:29:02','2021-09-06 22:29:02'),(38,'confirm_payment','Payment was confirmed (amount $716.40) by %user_name%',0,9,NULL,'2021-09-14 22:29:02','2021-09-14 22:29:02'),(39,'create_shipment','Created shipment for order',0,9,NULL,'2021-09-14 22:29:02','2021-09-14 22:29:02'),(40,'update_status','Changed status of shipping to : Delivered . Updated by: %user_name%',0,9,NULL,'2021-09-14 22:29:02','2021-09-14 22:29:02'),(41,'create_order_from_seeder','Order is created from the checkout page',NULL,10,NULL,'2021-09-06 16:29:03','2021-09-06 16:29:03'),(42,'confirm_order','Order was verified by %user_name%',0,10,NULL,'2021-09-06 16:29:03','2021-09-06 16:29:03'),(43,'confirm_payment','Payment was confirmed (amount $935.83) by %user_name%',0,10,NULL,'2021-09-14 22:29:03','2021-09-14 22:29:03'),(44,'create_shipment','Created shipment for order',0,10,NULL,'2021-09-14 22:29:03','2021-09-14 22:29:03'),(45,'update_status','Changed status of shipping to : Delivered . Updated by: %user_name%',0,10,NULL,'2021-09-14 22:29:03','2021-09-14 22:29:03'),(46,'create_order_from_seeder','Order is created from the checkout page',NULL,11,NULL,'2021-09-07 10:29:03','2021-09-07 10:29:03'),(47,'confirm_order','Order was verified by %user_name%',0,11,NULL,'2021-09-07 10:29:03','2021-09-07 10:29:03'),(48,'create_shipment','Created shipment for order',0,11,NULL,'2021-09-14 22:29:03','2021-09-14 22:29:03'),(49,'update_status','Changed status of shipping to : Delivered . Updated by: %user_name%',0,11,NULL,'2021-09-14 22:29:03','2021-09-14 22:29:03'),(50,'create_order_from_seeder','Order is created from the checkout page',NULL,12,NULL,'2021-09-11 04:29:03','2021-09-11 04:29:03'),(51,'confirm_order','Order was verified by %user_name%',0,12,NULL,'2021-09-11 04:29:03','2021-09-11 04:29:03'),(52,'confirm_payment','Payment was confirmed (amount $1,041.80) by %user_name%',0,12,NULL,'2021-09-14 22:29:03','2021-09-14 22:29:03'),(53,'create_shipment','Created shipment for order',0,12,NULL,'2021-09-14 22:29:03','2021-09-14 22:29:03'),(54,'update_status','Changed status of shipping to : Delivered . Updated by: %user_name%',0,12,NULL,'2021-09-14 22:29:03','2021-09-14 22:29:03'),(55,'create_order_from_seeder','Order is created from the checkout page',NULL,13,NULL,'2021-09-10 22:29:03','2021-09-10 22:29:03'),(56,'confirm_order','Order was verified by %user_name%',0,13,NULL,'2021-09-10 22:29:03','2021-09-10 22:29:03'),(57,'confirm_payment','Payment was confirmed (amount $2,213.40) by %user_name%',0,13,NULL,'2021-09-14 22:29:03','2021-09-14 22:29:03'),(58,'create_shipment','Created shipment for order',0,13,NULL,'2021-09-14 22:29:03','2021-09-14 22:29:03'),(59,'update_status','Changed status of shipping to : Delivered . Updated by: %user_name%',0,13,NULL,'2021-09-14 22:29:03','2021-09-14 22:29:03'),(60,'create_order_from_seeder','Order is created from the checkout page',NULL,14,NULL,'2021-09-10 20:29:03','2021-09-10 20:29:03'),(61,'confirm_order','Order was verified by %user_name%',0,14,NULL,'2021-09-10 20:29:03','2021-09-10 20:29:03'),(62,'create_shipment','Created shipment for order',0,14,NULL,'2021-09-14 22:29:03','2021-09-14 22:29:03'),(63,'update_status','Changed status of shipping to : Delivered . Updated by: %user_name%',0,14,NULL,'2021-09-14 22:29:03','2021-09-14 22:29:03'),(64,'create_order_from_seeder','Order is created from the checkout page',NULL,15,NULL,'2021-09-14 10:29:03','2021-09-14 10:29:03'),(65,'confirm_order','Order was verified by %user_name%',0,15,NULL,'2021-09-14 10:29:03','2021-09-14 10:29:03'),(66,'create_shipment','Created shipment for order',0,15,NULL,'2021-09-14 22:29:03','2021-09-14 22:29:03'),(67,'update_status','Changed status of shipping to : Delivered . Updated by: %user_name%',0,15,NULL,'2021-09-14 22:29:03','2021-09-14 22:29:03'),(68,'create_order_from_seeder','Order is created from the checkout page',NULL,16,NULL,'2021-09-12 10:29:03','2021-09-12 10:29:03'),(69,'confirm_order','Order was verified by %user_name%',0,16,NULL,'2021-09-12 10:29:03','2021-09-12 10:29:03'),(70,'create_shipment','Created shipment for order',0,16,NULL,'2021-09-14 22:29:03','2021-09-14 22:29:03'),(71,'update_status','Changed status of shipping to : Delivered . Updated by: %user_name%',0,16,NULL,'2021-09-14 22:29:03','2021-09-14 22:29:03'),(72,'create_order_from_seeder','Order is created from the checkout page',NULL,17,NULL,'2021-09-14 06:29:03','2021-09-14 06:29:03'),(73,'confirm_order','Order was verified by %user_name%',0,17,NULL,'2021-09-14 06:29:03','2021-09-14 06:29:03'),(74,'create_shipment','Created shipment for order',0,17,NULL,'2021-09-14 22:29:03','2021-09-14 22:29:03'),(75,'update_status','Changed status of shipping to : Delivered . Updated by: %user_name%',0,17,NULL,'2021-09-14 22:29:03','2021-09-14 22:29:03'),(76,'create_order_from_seeder','Order is created from the checkout page',NULL,18,NULL,'2021-09-12 22:29:03','2021-09-12 22:29:03'),(77,'confirm_order','Order was verified by %user_name%',0,18,NULL,'2021-09-12 22:29:03','2021-09-12 22:29:03'),(78,'confirm_payment','Payment was confirmed (amount $1,062.20) by %user_name%',0,18,NULL,'2021-09-14 22:29:03','2021-09-14 22:29:03'),(79,'create_shipment','Created shipment for order',0,18,NULL,'2021-09-14 22:29:03','2021-09-14 22:29:03'),(80,'create_order_from_seeder','Order is created from the checkout page',NULL,19,NULL,'2021-09-14 18:29:03','2021-09-14 18:29:03'),(81,'confirm_order','Order was verified by %user_name%',0,19,NULL,'2021-09-14 18:29:03','2021-09-14 18:29:03'),(82,'confirm_payment','Payment was confirmed (amount $725.03) by %user_name%',0,19,NULL,'2021-09-14 22:29:03','2021-09-14 22:29:03'),(83,'create_shipment','Created shipment for order',0,19,NULL,'2021-09-14 22:29:03','2021-09-14 22:29:03'),(84,'create_order_from_seeder','Order is created from the checkout page',NULL,20,NULL,'2021-09-14 14:29:03','2021-09-14 14:29:03'),(85,'confirm_order','Order was verified by %user_name%',0,20,NULL,'2021-09-14 14:29:03','2021-09-14 14:29:03'),(86,'confirm_payment','Payment was confirmed (amount $1,215.20) by %user_name%',0,20,NULL,'2021-09-14 22:29:03','2021-09-14 22:29:03'),(87,'create_shipment','Created shipment for order',0,20,NULL,'2021-09-14 22:29:03','2021-09-14 22:29:03'),(88,'update_status','Order confirmed by %user_name%',0,3,NULL,'2021-09-14 22:29:03','2021-09-14 22:29:03'),(89,'update_status','Order confirmed by %user_name%',0,7,NULL,'2021-09-14 22:29:03','2021-09-14 22:29:03'),(90,'update_status','Order confirmed by %user_name%',0,8,NULL,'2021-09-14 22:29:03','2021-09-14 22:29:03'),(91,'update_status','Order confirmed by %user_name%',0,9,NULL,'2021-09-14 22:29:03','2021-09-14 22:29:03'),(92,'update_status','Order confirmed by %user_name%',0,10,NULL,'2021-09-14 22:29:03','2021-09-14 22:29:03'),(93,'update_status','Order confirmed by %user_name%',0,12,NULL,'2021-09-14 22:29:03','2021-09-14 22:29:03'),(94,'update_status','Order confirmed by %user_name%',0,13,NULL,'2021-09-14 22:29:03','2021-09-14 22:29:03');
/*!40000 ALTER TABLE `ec_order_histories` ENABLE KEYS */;
UNLOCK TABLES;

--
-- Table structure for table `ec_order_product`
--

DROP TABLE IF EXISTS `ec_order_product`;
/*!40101 SET @saved_cs_client     = @@character_set_client */;
/*!40101 SET character_set_client = utf8 */;
CREATE TABLE `ec_order_product` (
  `id` bigint(20) unsigned NOT NULL AUTO_INCREMENT,
  `order_id` int(10) unsigned NOT NULL,
  `qty` int(11) NOT NULL,
  `price` decimal(15,2) NOT NULL,
  `tax_amount` decimal(15,2) NOT NULL,
  `options` text COLLATE utf8mb4_unicode_ci,
  `product_id` int(10) unsigned DEFAULT NULL,
  `product_name` varchar(191) COLLATE utf8mb4_unicode_ci NOT NULL,
  `weight` double(8,2) DEFAULT '0.00',
  `restock_quantity` int(10) unsigned DEFAULT '0',
  `created_at` timestamp NULL DEFAULT NULL,
  `updated_at` timestamp NULL DEFAULT NULL,
  PRIMARY KEY (`id`)
) ENGINE=InnoDB AUTO_INCREMENT=67 DEFAULT CHARSET=utf8mb4 COLLATE=utf8mb4_unicode_ci;
/*!40101 SET character_set_client = @saved_cs_client */;

--
-- Dumping data for table `ec_order_product`
--

LOCK TABLES `ec_order_product` WRITE;
/*!40000 ALTER TABLE `ec_order_product` DISABLE KEYS */;
INSERT INTO `ec_order_product` VALUES (1,1,2,277.00,27.70,'[]',40,'Boxed - Bluetooth Headphone',1232.00,0,'2021-09-14 22:29:02','2021-09-14 22:29:02'),(2,1,2,119.00,11.90,'[]',75,'Black Smart Watches',1148.00,0,'2021-09-14 22:29:02','2021-09-14 22:29:02'),(3,1,1,58.00,5.80,'[]',104,'Audio Equipment',631.00,0,'2021-09-14 22:29:02','2021-09-14 22:29:02'),(4,2,2,115.00,11.50,'[]',58,'Apple Watch Serial 7',1420.00,0,'2021-09-14 22:29:02','2021-09-14 22:29:02'),(5,2,3,118.00,11.80,'[]',67,'Hand playstation',2022.00,0,'2021-09-14 22:29:02','2021-09-14 22:29:02'),(6,2,2,40.50,4.05,'[]',92,'Smart Watches',1132.00,0,'2021-09-14 22:29:02','2021-09-14 22:29:02'),(7,3,2,407.00,40.70,'[]',35,'Headphone Ultra Bass',1066.00,0,'2021-09-14 22:29:02','2021-09-14 22:29:02'),(8,3,1,112.00,11.20,'[]',87,'Gaming Keyboard',745.00,0,'2021-09-14 22:29:02','2021-09-14 22:29:02'),(9,4,3,407.00,40.70,'[]',35,'Headphone Ultra Bass',1599.00,0,'2021-09-14 22:29:02','2021-09-14 22:29:02'),(10,4,2,113.00,11.30,'[]',55,'Macbook Pro 2015',1094.00,0,'2021-09-14 22:29:02','2021-09-14 22:29:02'),(11,4,3,115.00,11.50,'[]',58,'Apple Watch Serial 7',2130.00,0,'2021-09-14 22:29:02','2021-09-14 22:29:02'),(12,4,3,54.00,5.40,'[]',111,'Samsung Smart TV',1896.00,0,'2021-09-14 22:29:02','2021-09-14 22:29:02'),(13,5,3,130.00,13.00,'[]',48,'Leather Watch Band',1635.00,0,'2021-09-14 22:29:02','2021-09-14 22:29:02'),(14,5,3,124.00,12.40,'[]',65,'MacSafe 80W',2502.00,0,'2021-09-14 22:29:02','2021-09-14 22:29:02'),(15,5,3,112.00,11.20,'[]',87,'Gaming Keyboard',2235.00,0,'2021-09-14 22:29:02','2021-09-14 22:29:02'),(16,6,3,407.00,40.70,'[]',34,'Headphone Ultra Bass',1599.00,0,'2021-09-14 22:29:02','2021-09-14 22:29:02'),(17,6,2,122.00,12.20,'[]',51,'Apple iPhone 13 Plus',1630.00,0,'2021-09-14 22:29:02','2021-09-14 22:29:02'),(18,6,2,122.00,12.20,'[]',62,'Macbook Pro 13 inch',1698.00,0,'2021-09-14 22:29:02','2021-09-14 22:29:02'),(19,6,3,54.00,5.40,'[]',109,'Samsung Smart TV',1896.00,0,'2021-09-14 22:29:02','2021-09-14 22:29:02'),(20,7,2,277.00,27.70,'[]',37,'Boxed - Bluetooth Headphone',1232.00,0,'2021-09-14 22:29:02','2021-09-14 22:29:02'),(21,7,1,114.00,11.40,'[]',78,'Leather Watch Band Serial 3',727.00,0,'2021-09-14 22:29:02','2021-09-14 22:29:02'),(22,7,1,80.25,8.03,'[]',90,'Dual Camera 20MP',566.00,0,'2021-09-14 22:29:02','2021-09-14 22:29:02'),(23,7,1,40.50,4.05,'[]',93,'Smart Watches',566.00,0,'2021-09-14 22:29:02','2021-09-14 22:29:02'),(24,8,3,277.00,27.70,'[]',37,'Boxed - Bluetooth Headphone',1848.00,0,'2021-09-14 22:29:02','2021-09-14 22:29:02'),(25,8,1,112.00,11.20,'[]',70,'Apple Airpods Serial 3',872.00,0,'2021-09-14 22:29:02','2021-09-14 22:29:02'),(26,8,2,40.50,4.05,'[]',95,'Smart Watches',1132.00,0,'2021-09-14 22:29:02','2021-09-14 22:29:02'),(27,9,2,118.00,11.80,'[]',66,'Hand playstation',1348.00,0,'2021-09-14 22:29:02','2021-09-14 22:29:02'),(28,9,3,110.00,11.00,'[]',79,'Macbook Pro 2015 13 inch',2388.00,0,'2021-09-14 22:29:02','2021-09-14 22:29:02'),(29,9,1,116.00,11.60,'[]',82,'Black Glasses',745.00,0,'2021-09-14 22:29:02','2021-09-14 22:29:02'),(30,10,2,130.00,13.00,'[]',49,'Leather Watch Band',1090.00,0,'2021-09-14 22:29:03','2021-09-14 22:29:03'),(31,10,3,119.00,11.90,'[]',75,'Black Smart Watches',1722.00,0,'2021-09-14 22:29:03','2021-09-14 22:29:03'),(32,10,1,114.00,11.40,'[]',76,'Leather Watch Band Serial 3',727.00,0,'2021-09-14 22:29:03','2021-09-14 22:29:03'),(33,10,2,80.25,8.03,'[]',90,'Dual Camera 20MP',1132.00,0,'2021-09-14 22:29:03','2021-09-14 22:29:03'),(34,11,1,115.00,11.50,'[]',61,'Apple Watch Serial 7',710.00,0,'2021-09-14 22:29:03','2021-09-14 22:29:03'),(35,11,3,116.00,11.60,'[]',81,'Black Glasses',2235.00,0,'2021-09-14 22:29:03','2021-09-14 22:29:03'),(36,11,3,59.00,5.90,'[]',97,'Red & Black Headphone',2031.00,0,'2021-09-14 22:29:03','2021-09-14 22:29:03'),(37,12,2,130.00,13.00,'[]',48,'Leather Watch Band',1090.00,0,'2021-09-14 22:29:03','2021-09-14 22:29:03'),(38,12,3,130.00,13.00,'[]',49,'Leather Watch Band',1635.00,0,'2021-09-14 22:29:03','2021-09-14 22:29:03'),(39,12,3,118.00,11.80,'[]',106,'Smart Televisions',2607.00,0,'2021-09-14 22:29:03','2021-09-14 22:29:03'),(40,13,3,113.00,11.30,'[]',53,'Macbook Pro 2015',1641.00,0,'2021-09-14 22:29:03','2021-09-14 22:29:03'),(41,13,3,372.00,37.20,'[]',57,'Macbook Air 12 inch',2019.00,0,'2021-09-14 22:29:03','2021-09-14 22:29:03'),(42,13,3,119.00,11.90,'[]',72,'Black Smart Watches',1722.00,0,'2021-09-14 22:29:03','2021-09-14 22:29:03'),(43,13,3,110.00,11.00,'[]',79,'Macbook Pro 2015 13 inch',2388.00,0,'2021-09-14 22:29:03','2021-09-14 22:29:03'),(44,14,3,115.00,11.50,'[]',61,'Apple Watch Serial 7',2130.00,0,'2021-09-14 22:29:03','2021-09-14 22:29:03'),(45,14,1,122.00,12.20,'[]',62,'Macbook Pro 13 inch',849.00,0,'2021-09-14 22:29:03','2021-09-14 22:29:03'),(46,14,1,119.00,11.90,'[]',75,'Black Smart Watches',574.00,0,'2021-09-14 22:29:03','2021-09-14 22:29:03'),(47,14,1,58.00,5.80,'[]',104,'Audio Equipment',631.00,0,'2021-09-14 22:29:03','2021-09-14 22:29:03'),(48,15,2,118.00,11.80,'[]',67,'Hand playstation',1348.00,0,'2021-09-14 22:29:03','2021-09-14 22:29:03'),(49,15,2,58.00,5.80,'[]',101,'Audio Equipment',1262.00,0,'2021-09-14 22:29:03','2021-09-14 22:29:03'),(50,16,1,113.00,11.30,'[]',55,'Macbook Pro 2015',547.00,0,'2021-09-14 22:29:03','2021-09-14 22:29:03'),(51,16,3,115.00,11.50,'[]',58,'Apple Watch Serial 7',2130.00,0,'2021-09-14 22:29:03','2021-09-14 22:29:03'),(52,16,3,40.50,4.05,'[]',94,'Smart Watches',1698.00,0,'2021-09-14 22:29:03','2021-09-14 22:29:03'),(53,16,2,58.00,5.80,'[]',103,'Audio Equipment',1262.00,0,'2021-09-14 22:29:03','2021-09-14 22:29:03'),(54,17,2,277.00,27.70,'[]',40,'Boxed - Bluetooth Headphone',1232.00,0,'2021-09-14 22:29:03','2021-09-14 22:29:03'),(55,17,2,115.00,11.50,'[]',60,'Apple Watch Serial 7',1420.00,0,'2021-09-14 22:29:03','2021-09-14 22:29:03'),(56,17,2,124.00,12.40,'[]',65,'MacSafe 80W',1668.00,0,'2021-09-14 22:29:03','2021-09-14 22:29:03'),(57,18,2,82.00,8.20,'[]',41,'Chikie - Bluetooth Speaker',1490.00,0,'2021-09-14 22:29:03','2021-09-14 22:29:03'),(58,18,1,113.00,11.30,'[]',55,'Macbook Pro 2015',547.00,0,'2021-09-14 22:29:03','2021-09-14 22:29:03'),(59,18,1,372.00,37.20,'[]',57,'Macbook Air 12 inch',673.00,0,'2021-09-14 22:29:03','2021-09-14 22:29:03'),(60,18,3,115.00,11.50,'[]',58,'Apple Watch Serial 7',2130.00,0,'2021-09-14 22:29:03','2021-09-14 22:29:03'),(61,19,2,113.00,11.30,'[]',54,'Macbook Pro 2015',1094.00,0,'2021-09-14 22:29:03','2021-09-14 22:29:03'),(62,19,3,80.25,8.03,'[]',89,'Dual Camera 20MP',1698.00,0,'2021-09-14 22:29:03','2021-09-14 22:29:03'),(63,19,3,40.50,4.05,'[]',94,'Smart Watches',1698.00,0,'2021-09-14 22:29:03','2021-09-14 22:29:03'),(64,19,2,54.00,5.40,'[]',111,'Samsung Smart TV',1264.00,0,'2021-09-14 22:29:03','2021-09-14 22:29:03'),(65,20,3,277.00,27.70,'[]',39,'Boxed - Bluetooth Headphone',1848.00,0,'2021-09-14 22:29:03','2021-09-14 22:29:03'),(66,20,3,115.00,11.50,'[]',61,'Apple Watch Serial 7',2130.00,0,'2021-09-14 22:29:03','2021-09-14 22:29:03');
/*!40000 ALTER TABLE `ec_order_product` ENABLE KEYS */;
UNLOCK TABLES;

--
-- Table structure for table `ec_orders`
--

DROP TABLE IF EXISTS `ec_orders`;
/*!40101 SET @saved_cs_client     = @@character_set_client */;
/*!40101 SET character_set_client = utf8 */;
CREATE TABLE `ec_orders` (
  `id` bigint(20) unsigned NOT NULL AUTO_INCREMENT,
  `user_id` int(10) unsigned NOT NULL,
  `shipping_option` varchar(60) COLLATE utf8mb4_unicode_ci DEFAULT NULL,
  `shipping_method` varchar(60) COLLATE utf8mb4_unicode_ci NOT NULL DEFAULT 'default',
  `status` varchar(120) COLLATE utf8mb4_unicode_ci NOT NULL DEFAULT 'pending',
  `amount` decimal(15,2) NOT NULL,
  `tax_amount` decimal(15,2) DEFAULT NULL,
  `shipping_amount` decimal(15,2) DEFAULT NULL,
  `description` text COLLATE utf8mb4_unicode_ci,
  `coupon_code` varchar(120) COLLATE utf8mb4_unicode_ci DEFAULT NULL,
  `discount_amount` decimal(15,2) DEFAULT NULL,
  `sub_total` decimal(15,2) NOT NULL,
  `is_confirmed` tinyint(1) NOT NULL DEFAULT '0',
  `discount_description` varchar(255) COLLATE utf8mb4_unicode_ci DEFAULT NULL,
  `is_finished` tinyint(1) DEFAULT '1',
  `token` varchar(120) COLLATE utf8mb4_unicode_ci DEFAULT NULL,
  `payment_id` int(10) unsigned DEFAULT NULL,
  `created_at` timestamp NULL DEFAULT NULL,
  `updated_at` timestamp NULL DEFAULT NULL,
  PRIMARY KEY (`id`)
) ENGINE=InnoDB AUTO_INCREMENT=21 DEFAULT CHARSET=utf8mb4 COLLATE=utf8mb4_unicode_ci;
/*!40101 SET character_set_client = @saved_cs_client */;

--
-- Dumping data for table `ec_orders`
--

LOCK TABLES `ec_orders` WRITE;
/*!40000 ALTER TABLE `ec_orders` DISABLE KEYS */;
INSERT INTO `ec_orders` VALUES (1,2,'1','default','pending',895.40,45.40,0.00,NULL,NULL,0.00,850.00,1,NULL,1,'KTWoCT6FLYeLcUQoUJgsDGdQ8EaeF',1,'2021-08-29 06:29:02','2021-09-14 22:29:02'),(2,4,'1','default','pending',692.35,27.35,0.00,NULL,NULL,0.00,665.00,1,NULL,1,'aeFVWjE5hmrMaKwxfpZHvRxcbiwMn',2,'2021-08-30 02:29:02','2021-09-14 22:29:02'),(3,11,'1','default','completed',977.90,51.90,0.00,NULL,NULL,0.00,926.00,1,NULL,1,'wyJb5Q5H8xm3m6ccHgeWvZRCCfAnB',3,'2021-09-13 10:29:02','2021-09-14 22:29:03'),(4,3,'1','default','pending',2022.90,68.90,0.00,NULL,NULL,0.00,1954.00,1,NULL,1,'EoHjtc8gm4zv4H4ywbrUwBsxfXwnh',4,'2021-09-07 20:29:02','2021-09-14 22:29:02'),(5,10,'1','default','pending',1134.60,36.60,0.00,NULL,NULL,0.00,1098.00,1,NULL,1,'mFHokxHe60bhU25UorWWb4OFdw8yY',5,'2021-09-08 06:29:02','2021-09-14 22:29:02'),(6,5,'1','default','pending',1941.50,70.50,0.00,NULL,NULL,0.00,1871.00,1,NULL,1,'jsi1HXdeqEQm46RTl9K8WR5a1sS37',6,'2021-09-03 16:29:02','2021-09-14 22:29:02'),(7,3,'1','default','completed',839.93,51.18,0.00,NULL,NULL,0.00,788.75,1,NULL,1,'g57zivcbK5dseqvDzBFSS57WY1m9p',7,'2021-09-04 10:29:02','2021-09-14 22:29:03'),(8,6,'1','default','completed',1066.95,42.95,0.00,NULL,NULL,0.00,1024.00,1,NULL,1,'j0wqB3IPf7f1OjRQuRGx9lZnfzF4W',8,'2021-09-05 04:29:02','2021-09-14 22:29:03'),(9,9,'1','default','completed',716.40,34.40,0.00,NULL,NULL,0.00,682.00,1,NULL,1,'0N1sUdcGUlV5mS4oGf8kxdqNNyRHF',9,'2021-09-06 22:29:02','2021-09-14 22:29:03'),(10,9,'1','default','completed',935.83,44.33,0.00,NULL,NULL,0.00,891.50,1,NULL,1,'oLByX54ofW2Apbd6B4uBGtZGd8ZFS',10,'2021-09-06 16:29:03','2021-09-14 22:29:03'),(11,7,'1','default','pending',669.00,29.00,0.00,NULL,NULL,0.00,640.00,1,NULL,1,'wxbPwGorIJRraLQK1nmbqhJUcpaeg',11,'2021-09-07 10:29:03','2021-09-14 22:29:03'),(12,4,'1','default','completed',1041.80,37.80,0.00,NULL,NULL,0.00,1004.00,1,NULL,1,'hADmxyLEnbB7kc9DinK22SxuypZfo',12,'2021-09-11 04:29:03','2021-09-14 22:29:03'),(13,2,'1','default','completed',2213.40,71.40,0.00,NULL,NULL,0.00,2142.00,1,NULL,1,'5zkgVCP33YFCg2prVUSUvwoCJ7TXG',13,'2021-09-10 22:29:03','2021-09-14 22:29:03'),(14,10,'1','default','pending',685.40,41.40,0.00,NULL,NULL,0.00,644.00,1,NULL,1,'nz7tiUVphCuq5a10PmXRP02B0iRRc',14,'2021-09-10 20:29:03','2021-09-14 22:29:03'),(15,4,'1','default','pending',369.60,17.60,0.00,NULL,NULL,0.00,352.00,1,NULL,1,'pT8pKxwkjSUR76BREqGnGd6MDvXbD',15,'2021-09-14 10:29:03','2021-09-14 22:29:03'),(16,11,'1','default','pending',728.15,32.65,0.00,NULL,NULL,0.00,695.50,1,NULL,1,'t0juVcw8zpjngK1NdFHA4KxdyAyMk',16,'2021-09-12 10:29:03','2021-09-14 22:29:03'),(17,10,'1','default','pending',1083.60,51.60,0.00,NULL,NULL,0.00,1032.00,1,NULL,1,'cZfTSWpqG7NZUGPE21Taiiegc8DxO',17,'2021-09-14 06:29:03','2021-09-14 22:29:03'),(18,4,'1','default','pending',1062.20,68.20,0.00,NULL,NULL,0.00,994.00,1,NULL,1,'0pCVE4BPZhqoes99qMgYSesg2QHeT',18,'2021-09-12 22:29:03','2021-09-14 22:29:03'),(19,7,'1','default','pending',725.03,28.78,0.00,NULL,NULL,0.00,696.25,1,NULL,1,'mfGbOIliiDPGl398po8zZDugKT0P8',19,'2021-09-14 18:29:03','2021-09-14 22:29:03'),(20,6,'1','default','pending',1215.20,39.20,0.00,NULL,NULL,0.00,1176.00,1,NULL,1,'seiRz3jcXTbinJ3bPJZLhoPMC9ano',20,'2021-09-14 14:29:03','2021-09-14 22:29:03');
/*!40000 ALTER TABLE `ec_orders` ENABLE KEYS */;
UNLOCK TABLES;

--
-- Table structure for table `ec_product_attribute_sets`
--

DROP TABLE IF EXISTS `ec_product_attribute_sets`;
/*!40101 SET @saved_cs_client     = @@character_set_client */;
/*!40101 SET character_set_client = utf8 */;
CREATE TABLE `ec_product_attribute_sets` (
  `id` bigint(20) unsigned NOT NULL AUTO_INCREMENT,
  `title` varchar(120) COLLATE utf8mb4_unicode_ci NOT NULL,
  `slug` varchar(120) COLLATE utf8mb4_unicode_ci DEFAULT NULL,
  `display_layout` varchar(191) COLLATE utf8mb4_unicode_ci NOT NULL DEFAULT 'swatch_dropdown',
  `is_searchable` tinyint(3) unsigned NOT NULL DEFAULT '1',
  `is_comparable` tinyint(3) unsigned NOT NULL DEFAULT '1',
  `is_use_in_product_listing` tinyint(3) unsigned NOT NULL DEFAULT '0',
  `status` varchar(60) COLLATE utf8mb4_unicode_ci NOT NULL DEFAULT 'published',
  `order` tinyint(3) unsigned NOT NULL DEFAULT '0',
  `created_at` timestamp NULL DEFAULT NULL,
  `updated_at` timestamp NULL DEFAULT NULL,
  PRIMARY KEY (`id`)
) ENGINE=InnoDB AUTO_INCREMENT=3 DEFAULT CHARSET=utf8mb4 COLLATE=utf8mb4_unicode_ci;
/*!40101 SET character_set_client = @saved_cs_client */;

--
-- Dumping data for table `ec_product_attribute_sets`
--

LOCK TABLES `ec_product_attribute_sets` WRITE;
/*!40000 ALTER TABLE `ec_product_attribute_sets` DISABLE KEYS */;
INSERT INTO `ec_product_attribute_sets` VALUES (1,'Color','color','visual',1,1,1,'published',0,'2021-09-14 22:28:11','2021-09-14 22:28:11'),(2,'Size','size','text',1,1,1,'published',1,'2021-09-14 22:28:11','2021-09-14 22:28:11');
/*!40000 ALTER TABLE `ec_product_attribute_sets` ENABLE KEYS */;
UNLOCK TABLES;

--
-- Table structure for table `ec_product_attribute_sets_translations`
--

DROP TABLE IF EXISTS `ec_product_attribute_sets_translations`;
/*!40101 SET @saved_cs_client     = @@character_set_client */;
/*!40101 SET character_set_client = utf8 */;
CREATE TABLE `ec_product_attribute_sets_translations` (
  `lang_code` varchar(191) COLLATE utf8mb4_unicode_ci NOT NULL,
  `ec_product_attribute_sets_id` int(11) NOT NULL,
  `title` varchar(191) COLLATE utf8mb4_unicode_ci DEFAULT NULL,
  PRIMARY KEY (`lang_code`,`ec_product_attribute_sets_id`)
) ENGINE=InnoDB DEFAULT CHARSET=utf8mb4 COLLATE=utf8mb4_unicode_ci;
/*!40101 SET character_set_client = @saved_cs_client */;

--
-- Dumping data for table `ec_product_attribute_sets_translations`
--

LOCK TABLES `ec_product_attribute_sets_translations` WRITE;
/*!40000 ALTER TABLE `ec_product_attribute_sets_translations` DISABLE KEYS */;
INSERT INTO `ec_product_attribute_sets_translations` VALUES ('vi',1,'Màu sắc'),('vi',2,'Kích thước');
/*!40000 ALTER TABLE `ec_product_attribute_sets_translations` ENABLE KEYS */;
UNLOCK TABLES;

--
-- Table structure for table `ec_product_attributes`
--

DROP TABLE IF EXISTS `ec_product_attributes`;
/*!40101 SET @saved_cs_client     = @@character_set_client */;
/*!40101 SET character_set_client = utf8 */;
CREATE TABLE `ec_product_attributes` (
  `id` bigint(20) unsigned NOT NULL AUTO_INCREMENT,
  `attribute_set_id` int(10) unsigned NOT NULL,
  `title` varchar(120) COLLATE utf8mb4_unicode_ci NOT NULL,
  `slug` varchar(120) COLLATE utf8mb4_unicode_ci DEFAULT NULL,
  `color` varchar(50) COLLATE utf8mb4_unicode_ci DEFAULT NULL,
  `image` varchar(191) COLLATE utf8mb4_unicode_ci DEFAULT NULL,
  `is_default` tinyint(3) unsigned NOT NULL DEFAULT '0',
  `order` tinyint(3) unsigned NOT NULL DEFAULT '0',
  `status` varchar(60) COLLATE utf8mb4_unicode_ci NOT NULL DEFAULT 'published',
  `created_at` timestamp NULL DEFAULT NULL,
  `updated_at` timestamp NULL DEFAULT NULL,
  PRIMARY KEY (`id`)
) ENGINE=InnoDB AUTO_INCREMENT=11 DEFAULT CHARSET=utf8mb4 COLLATE=utf8mb4_unicode_ci;
/*!40101 SET character_set_client = @saved_cs_client */;

--
-- Dumping data for table `ec_product_attributes`
--

LOCK TABLES `ec_product_attributes` WRITE;
/*!40000 ALTER TABLE `ec_product_attributes` DISABLE KEYS */;
INSERT INTO `ec_product_attributes` VALUES (1,1,'Green','green','#5FB7D4',NULL,1,1,'published','2021-09-14 22:28:11','2021-09-14 22:28:11'),(2,1,'Blue','blue','#333333',NULL,0,2,'published','2021-09-14 22:28:11','2021-09-14 22:28:11'),(3,1,'Red','red','#DA323F',NULL,0,3,'published','2021-09-14 22:28:11','2021-09-14 22:28:11'),(4,1,'Black','back','#2F366C',NULL,0,4,'published','2021-09-14 22:28:11','2021-09-14 22:28:11'),(5,1,'Brown','brown','#87554B',NULL,0,5,'published','2021-09-14 22:28:11','2021-09-14 22:28:11'),(6,2,'S','s',NULL,NULL,1,1,'published','2021-09-14 22:28:11','2021-09-14 22:28:11'),(7,2,'M','m',NULL,NULL,1,2,'published','2021-09-14 22:28:11','2021-09-14 22:28:11'),(8,2,'L','l',NULL,NULL,1,3,'published','2021-09-14 22:28:11','2021-09-14 22:28:11'),(9,2,'XL','xl',NULL,NULL,1,4,'published','2021-09-14 22:28:11','2021-09-14 22:28:11'),(10,2,'XXL','xxl',NULL,NULL,1,5,'published','2021-09-14 22:28:11','2021-09-14 22:28:11');
/*!40000 ALTER TABLE `ec_product_attributes` ENABLE KEYS */;
UNLOCK TABLES;

--
-- Table structure for table `ec_product_attributes_translations`
--

DROP TABLE IF EXISTS `ec_product_attributes_translations`;
/*!40101 SET @saved_cs_client     = @@character_set_client */;
/*!40101 SET character_set_client = utf8 */;
CREATE TABLE `ec_product_attributes_translations` (
  `lang_code` varchar(191) COLLATE utf8mb4_unicode_ci NOT NULL,
  `ec_product_attributes_id` int(11) NOT NULL,
  `title` varchar(191) COLLATE utf8mb4_unicode_ci DEFAULT NULL,
  PRIMARY KEY (`lang_code`,`ec_product_attributes_id`)
) ENGINE=InnoDB DEFAULT CHARSET=utf8mb4 COLLATE=utf8mb4_unicode_ci;
/*!40101 SET character_set_client = @saved_cs_client */;

--
-- Dumping data for table `ec_product_attributes_translations`
--

LOCK TABLES `ec_product_attributes_translations` WRITE;
/*!40000 ALTER TABLE `ec_product_attributes_translations` DISABLE KEYS */;
INSERT INTO `ec_product_attributes_translations` VALUES ('vi',1,'Xanh lá cây'),('vi',2,'Xanh da trời'),('vi',3,'Đỏ'),('vi',4,'Đen'),('vi',5,'Nâu'),('vi',6,'S'),('vi',7,'M'),('vi',8,'L'),('vi',9,'XL'),('vi',10,'XXL');
/*!40000 ALTER TABLE `ec_product_attributes_translations` ENABLE KEYS */;
UNLOCK TABLES;

--
-- Table structure for table `ec_product_categories`
--

DROP TABLE IF EXISTS `ec_product_categories`;
/*!40101 SET @saved_cs_client     = @@character_set_client */;
/*!40101 SET character_set_client = utf8 */;
CREATE TABLE `ec_product_categories` (
  `id` bigint(20) unsigned NOT NULL AUTO_INCREMENT,
  `name` varchar(191) COLLATE utf8mb4_unicode_ci NOT NULL,
  `parent_id` int(10) unsigned DEFAULT '0',
  `description` mediumtext COLLATE utf8mb4_unicode_ci,
  `status` varchar(60) COLLATE utf8mb4_unicode_ci NOT NULL DEFAULT 'published',
  `order` int(10) unsigned NOT NULL DEFAULT '0',
  `image` varchar(255) COLLATE utf8mb4_unicode_ci DEFAULT NULL,
  `is_featured` tinyint(3) unsigned NOT NULL DEFAULT '0',
  `created_at` timestamp NULL DEFAULT NULL,
  `updated_at` timestamp NULL DEFAULT NULL,
  PRIMARY KEY (`id`)
) ENGINE=InnoDB AUTO_INCREMENT=35 DEFAULT CHARSET=utf8mb4 COLLATE=utf8mb4_unicode_ci;
/*!40101 SET character_set_client = @saved_cs_client */;

--
-- Dumping data for table `ec_product_categories`
--

LOCK TABLES `ec_product_categories` WRITE;
/*!40000 ALTER TABLE `ec_product_categories` DISABLE KEYS */;
INSERT INTO `ec_product_categories` VALUES (1,'Television',0,NULL,'published',0,'product-categories/p-1.png',1,'2021-09-14 22:28:11','2021-09-14 22:28:11'),(2,'Home Audio & Theaters',1,NULL,'published',0,NULL,0,'2021-09-14 22:28:11','2021-09-14 22:28:11'),(3,'TV & Videos',1,NULL,'published',1,NULL,0,'2021-09-14 22:28:11','2021-09-14 22:28:11'),(4,'Camera, Photos & Videos',1,NULL,'published',2,NULL,0,'2021-09-14 22:28:11','2021-09-14 22:28:11'),(5,'Cellphones & Accessories',1,NULL,'published',3,NULL,0,'2021-09-14 22:28:11','2021-09-14 22:28:11'),(6,'Headphones',1,NULL,'published',4,NULL,0,'2021-09-14 22:28:11','2021-09-14 22:28:11'),(7,'Videos games',1,NULL,'published',5,NULL,0,'2021-09-14 22:28:11','2021-09-14 22:28:11'),(8,'Wireless Speakers',1,NULL,'published',6,NULL,0,'2021-09-14 22:28:11','2021-09-14 22:28:11'),(9,'Office Electronic',1,NULL,'published',7,NULL,0,'2021-09-14 22:28:11','2021-09-14 22:28:11'),(10,'Mobile',0,NULL,'published',1,'product-categories/p-2.png',1,'2021-09-14 22:28:11','2021-09-14 22:28:11'),(11,'Digital Cables',10,NULL,'published',0,NULL,0,'2021-09-14 22:28:11','2021-09-14 22:28:11'),(12,'Audio & Video Cables',10,NULL,'published',1,NULL,0,'2021-09-14 22:28:11','2021-09-14 22:28:11'),(13,'Batteries',10,NULL,'published',2,NULL,0,'2021-09-14 22:28:11','2021-09-14 22:28:11'),(14,'Headphone',0,NULL,'published',2,'product-categories/p-3.png',1,'2021-09-14 22:28:11','2021-09-14 22:28:11'),(15,'Computer & Tablets',14,NULL,'published',0,NULL,0,'2021-09-14 22:28:11','2021-09-14 22:28:11'),(16,'Laptop',14,NULL,'published',1,NULL,0,'2021-09-14 22:28:11','2021-09-14 22:28:11'),(17,'Monitors',14,NULL,'published',2,NULL,0,'2021-09-14 22:28:11','2021-09-14 22:28:11'),(18,'Computer Components',14,NULL,'published',3,NULL,0,'2021-09-14 22:28:11','2021-09-14 22:28:11'),(19,'Watches',0,NULL,'published',3,'product-categories/p-4.png',1,'2021-09-14 22:28:11','2021-09-14 22:28:11'),(20,'Drive & Storages',19,NULL,'published',0,NULL,0,'2021-09-14 22:28:11','2021-09-14 22:28:11'),(21,'Gaming Laptop',19,NULL,'published',1,NULL,0,'2021-09-14 22:28:11','2021-09-14 22:28:11'),(22,'Security & Protection',19,NULL,'published',2,NULL,0,'2021-09-14 22:28:11','2021-09-14 22:28:11'),(23,'Accessories',19,NULL,'published',3,NULL,0,'2021-09-14 22:28:11','2021-09-14 22:28:11'),(24,'Game',0,NULL,'published',4,'product-categories/p-5.png',1,'2021-09-14 22:28:11','2021-09-14 22:28:11'),(25,'Camera',0,NULL,'published',5,'product-categories/p-6.png',1,'2021-09-14 22:28:11','2021-09-14 22:28:11'),(26,'Audio',0,NULL,'published',6,'product-categories/p-7.png',1,'2021-09-14 22:28:11','2021-09-14 22:28:11'),(27,'Mobile & Tablet',0,NULL,'published',7,NULL,0,'2021-09-14 22:28:11','2021-09-14 22:28:11'),(28,'Accessories',0,NULL,'published',8,NULL,0,'2021-09-14 22:28:11','2021-09-14 22:28:11'),(29,'Home Audio & Theater',0,NULL,'published',9,NULL,0,'2021-09-14 22:28:11','2021-09-14 22:28:11'),(30,'Tv & Smart Box',0,NULL,'published',10,NULL,0,'2021-09-14 22:28:11','2021-09-14 22:28:11'),(31,'Printer',0,NULL,'published',11,NULL,0,'2021-09-14 22:28:11','2021-09-14 22:28:11'),(32,'Computer',0,NULL,'published',12,NULL,0,'2021-09-14 22:28:11','2021-09-14 22:28:11'),(33,'Fax Machine',0,NULL,'published',13,NULL,0,'2021-09-14 22:28:11','2021-09-14 22:28:11'),(34,'Mouse',0,NULL,'published',14,NULL,0,'2021-09-14 22:28:11','2021-09-14 22:28:11');
/*!40000 ALTER TABLE `ec_product_categories` ENABLE KEYS */;
UNLOCK TABLES;

--
-- Table structure for table `ec_product_categories_translations`
--

DROP TABLE IF EXISTS `ec_product_categories_translations`;
/*!40101 SET @saved_cs_client     = @@character_set_client */;
/*!40101 SET character_set_client = utf8 */;
CREATE TABLE `ec_product_categories_translations` (
  `lang_code` varchar(191) COLLATE utf8mb4_unicode_ci NOT NULL,
  `ec_product_categories_id` int(11) NOT NULL,
  `name` varchar(191) COLLATE utf8mb4_unicode_ci DEFAULT NULL,
  `description` text COLLATE utf8mb4_unicode_ci,
  PRIMARY KEY (`lang_code`,`ec_product_categories_id`)
) ENGINE=InnoDB DEFAULT CHARSET=utf8mb4 COLLATE=utf8mb4_unicode_ci;
/*!40101 SET character_set_client = @saved_cs_client */;

--
-- Dumping data for table `ec_product_categories_translations`
--

LOCK TABLES `ec_product_categories_translations` WRITE;
/*!40000 ALTER TABLE `ec_product_categories_translations` DISABLE KEYS */;
INSERT INTO `ec_product_categories_translations` VALUES ('vi',1,'Tivi',NULL),('vi',2,'Home Audio & Theaters',NULL),('vi',3,'TV & Videos',NULL),('vi',4,'Camera, Photos & Videos',NULL),('vi',5,'Cellphones & Accessories',NULL),('vi',6,'Headphones',NULL),('vi',7,'Videos games',NULL),('vi',8,'Wireless Speakers',NULL),('vi',9,'Office Electronic',NULL),('vi',10,'Di động',NULL),('vi',11,'Digital Cables',NULL),('vi',12,'Audio & Video Cables',NULL),('vi',13,'Batteries',NULL),('vi',14,'Tai nghe',NULL),('vi',15,'Computer & Tablets',NULL),('vi',16,'Laptop',NULL),('vi',17,'Monitors',NULL),('vi',18,'Computer Components',NULL),('vi',19,'Đồng hồ',NULL),('vi',20,'Drive & Storages',NULL),('vi',21,'Gaming Laptop',NULL),('vi',22,'Security & Protection',NULL),('vi',23,'Accessories',NULL),('vi',24,'Trò chơi',NULL),('vi',25,'Máy ảnh',NULL),('vi',26,'Âm thanh',NULL),('vi',27,'Di động & Máy tính bảng',NULL),('vi',28,'Phụ kiện',NULL),('vi',29,'Âm thanh & hình ảnh',NULL),('vi',30,'Tv & Smart Box',NULL),('vi',31,'Máy in',NULL),('vi',32,'Máy tính',NULL),('vi',33,'Máy Fax',NULL),('vi',34,'Chuột máy tính',NULL);
/*!40000 ALTER TABLE `ec_product_categories_translations` ENABLE KEYS */;
UNLOCK TABLES;

--
-- Table structure for table `ec_product_category_product`
--

DROP TABLE IF EXISTS `ec_product_category_product`;
/*!40101 SET @saved_cs_client     = @@character_set_client */;
/*!40101 SET character_set_client = utf8 */;
CREATE TABLE `ec_product_category_product` (
  `id` bigint(20) unsigned NOT NULL AUTO_INCREMENT,
  `category_id` int(10) unsigned NOT NULL,
  `product_id` int(10) unsigned NOT NULL,
  PRIMARY KEY (`id`),
  KEY `ec_product_category_product_category_id_index` (`category_id`),
  KEY `ec_product_category_product_product_id_index` (`product_id`)
) ENGINE=InnoDB AUTO_INCREMENT=32 DEFAULT CHARSET=utf8mb4 COLLATE=utf8mb4_unicode_ci;
/*!40101 SET character_set_client = @saved_cs_client */;

--
-- Dumping data for table `ec_product_category_product`
--

LOCK TABLES `ec_product_category_product` WRITE;
/*!40000 ALTER TABLE `ec_product_category_product` DISABLE KEYS */;
INSERT INTO `ec_product_category_product` VALUES (1,9,1),(2,1,2),(3,5,3),(4,14,4),(5,9,5),(6,3,6),(7,4,7),(8,10,8),(9,13,9),(10,11,10),(11,7,11),(12,3,12),(13,6,13),(14,12,14),(15,9,15),(16,12,16),(17,14,17),(18,11,18),(19,11,19),(20,13,20),(21,6,21),(22,11,22),(23,3,23),(24,12,24),(25,12,25),(26,2,26),(27,8,27),(28,1,28),(29,8,29),(30,1,30),(31,8,31);
/*!40000 ALTER TABLE `ec_product_category_product` ENABLE KEYS */;
UNLOCK TABLES;

--
-- Table structure for table `ec_product_collection_products`
--

DROP TABLE IF EXISTS `ec_product_collection_products`;
/*!40101 SET @saved_cs_client     = @@character_set_client */;
/*!40101 SET character_set_client = utf8 */;
CREATE TABLE `ec_product_collection_products` (
  `id` bigint(20) unsigned NOT NULL AUTO_INCREMENT,
  `product_collection_id` int(10) unsigned NOT NULL,
  `product_id` int(10) unsigned NOT NULL,
  PRIMARY KEY (`id`),
  KEY `ec_product_collection_products_product_collection_id_index` (`product_collection_id`),
  KEY `ec_product_collection_products_product_id_index` (`product_id`)
) ENGINE=InnoDB AUTO_INCREMENT=32 DEFAULT CHARSET=utf8mb4 COLLATE=utf8mb4_unicode_ci;
/*!40101 SET character_set_client = @saved_cs_client */;

--
-- Dumping data for table `ec_product_collection_products`
--

LOCK TABLES `ec_product_collection_products` WRITE;
/*!40000 ALTER TABLE `ec_product_collection_products` DISABLE KEYS */;
INSERT INTO `ec_product_collection_products` VALUES (1,2,1),(2,3,2),(3,1,3),(4,2,4),(5,1,5),(6,1,6),(7,1,7),(8,2,8),(9,3,9),(10,2,10),(11,2,11),(12,2,12),(13,2,13),(14,2,14),(15,1,15),(16,1,16),(17,3,17),(18,2,18),(19,2,19),(20,1,20),(21,3,21),(22,2,22),(23,1,23),(24,3,24),(25,3,25),(26,1,26),(27,3,27),(28,1,28),(29,2,29),(30,2,30),(31,1,31);
/*!40000 ALTER TABLE `ec_product_collection_products` ENABLE KEYS */;
UNLOCK TABLES;

--
-- Table structure for table `ec_product_collections`
--

DROP TABLE IF EXISTS `ec_product_collections`;
/*!40101 SET @saved_cs_client     = @@character_set_client */;
/*!40101 SET character_set_client = utf8 */;
CREATE TABLE `ec_product_collections` (
  `id` bigint(20) unsigned NOT NULL AUTO_INCREMENT,
  `name` varchar(191) COLLATE utf8mb4_unicode_ci NOT NULL,
  `slug` varchar(191) COLLATE utf8mb4_unicode_ci NOT NULL,
  `description` varchar(400) COLLATE utf8mb4_unicode_ci DEFAULT NULL,
  `image` varchar(255) COLLATE utf8mb4_unicode_ci DEFAULT NULL,
  `status` varchar(60) COLLATE utf8mb4_unicode_ci NOT NULL DEFAULT 'published',
  `created_at` timestamp NULL DEFAULT NULL,
  `updated_at` timestamp NULL DEFAULT NULL,
  `is_featured` tinyint(3) unsigned NOT NULL DEFAULT '0',
  PRIMARY KEY (`id`)
) ENGINE=InnoDB AUTO_INCREMENT=4 DEFAULT CHARSET=utf8mb4 COLLATE=utf8mb4_unicode_ci;
/*!40101 SET character_set_client = @saved_cs_client */;

--
-- Dumping data for table `ec_product_collections`
--

LOCK TABLES `ec_product_collections` WRITE;
/*!40000 ALTER TABLE `ec_product_collections` DISABLE KEYS */;
INSERT INTO `ec_product_collections` VALUES (1,'New Arrival','new-arrival',NULL,NULL,'published','2021-09-14 22:28:11','2021-09-14 22:28:11',0),(2,'Best Sellers','best-sellers',NULL,NULL,'published','2021-09-14 22:28:11','2021-09-14 22:28:11',0),(3,'Special Offer','special-offer',NULL,NULL,'published','2021-09-14 22:28:11','2021-09-14 22:28:11',0);
/*!40000 ALTER TABLE `ec_product_collections` ENABLE KEYS */;
UNLOCK TABLES;

--
-- Table structure for table `ec_product_collections_translations`
--

DROP TABLE IF EXISTS `ec_product_collections_translations`;
/*!40101 SET @saved_cs_client     = @@character_set_client */;
/*!40101 SET character_set_client = utf8 */;
CREATE TABLE `ec_product_collections_translations` (
  `lang_code` varchar(191) COLLATE utf8mb4_unicode_ci NOT NULL,
  `ec_product_collections_id` int(11) NOT NULL,
  `name` varchar(191) COLLATE utf8mb4_unicode_ci DEFAULT NULL,
  `description` varchar(191) COLLATE utf8mb4_unicode_ci DEFAULT NULL,
  PRIMARY KEY (`lang_code`,`ec_product_collections_id`)
) ENGINE=InnoDB DEFAULT CHARSET=utf8mb4 COLLATE=utf8mb4_unicode_ci;
/*!40101 SET character_set_client = @saved_cs_client */;

--
-- Dumping data for table `ec_product_collections_translations`
--

LOCK TABLES `ec_product_collections_translations` WRITE;
/*!40000 ALTER TABLE `ec_product_collections_translations` DISABLE KEYS */;
INSERT INTO `ec_product_collections_translations` VALUES ('vi',1,'Hàng mới về',NULL),('vi',2,'Bán chạy nhất',NULL),('vi',3,'Khuyến mãi đặc biệt',NULL);
/*!40000 ALTER TABLE `ec_product_collections_translations` ENABLE KEYS */;
UNLOCK TABLES;

--
-- Table structure for table `ec_product_cross_sale_relations`
--

DROP TABLE IF EXISTS `ec_product_cross_sale_relations`;
/*!40101 SET @saved_cs_client     = @@character_set_client */;
/*!40101 SET character_set_client = utf8 */;
CREATE TABLE `ec_product_cross_sale_relations` (
  `id` bigint(20) unsigned NOT NULL AUTO_INCREMENT,
  `from_product_id` int(10) unsigned NOT NULL,
  `to_product_id` int(10) unsigned NOT NULL,
  PRIMARY KEY (`id`),
  KEY `ec_product_cross_sale_relations_from_product_id_index` (`from_product_id`),
  KEY `ec_product_cross_sale_relations_to_product_id_index` (`to_product_id`)
) ENGINE=InnoDB AUTO_INCREMENT=117 DEFAULT CHARSET=utf8mb4 COLLATE=utf8mb4_unicode_ci;
/*!40101 SET character_set_client = @saved_cs_client */;

--
-- Dumping data for table `ec_product_cross_sale_relations`
--

LOCK TABLES `ec_product_cross_sale_relations` WRITE;
/*!40000 ALTER TABLE `ec_product_cross_sale_relations` DISABLE KEYS */;
INSERT INTO `ec_product_cross_sale_relations` VALUES (1,1,17),(2,1,5),(3,1,14),(4,1,16),(5,2,10),(6,2,30),(7,2,17),(8,3,30),(9,3,9),(10,3,31),(11,3,21),(12,4,5),(13,4,17),(14,4,2),(15,4,22),(16,5,10),(17,5,21),(18,5,29),(19,5,13),(20,6,1),(21,6,26),(22,6,3),(23,6,17),(24,7,2),(25,7,18),(26,7,19),(27,7,22),(28,8,4),(29,8,14),(30,8,27),(31,8,12),(32,9,8),(33,9,4),(34,9,17),(35,10,30),(36,10,18),(37,10,27),(38,10,28),(39,11,5),(40,11,21),(41,11,19),(42,11,4),(43,12,23),(44,12,4),(45,12,31),(46,12,5),(47,13,3),(48,13,8),(49,13,29),(50,13,2),(51,14,13),(52,14,31),(53,14,30),(54,14,1),(55,15,21),(56,15,11),(57,15,8),(58,16,20),(59,16,2),(60,16,19),(61,17,24),(62,17,23),(63,17,29),(64,17,25),(65,18,4),(66,18,21),(67,18,6),(68,18,8),(69,19,2),(70,19,3),(71,19,18),(72,20,31),(73,20,29),(74,20,16),(75,20,3),(76,21,18),(77,21,28),(78,21,4),(79,22,4),(80,22,25),(81,22,24),(82,22,26),(83,23,11),(84,23,30),(85,23,8),(86,23,2),(87,24,28),(88,24,18),(89,24,7),(90,24,27),(91,25,28),(92,25,30),(93,25,9),(94,25,24),(95,26,22),(96,26,12),(97,26,1),(98,27,28),(99,27,25),(100,27,31),(101,27,16),(102,28,5),(103,28,18),(104,28,26),(105,28,29),(106,29,20),(107,29,22),(108,29,28),(109,30,9),(110,30,6),(111,30,24),(112,30,15),(113,31,29),(114,31,22),(115,31,14),(116,31,13);
/*!40000 ALTER TABLE `ec_product_cross_sale_relations` ENABLE KEYS */;
UNLOCK TABLES;

--
-- Table structure for table `ec_product_label_products`
--

DROP TABLE IF EXISTS `ec_product_label_products`;
/*!40101 SET @saved_cs_client     = @@character_set_client */;
/*!40101 SET character_set_client = utf8 */;
CREATE TABLE `ec_product_label_products` (
  `product_label_id` int(10) unsigned NOT NULL,
  `product_id` int(10) unsigned NOT NULL,
  PRIMARY KEY (`product_label_id`,`product_id`),
  KEY `ec_product_label_products_product_label_id_index` (`product_label_id`),
  KEY `ec_product_label_products_product_id_index` (`product_id`)
) ENGINE=InnoDB DEFAULT CHARSET=utf8mb4 COLLATE=utf8mb4_unicode_ci;
/*!40101 SET character_set_client = @saved_cs_client */;

--
-- Dumping data for table `ec_product_label_products`
--

LOCK TABLES `ec_product_label_products` WRITE;
/*!40000 ALTER TABLE `ec_product_label_products` DISABLE KEYS */;
INSERT INTO `ec_product_label_products` VALUES (1,3),(1,6),(1,15),(2,12),(2,18),(2,21),(2,24),(3,9),(3,27),(3,30);
/*!40000 ALTER TABLE `ec_product_label_products` ENABLE KEYS */;
UNLOCK TABLES;

--
-- Table structure for table `ec_product_labels`
--

DROP TABLE IF EXISTS `ec_product_labels`;
/*!40101 SET @saved_cs_client     = @@character_set_client */;
/*!40101 SET character_set_client = utf8 */;
CREATE TABLE `ec_product_labels` (
  `id` bigint(20) unsigned NOT NULL AUTO_INCREMENT,
  `name` varchar(255) COLLATE utf8mb4_unicode_ci NOT NULL,
  `color` varchar(120) COLLATE utf8mb4_unicode_ci DEFAULT NULL,
  `status` varchar(60) COLLATE utf8mb4_unicode_ci NOT NULL DEFAULT 'published',
  `created_at` timestamp NULL DEFAULT NULL,
  `updated_at` timestamp NULL DEFAULT NULL,
  PRIMARY KEY (`id`)
) ENGINE=InnoDB AUTO_INCREMENT=4 DEFAULT CHARSET=utf8mb4 COLLATE=utf8mb4_unicode_ci;
/*!40101 SET character_set_client = @saved_cs_client */;

--
-- Dumping data for table `ec_product_labels`
--

LOCK TABLES `ec_product_labels` WRITE;
/*!40000 ALTER TABLE `ec_product_labels` DISABLE KEYS */;
INSERT INTO `ec_product_labels` VALUES (1,'Hot','#ec2434','published','2021-09-14 22:28:11','2021-09-14 22:28:11'),(2,'New','#00c9a7','published','2021-09-14 22:28:11','2021-09-14 22:28:11'),(3,'Sale','#fe9931','published','2021-09-14 22:28:11','2021-09-14 22:28:11');
/*!40000 ALTER TABLE `ec_product_labels` ENABLE KEYS */;
UNLOCK TABLES;

--
-- Table structure for table `ec_product_labels_translations`
--

DROP TABLE IF EXISTS `ec_product_labels_translations`;
/*!40101 SET @saved_cs_client     = @@character_set_client */;
/*!40101 SET character_set_client = utf8 */;
CREATE TABLE `ec_product_labels_translations` (
  `lang_code` varchar(191) COLLATE utf8mb4_unicode_ci NOT NULL,
  `ec_product_labels_id` int(11) NOT NULL,
  `name` varchar(191) COLLATE utf8mb4_unicode_ci DEFAULT NULL,
  `description` varchar(191) COLLATE utf8mb4_unicode_ci DEFAULT NULL,
  PRIMARY KEY (`lang_code`,`ec_product_labels_id`)
) ENGINE=InnoDB DEFAULT CHARSET=utf8mb4 COLLATE=utf8mb4_unicode_ci;
/*!40101 SET character_set_client = @saved_cs_client */;

--
-- Dumping data for table `ec_product_labels_translations`
--

LOCK TABLES `ec_product_labels_translations` WRITE;
/*!40000 ALTER TABLE `ec_product_labels_translations` DISABLE KEYS */;
INSERT INTO `ec_product_labels_translations` VALUES ('vi',1,'Nổi bật',NULL),('vi',2,'Mới',NULL),('vi',3,'Giảm giá',NULL);
/*!40000 ALTER TABLE `ec_product_labels_translations` ENABLE KEYS */;
UNLOCK TABLES;

--
-- Table structure for table `ec_product_related_relations`
--

DROP TABLE IF EXISTS `ec_product_related_relations`;
/*!40101 SET @saved_cs_client     = @@character_set_client */;
/*!40101 SET character_set_client = utf8 */;
CREATE TABLE `ec_product_related_relations` (
  `id` bigint(20) unsigned NOT NULL AUTO_INCREMENT,
  `from_product_id` int(10) unsigned NOT NULL,
  `to_product_id` int(10) unsigned NOT NULL,
  PRIMARY KEY (`id`),
  KEY `ec_product_related_relations_from_product_id_index` (`from_product_id`),
  KEY `ec_product_related_relations_to_product_id_index` (`to_product_id`)
) ENGINE=InnoDB DEFAULT CHARSET=utf8mb4 COLLATE=utf8mb4_unicode_ci;
/*!40101 SET character_set_client = @saved_cs_client */;

--
-- Dumping data for table `ec_product_related_relations`
--

LOCK TABLES `ec_product_related_relations` WRITE;
/*!40000 ALTER TABLE `ec_product_related_relations` DISABLE KEYS */;
/*!40000 ALTER TABLE `ec_product_related_relations` ENABLE KEYS */;
UNLOCK TABLES;

--
-- Table structure for table `ec_product_tag_product`
--

DROP TABLE IF EXISTS `ec_product_tag_product`;
/*!40101 SET @saved_cs_client     = @@character_set_client */;
/*!40101 SET character_set_client = utf8 */;
CREATE TABLE `ec_product_tag_product` (
  `product_id` int(10) unsigned NOT NULL,
  `tag_id` int(10) unsigned NOT NULL,
  PRIMARY KEY (`product_id`,`tag_id`),
  KEY `ec_product_tag_product_product_id_index` (`product_id`),
  KEY `ec_product_tag_product_tag_id_index` (`tag_id`)
) ENGINE=InnoDB DEFAULT CHARSET=utf8mb4 COLLATE=utf8mb4_unicode_ci;
/*!40101 SET character_set_client = @saved_cs_client */;

--
-- Dumping data for table `ec_product_tag_product`
--

LOCK TABLES `ec_product_tag_product` WRITE;
/*!40000 ALTER TABLE `ec_product_tag_product` DISABLE KEYS */;
INSERT INTO `ec_product_tag_product` VALUES (1,5),(1,6),(2,2),(2,5),(3,3),(3,5),(3,6),(4,1),(4,6),(5,1),(5,5),(6,2),(6,6),(7,3),(7,5),(8,1),(8,2),(8,3),(9,2),(9,3),(9,6),(10,5),(10,6),(11,2),(11,5),(11,6),(12,2),(12,3),(12,5),(13,1),(13,3),(14,2),(14,5),(14,6),(15,1),(15,2),(16,1),(16,4),(17,2),(17,3),(17,4),(18,1),(18,2),(18,6),(19,3),(19,4),(20,2),(20,4),(21,3),(21,5),(22,1),(22,3),(22,6),(23,4),(23,5),(24,3),(24,5),(25,1),(25,4),(25,5),(26,3),(26,4),(26,5),(27,1),(27,2),(27,5),(28,2),(28,4),(28,5),(29,3),(29,4),(29,5),(30,1),(30,3),(30,5),(31,3),(31,4),(31,5);
/*!40000 ALTER TABLE `ec_product_tag_product` ENABLE KEYS */;
UNLOCK TABLES;

--
-- Table structure for table `ec_product_tags`
--

DROP TABLE IF EXISTS `ec_product_tags`;
/*!40101 SET @saved_cs_client     = @@character_set_client */;
/*!40101 SET character_set_client = utf8 */;
CREATE TABLE `ec_product_tags` (
  `id` bigint(20) unsigned NOT NULL AUTO_INCREMENT,
  `name` varchar(120) COLLATE utf8mb4_unicode_ci NOT NULL,
  `description` varchar(400) COLLATE utf8mb4_unicode_ci DEFAULT NULL,
  `status` varchar(60) COLLATE utf8mb4_unicode_ci NOT NULL DEFAULT 'published',
  `created_at` timestamp NULL DEFAULT NULL,
  `updated_at` timestamp NULL DEFAULT NULL,
  PRIMARY KEY (`id`)
) ENGINE=InnoDB AUTO_INCREMENT=7 DEFAULT CHARSET=utf8mb4 COLLATE=utf8mb4_unicode_ci;
/*!40101 SET character_set_client = @saved_cs_client */;

--
-- Dumping data for table `ec_product_tags`
--

LOCK TABLES `ec_product_tags` WRITE;
/*!40000 ALTER TABLE `ec_product_tags` DISABLE KEYS */;
INSERT INTO `ec_product_tags` VALUES (1,'Electronic',NULL,'published','2021-09-14 22:29:02','2021-09-14 22:29:02'),(2,'Mobile',NULL,'published','2021-09-14 22:29:02','2021-09-14 22:29:02'),(3,'Iphone',NULL,'published','2021-09-14 22:29:02','2021-09-14 22:29:02'),(4,'Printer',NULL,'published','2021-09-14 22:29:02','2021-09-14 22:29:02'),(5,'Office',NULL,'published','2021-09-14 22:29:02','2021-09-14 22:29:02'),(6,'IT',NULL,'published','2021-09-14 22:29:02','2021-09-14 22:29:02');
/*!40000 ALTER TABLE `ec_product_tags` ENABLE KEYS */;
UNLOCK TABLES;

--
-- Table structure for table `ec_product_up_sale_relations`
--

DROP TABLE IF EXISTS `ec_product_up_sale_relations`;
/*!40101 SET @saved_cs_client     = @@character_set_client */;
/*!40101 SET character_set_client = utf8 */;
CREATE TABLE `ec_product_up_sale_relations` (
  `id` bigint(20) unsigned NOT NULL AUTO_INCREMENT,
  `from_product_id` int(10) unsigned NOT NULL,
  `to_product_id` int(10) unsigned NOT NULL,
  PRIMARY KEY (`id`),
  KEY `ec_product_up_sale_relations_from_product_id_index` (`from_product_id`),
  KEY `ec_product_up_sale_relations_to_product_id_index` (`to_product_id`)
) ENGINE=InnoDB DEFAULT CHARSET=utf8mb4 COLLATE=utf8mb4_unicode_ci;
/*!40101 SET character_set_client = @saved_cs_client */;

--
-- Dumping data for table `ec_product_up_sale_relations`
--

LOCK TABLES `ec_product_up_sale_relations` WRITE;
/*!40000 ALTER TABLE `ec_product_up_sale_relations` DISABLE KEYS */;
/*!40000 ALTER TABLE `ec_product_up_sale_relations` ENABLE KEYS */;
UNLOCK TABLES;

--
-- Table structure for table `ec_product_variation_items`
--

DROP TABLE IF EXISTS `ec_product_variation_items`;
/*!40101 SET @saved_cs_client     = @@character_set_client */;
/*!40101 SET character_set_client = utf8 */;
CREATE TABLE `ec_product_variation_items` (
  `id` bigint(20) unsigned NOT NULL AUTO_INCREMENT,
  `attribute_id` int(10) unsigned NOT NULL,
  `variation_id` int(10) unsigned NOT NULL,
  PRIMARY KEY (`id`)
) ENGINE=InnoDB AUTO_INCREMENT=161 DEFAULT CHARSET=utf8mb4 COLLATE=utf8mb4_unicode_ci;
/*!40101 SET character_set_client = @saved_cs_client */;

--
-- Dumping data for table `ec_product_variation_items`
--

LOCK TABLES `ec_product_variation_items` WRITE;
/*!40000 ALTER TABLE `ec_product_variation_items` DISABLE KEYS */;
INSERT INTO `ec_product_variation_items` VALUES (1,4,1),(2,9,1),(3,4,2),(4,8,2),(5,3,3),(6,6,3),(7,3,4),(8,9,4),(9,4,5),(10,9,5),(11,4,6),(12,8,6),(13,3,7),(14,10,7),(15,2,8),(16,10,8),(17,5,9),(18,8,9),(19,4,10),(20,7,10),(21,5,11),(22,9,11),(23,1,12),(24,6,12),(25,1,13),(26,6,13),(27,4,14),(28,8,14),(29,2,15),(30,7,15),(31,3,16),(32,7,16),(33,5,17),(34,8,17),(35,1,18),(36,8,18),(37,1,19),(38,10,19),(39,1,20),(40,9,20),(41,2,21),(42,9,21),(43,3,22),(44,6,22),(45,3,23),(46,6,23),(47,3,24),(48,6,24),(49,1,25),(50,10,25),(51,2,26),(52,7,26),(53,3,27),(54,10,27),(55,3,28),(56,6,28),(57,2,29),(58,6,29),(59,3,30),(60,6,30),(61,4,31),(62,7,31),(63,5,32),(64,6,32),(65,5,33),(66,10,33),(67,5,34),(68,10,34),(69,4,35),(70,6,35),(71,2,36),(72,6,36),(73,3,37),(74,6,37),(75,3,38),(76,9,38),(77,3,39),(78,7,39),(79,2,40),(80,9,40),(81,2,41),(82,8,41),(83,5,42),(84,8,42),(85,5,43),(86,6,43),(87,4,44),(88,7,44),(89,5,45),(90,6,45),(91,1,46),(92,8,46),(93,2,47),(94,8,47),(95,1,48),(96,7,48),(97,2,49),(98,6,49),(99,4,50),(100,9,50),(101,2,51),(102,9,51),(103,4,52),(104,8,52),(105,5,53),(106,9,53),(107,1,54),(108,6,54),(109,1,55),(110,8,55),(111,1,56),(112,6,56),(113,4,57),(114,8,57),(115,5,58),(116,8,58),(117,4,59),(118,9,59),(119,1,60),(120,8,60),(121,1,61),(122,6,61),(123,1,62),(124,6,62),(125,3,63),(126,10,63),(127,4,64),(128,9,64),(129,4,65),(130,10,65),(131,4,66),(132,10,66),(133,1,67),(134,10,67),(135,4,68),(136,8,68),(137,1,69),(138,6,69),(139,5,70),(140,7,70),(141,5,71),(142,9,71),(143,5,72),(144,9,72),(145,3,73),(146,10,73),(147,2,74),(148,10,74),(149,2,75),(150,7,75),(151,4,76),(152,9,76),(153,4,77),(154,7,77),(155,5,78),(156,7,78),(157,4,79),(158,7,79),(159,2,80),(160,7,80);
/*!40000 ALTER TABLE `ec_product_variation_items` ENABLE KEYS */;
UNLOCK TABLES;

--
-- Table structure for table `ec_product_variations`
--

DROP TABLE IF EXISTS `ec_product_variations`;
/*!40101 SET @saved_cs_client     = @@character_set_client */;
/*!40101 SET character_set_client = utf8 */;
CREATE TABLE `ec_product_variations` (
  `id` bigint(20) unsigned NOT NULL AUTO_INCREMENT,
  `product_id` int(10) unsigned DEFAULT NULL,
  `configurable_product_id` int(10) unsigned NOT NULL,
  `is_default` tinyint(4) NOT NULL DEFAULT '0',
  PRIMARY KEY (`id`)
) ENGINE=InnoDB AUTO_INCREMENT=81 DEFAULT CHARSET=utf8mb4 COLLATE=utf8mb4_unicode_ci;
/*!40101 SET character_set_client = @saved_cs_client */;

--
-- Dumping data for table `ec_product_variations`
--

LOCK TABLES `ec_product_variations` WRITE;
/*!40000 ALTER TABLE `ec_product_variations` DISABLE KEYS */;
INSERT INTO `ec_product_variations` VALUES (1,32,1,1),(2,33,2,1),(3,34,2,0),(4,35,2,0),(5,36,3,1),(6,37,3,0),(7,38,3,0),(8,39,3,0),(9,40,3,0),(10,41,4,1),(11,42,4,0),(12,43,4,0),(13,44,5,1),(14,45,6,1),(15,46,6,0),(16,47,6,0),(17,48,7,1),(18,49,7,0),(19,50,8,1),(20,51,8,0),(21,52,9,1),(22,53,9,0),(23,54,9,0),(24,55,9,0),(25,56,10,1),(26,57,10,0),(27,58,11,1),(28,59,11,0),(29,60,11,0),(30,61,11,0),(31,62,12,1),(32,63,13,1),(33,64,13,0),(34,65,14,1),(35,66,15,1),(36,67,15,0),(37,68,16,1),(38,69,16,0),(39,70,16,0),(40,71,17,1),(41,72,18,1),(42,73,18,0),(43,74,18,0),(44,75,18,0),(45,76,19,1),(46,77,19,0),(47,78,19,0),(48,79,20,1),(49,80,21,1),(50,81,22,1),(51,82,22,0),(52,83,22,0),(53,84,23,1),(54,85,24,1),(55,86,24,0),(56,87,24,0),(57,88,24,0),(58,89,25,1),(59,90,25,0),(60,91,25,0),(61,92,26,1),(62,93,26,0),(63,94,26,0),(64,95,26,0),(65,96,27,1),(66,97,28,1),(67,98,28,0),(68,99,28,0),(69,100,28,0),(70,101,29,1),(71,102,29,0),(72,103,29,0),(73,104,29,0),(74,105,30,1),(75,106,30,0),(76,107,30,0),(77,108,31,1),(78,109,31,0),(79,110,31,0),(80,111,31,0);
/*!40000 ALTER TABLE `ec_product_variations` ENABLE KEYS */;
UNLOCK TABLES;

--
-- Table structure for table `ec_product_with_attribute`
--

DROP TABLE IF EXISTS `ec_product_with_attribute`;
/*!40101 SET @saved_cs_client     = @@character_set_client */;
/*!40101 SET character_set_client = utf8 */;
CREATE TABLE `ec_product_with_attribute` (
  `id` bigint(20) unsigned NOT NULL AUTO_INCREMENT,
  `attribute_id` int(10) unsigned NOT NULL,
  `product_id` int(10) unsigned NOT NULL,
  PRIMARY KEY (`id`)
) ENGINE=InnoDB AUTO_INCREMENT=63 DEFAULT CHARSET=utf8mb4 COLLATE=utf8mb4_unicode_ci;
/*!40101 SET character_set_client = @saved_cs_client */;

--
-- Dumping data for table `ec_product_with_attribute`
--

LOCK TABLES `ec_product_with_attribute` WRITE;
/*!40000 ALTER TABLE `ec_product_with_attribute` DISABLE KEYS */;
INSERT INTO `ec_product_with_attribute` VALUES (1,3,1),(2,9,1),(3,4,2),(4,8,2),(5,1,3),(6,10,3),(7,2,4),(8,7,4),(9,2,5),(10,6,5),(11,5,6),(12,6,6),(13,1,7),(14,8,7),(15,4,8),(16,8,8),(17,4,9),(18,10,9),(19,5,10),(20,8,10),(21,5,11),(22,6,11),(23,2,12),(24,9,12),(25,4,13),(26,10,13),(27,1,14),(28,10,14),(29,2,15),(30,8,15),(31,4,16),(32,6,16),(33,5,17),(34,9,17),(35,2,18),(36,10,18),(37,2,19),(38,8,19),(39,2,20),(40,8,20),(41,4,21),(42,9,21),(43,1,22),(44,6,22),(45,1,23),(46,8,23),(47,1,24),(48,10,24),(49,4,25),(50,7,25),(51,2,26),(52,10,26),(53,4,27),(54,10,27),(55,3,28),(56,9,28),(57,1,29),(58,8,29),(59,5,30),(60,10,30),(61,5,31),(62,7,31);
/*!40000 ALTER TABLE `ec_product_with_attribute` ENABLE KEYS */;
UNLOCK TABLES;

--
-- Table structure for table `ec_product_with_attribute_set`
--

DROP TABLE IF EXISTS `ec_product_with_attribute_set`;
/*!40101 SET @saved_cs_client     = @@character_set_client */;
/*!40101 SET character_set_client = utf8 */;
CREATE TABLE `ec_product_with_attribute_set` (
  `id` bigint(20) unsigned NOT NULL AUTO_INCREMENT,
  `attribute_set_id` int(10) unsigned NOT NULL,
  `product_id` int(10) unsigned NOT NULL,
  `order` tinyint(3) unsigned NOT NULL DEFAULT '0',
  PRIMARY KEY (`id`)
) ENGINE=InnoDB AUTO_INCREMENT=63 DEFAULT CHARSET=utf8mb4 COLLATE=utf8mb4_unicode_ci;
/*!40101 SET character_set_client = @saved_cs_client */;

--
-- Dumping data for table `ec_product_with_attribute_set`
--

LOCK TABLES `ec_product_with_attribute_set` WRITE;
/*!40000 ALTER TABLE `ec_product_with_attribute_set` DISABLE KEYS */;
INSERT INTO `ec_product_with_attribute_set` VALUES (1,1,1,0),(2,2,1,0),(3,1,2,0),(4,2,2,0),(5,1,3,0),(6,2,3,0),(7,1,4,0),(8,2,4,0),(9,1,5,0),(10,2,5,0),(11,1,6,0),(12,2,6,0),(13,1,7,0),(14,2,7,0),(15,1,8,0),(16,2,8,0),(17,1,9,0),(18,2,9,0),(19,1,10,0),(20,2,10,0),(21,1,11,0),(22,2,11,0),(23,1,12,0),(24,2,12,0),(25,1,13,0),(26,2,13,0),(27,1,14,0),(28,2,14,0),(29,1,15,0),(30,2,15,0),(31,1,16,0),(32,2,16,0),(33,1,17,0),(34,2,17,0),(35,1,18,0),(36,2,18,0),(37,1,19,0),(38,2,19,0),(39,1,20,0),(40,2,20,0),(41,1,21,0),(42,2,21,0),(43,1,22,0),(44,2,22,0),(45,1,23,0),(46,2,23,0),(47,1,24,0),(48,2,24,0),(49,1,25,0),(50,2,25,0),(51,1,26,0),(52,2,26,0),(53,1,27,0),(54,2,27,0),(55,1,28,0),(56,2,28,0),(57,1,29,0),(58,2,29,0),(59,1,30,0),(60,2,30,0),(61,1,31,0),(62,2,31,0);
/*!40000 ALTER TABLE `ec_product_with_attribute_set` ENABLE KEYS */;
UNLOCK TABLES;

--
-- Table structure for table `ec_products`
--

DROP TABLE IF EXISTS `ec_products`;
/*!40101 SET @saved_cs_client     = @@character_set_client */;
/*!40101 SET character_set_client = utf8 */;
CREATE TABLE `ec_products` (
  `id` bigint(20) unsigned NOT NULL AUTO_INCREMENT,
  `name` varchar(191) COLLATE utf8mb4_unicode_ci NOT NULL,
  `description` text COLLATE utf8mb4_unicode_ci,
  `content` longtext COLLATE utf8mb4_unicode_ci,
  `status` varchar(60) COLLATE utf8mb4_unicode_ci NOT NULL DEFAULT 'published',
  `images` text COLLATE utf8mb4_unicode_ci,
  `sku` varchar(191) COLLATE utf8mb4_unicode_ci DEFAULT NULL,
  `order` int(10) unsigned NOT NULL DEFAULT '0',
  `quantity` int(10) unsigned DEFAULT NULL,
  `allow_checkout_when_out_of_stock` tinyint(3) unsigned NOT NULL DEFAULT '0',
  `with_storehouse_management` tinyint(3) unsigned NOT NULL DEFAULT '0',
  `is_featured` tinyint(3) unsigned NOT NULL DEFAULT '0',
  `brand_id` int(10) unsigned DEFAULT NULL,
  `is_variation` tinyint(4) NOT NULL DEFAULT '0',
  `sale_type` tinyint(4) NOT NULL DEFAULT '0',
  `price` double unsigned DEFAULT NULL,
  `sale_price` double unsigned DEFAULT NULL,
  `start_date` timestamp NULL DEFAULT NULL,
  `end_date` timestamp NULL DEFAULT NULL,
  `length` double(8,2) DEFAULT NULL,
  `wide` double(8,2) DEFAULT NULL,
  `height` double(8,2) DEFAULT NULL,
  `weight` double(8,2) DEFAULT NULL,
  `created_at` timestamp NULL DEFAULT NULL,
  `updated_at` timestamp NULL DEFAULT NULL,
  `tax_id` int(10) unsigned DEFAULT NULL,
  `views` bigint(20) NOT NULL DEFAULT '0',
  `stock_status` varchar(191) COLLATE utf8mb4_unicode_ci DEFAULT 'in_stock',
  `created_by_id` int(11) DEFAULT '0',
  `created_by_type` varchar(255) COLLATE utf8mb4_unicode_ci NOT NULL DEFAULT 'Botble\\ACL\\Models\\User',
  PRIMARY KEY (`id`)
) ENGINE=InnoDB AUTO_INCREMENT=112 DEFAULT CHARSET=utf8mb4 COLLATE=utf8mb4_unicode_ci;
/*!40101 SET character_set_client = @saved_cs_client */;

--
-- Dumping data for table `ec_products`
--

LOCK TABLES `ec_products` WRITE;
/*!40000 ALTER TABLE `ec_products` DISABLE KEYS */;
INSERT INTO `ec_products` VALUES (1,'Smart Home Speaker','<p>Short Hooded Coat features a straight body, large pockets with button flaps, ventilation air holes, and a string detail along the hemline.</p>','<p>Short Hooded Coat features a straight body, large pockets with button flaps, ventilation air holes, and a string detail along the hemline. The style is completed with a drawstring hood, featuring Rains&rsquo; signature built-in cap. Made from waterproof, matte PU, this lightweight unisex rain jacket is an ode to nostalgia through its classic silhouette and utilitarian design details.</p>\n                                <p>- Casual unisex fit</p>\n\n                                <p>- 64% polyester, 36% polyurethane</p>\n\n                                <p>- Water column pressure: 4000 mm</p>\n\n                                <p>- Model is 187cm tall and wearing a size S / M</p>\n\n                                <p>- Unisex fit</p>\n\n                                <p>- Drawstring hood with built-in cap</p>\n\n                                <p>- Front placket with snap buttons</p>\n\n                                <p>- Ventilation under armpit</p>\n\n                                <p>- Adjustable cuffs</p>\n\n                                <p>- Double welted front pockets</p>\n\n                                <p>- Adjustable elastic string at hempen</p>\n\n                                <p>- Ultrasonically welded seams</p>\n\n                                <p>This is a unisex item, please check our clothing &amp; footwear sizing guide for specific Rains jacket sizing information. RAINS comes from the rainy nation of Denmark at the edge of the European continent, close to the ocean and with prevailing westerly winds; all factors that contribute to an average of 121 rain days each year. Arising from these rainy weather conditions comes the attitude that a quick rain shower may be beautiful, as well as moody- but first and foremost requires the right outfit. Rains focus on the whole experience of going outside on rainy days, issuing an invitation to explore even in the most mercurial weather.</p>','published','[\"products\\/1.jpg\",\"products\\/1-1.jpg\",\"products\\/1-2.jpg\",\"products\\/1-3.jpg\"]','HS-184-A0',0,13,0,1,1,6,0,0,288,NULL,NULL,NULL,17.00,19.00,18.00,807.00,'2021-09-14 22:29:01','2021-09-14 22:29:01',1,137761,'in_stock',0,'Botble\\ACL\\Models\\User'),(2,'Headphone Ultra Bass','<p>Short Hooded Coat features a straight body, large pockets with button flaps, ventilation air holes, and a string detail along the hemline.</p>','<p>Short Hooded Coat features a straight body, large pockets with button flaps, ventilation air holes, and a string detail along the hemline. The style is completed with a drawstring hood, featuring Rains&rsquo; signature built-in cap. Made from waterproof, matte PU, this lightweight unisex rain jacket is an ode to nostalgia through its classic silhouette and utilitarian design details.</p>\n                                <p>- Casual unisex fit</p>\n\n                                <p>- 64% polyester, 36% polyurethane</p>\n\n                                <p>- Water column pressure: 4000 mm</p>\n\n                                <p>- Model is 187cm tall and wearing a size S / M</p>\n\n                                <p>- Unisex fit</p>\n\n                                <p>- Drawstring hood with built-in cap</p>\n\n                                <p>- Front placket with snap buttons</p>\n\n                                <p>- Ventilation under armpit</p>\n\n                                <p>- Adjustable cuffs</p>\n\n                                <p>- Double welted front pockets</p>\n\n                                <p>- Adjustable elastic string at hempen</p>\n\n                                <p>- Ultrasonically welded seams</p>\n\n                                <p>This is a unisex item, please check our clothing &amp; footwear sizing guide for specific Rains jacket sizing information. RAINS comes from the rainy nation of Denmark at the edge of the European continent, close to the ocean and with prevailing westerly winds; all factors that contribute to an average of 121 rain days each year. Arising from these rainy weather conditions comes the attitude that a quick rain shower may be beautiful, as well as moody- but first and foremost requires the right outfit. Rains focus on the whole experience of going outside on rainy days, issuing an invitation to explore even in the most mercurial weather.</p>','published','[\"products\\/2.jpg\",\"products\\/2-1.jpg\",\"products\\/2-2.jpg\",\"products\\/2-3.jpg\"]','HS-127-A0',0,15,0,1,1,2,0,0,407,NULL,NULL,NULL,19.00,13.00,13.00,533.00,'2021-09-14 22:29:01','2021-09-14 22:29:01',1,167543,'in_stock',0,'Botble\\ACL\\Models\\User'),(3,'Boxed - Bluetooth Headphone','<p>Short Hooded Coat features a straight body, large pockets with button flaps, ventilation air holes, and a string detail along the hemline.</p>','<p>Short Hooded Coat features a straight body, large pockets with button flaps, ventilation air holes, and a string detail along the hemline. The style is completed with a drawstring hood, featuring Rains&rsquo; signature built-in cap. Made from waterproof, matte PU, this lightweight unisex rain jacket is an ode to nostalgia through its classic silhouette and utilitarian design details.</p>\n                                <p>- Casual unisex fit</p>\n\n                                <p>- 64% polyester, 36% polyurethane</p>\n\n                                <p>- Water column pressure: 4000 mm</p>\n\n                                <p>- Model is 187cm tall and wearing a size S / M</p>\n\n                                <p>- Unisex fit</p>\n\n                                <p>- Drawstring hood with built-in cap</p>\n\n                                <p>- Front placket with snap buttons</p>\n\n                                <p>- Ventilation under armpit</p>\n\n                                <p>- Adjustable cuffs</p>\n\n                                <p>- Double welted front pockets</p>\n\n                                <p>- Adjustable elastic string at hempen</p>\n\n                                <p>- Ultrasonically welded seams</p>\n\n                                <p>This is a unisex item, please check our clothing &amp; footwear sizing guide for specific Rains jacket sizing information. RAINS comes from the rainy nation of Denmark at the edge of the European continent, close to the ocean and with prevailing westerly winds; all factors that contribute to an average of 121 rain days each year. Arising from these rainy weather conditions comes the attitude that a quick rain shower may be beautiful, as well as moody- but first and foremost requires the right outfit. Rains focus on the whole experience of going outside on rainy days, issuing an invitation to explore even in the most mercurial weather.</p>','published','[\"products\\/3.jpg\",\"products\\/3-1.jpg\",\"products\\/3-2.jpg\",\"products\\/3-3.jpg\"]','HS-153-A0',0,12,0,1,1,7,0,0,277,NULL,NULL,NULL,12.00,14.00,10.00,616.00,'2021-09-14 22:29:01','2021-09-14 22:29:01',1,197047,'in_stock',0,'Botble\\ACL\\Models\\User'),(4,'Chikie - Bluetooth Speaker','<p>Short Hooded Coat features a straight body, large pockets with button flaps, ventilation air holes, and a string detail along the hemline.</p>','<p>Short Hooded Coat features a straight body, large pockets with button flaps, ventilation air holes, and a string detail along the hemline. The style is completed with a drawstring hood, featuring Rains&rsquo; signature built-in cap. Made from waterproof, matte PU, this lightweight unisex rain jacket is an ode to nostalgia through its classic silhouette and utilitarian design details.</p>\n                                <p>- Casual unisex fit</p>\n\n                                <p>- 64% polyester, 36% polyurethane</p>\n\n                                <p>- Water column pressure: 4000 mm</p>\n\n                                <p>- Model is 187cm tall and wearing a size S / M</p>\n\n                                <p>- Unisex fit</p>\n\n                                <p>- Drawstring hood with built-in cap</p>\n\n                                <p>- Front placket with snap buttons</p>\n\n                                <p>- Ventilation under armpit</p>\n\n                                <p>- Adjustable cuffs</p>\n\n                                <p>- Double welted front pockets</p>\n\n                                <p>- Adjustable elastic string at hempen</p>\n\n                                <p>- Ultrasonically welded seams</p>\n\n                                <p>This is a unisex item, please check our clothing &amp; footwear sizing guide for specific Rains jacket sizing information. RAINS comes from the rainy nation of Denmark at the edge of the European continent, close to the ocean and with prevailing westerly winds; all factors that contribute to an average of 121 rain days each year. Arising from these rainy weather conditions comes the attitude that a quick rain shower may be beautiful, as well as moody- but first and foremost requires the right outfit. Rains focus on the whole experience of going outside on rainy days, issuing an invitation to explore even in the most mercurial weather.</p>','published','[\"products\\/4.jpg\",\"products\\/4-1.jpg\",\"products\\/4-2.jpg\",\"products\\/4-3.jpg\"]','HS-114-A0',0,13,0,1,1,1,0,0,82,71.34,NULL,NULL,20.00,12.00,17.00,745.00,'2021-09-14 22:29:01','2021-09-14 22:29:01',1,42074,'in_stock',0,'Botble\\ACL\\Models\\User'),(5,'Camera Hikvision HK-35VS8','<p>Short Hooded Coat features a straight body, large pockets with button flaps, ventilation air holes, and a string detail along the hemline.</p>','<p>Short Hooded Coat features a straight body, large pockets with button flaps, ventilation air holes, and a string detail along the hemline. The style is completed with a drawstring hood, featuring Rains&rsquo; signature built-in cap. Made from waterproof, matte PU, this lightweight unisex rain jacket is an ode to nostalgia through its classic silhouette and utilitarian design details.</p>\n                                <p>- Casual unisex fit</p>\n\n                                <p>- 64% polyester, 36% polyurethane</p>\n\n                                <p>- Water column pressure: 4000 mm</p>\n\n                                <p>- Model is 187cm tall and wearing a size S / M</p>\n\n                                <p>- Unisex fit</p>\n\n                                <p>- Drawstring hood with built-in cap</p>\n\n                                <p>- Front placket with snap buttons</p>\n\n                                <p>- Ventilation under armpit</p>\n\n                                <p>- Adjustable cuffs</p>\n\n                                <p>- Double welted front pockets</p>\n\n                                <p>- Adjustable elastic string at hempen</p>\n\n                                <p>- Ultrasonically welded seams</p>\n\n                                <p>This is a unisex item, please check our clothing &amp; footwear sizing guide for specific Rains jacket sizing information. RAINS comes from the rainy nation of Denmark at the edge of the European continent, close to the ocean and with prevailing westerly winds; all factors that contribute to an average of 121 rain days each year. Arising from these rainy weather conditions comes the attitude that a quick rain shower may be beautiful, as well as moody- but first and foremost requires the right outfit. Rains focus on the whole experience of going outside on rainy days, issuing an invitation to explore even in the most mercurial weather.</p>','published','[\"products\\/5.jpg\",\"products\\/5-1.jpg\",\"products\\/5-2.jpg\",\"products\\/5-3.jpg\"]','HS-157-A0',0,19,0,1,1,6,0,0,45,NULL,NULL,NULL,18.00,11.00,14.00,505.00,'2021-09-14 22:29:01','2021-09-14 22:29:01',1,32848,'in_stock',0,'Botble\\ACL\\Models\\User'),(6,'Camera Samsung SS-24','<p>Short Hooded Coat features a straight body, large pockets with button flaps, ventilation air holes, and a string detail along the hemline.</p>','<p>Short Hooded Coat features a straight body, large pockets with button flaps, ventilation air holes, and a string detail along the hemline. The style is completed with a drawstring hood, featuring Rains&rsquo; signature built-in cap. Made from waterproof, matte PU, this lightweight unisex rain jacket is an ode to nostalgia through its classic silhouette and utilitarian design details.</p>\n                                <p>- Casual unisex fit</p>\n\n                                <p>- 64% polyester, 36% polyurethane</p>\n\n                                <p>- Water column pressure: 4000 mm</p>\n\n                                <p>- Model is 187cm tall and wearing a size S / M</p>\n\n                                <p>- Unisex fit</p>\n\n                                <p>- Drawstring hood with built-in cap</p>\n\n                                <p>- Front placket with snap buttons</p>\n\n                                <p>- Ventilation under armpit</p>\n\n                                <p>- Adjustable cuffs</p>\n\n                                <p>- Double welted front pockets</p>\n\n                                <p>- Adjustable elastic string at hempen</p>\n\n                                <p>- Ultrasonically welded seams</p>\n\n                                <p>This is a unisex item, please check our clothing &amp; footwear sizing guide for specific Rains jacket sizing information. RAINS comes from the rainy nation of Denmark at the edge of the European continent, close to the ocean and with prevailing westerly winds; all factors that contribute to an average of 121 rain days each year. Arising from these rainy weather conditions comes the attitude that a quick rain shower may be beautiful, as well as moody- but first and foremost requires the right outfit. Rains focus on the whole experience of going outside on rainy days, issuing an invitation to explore even in the most mercurial weather.</p>','published','[\"products\\/6.jpg\",\"products\\/6-1.jpg\"]','HS-121-A0',0,14,0,1,1,1,0,0,60,NULL,NULL,NULL,11.00,19.00,16.00,797.00,'2021-09-14 22:29:01','2021-09-14 22:29:01',1,77513,'in_stock',0,'Botble\\ACL\\Models\\User'),(7,'Leather Watch Band','<p>Short Hooded Coat features a straight body, large pockets with button flaps, ventilation air holes, and a string detail along the hemline.</p>','<p>Short Hooded Coat features a straight body, large pockets with button flaps, ventilation air holes, and a string detail along the hemline. The style is completed with a drawstring hood, featuring Rains&rsquo; signature built-in cap. Made from waterproof, matte PU, this lightweight unisex rain jacket is an ode to nostalgia through its classic silhouette and utilitarian design details.</p>\n                                <p>- Casual unisex fit</p>\n\n                                <p>- 64% polyester, 36% polyurethane</p>\n\n                                <p>- Water column pressure: 4000 mm</p>\n\n                                <p>- Model is 187cm tall and wearing a size S / M</p>\n\n                                <p>- Unisex fit</p>\n\n                                <p>- Drawstring hood with built-in cap</p>\n\n                                <p>- Front placket with snap buttons</p>\n\n                                <p>- Ventilation under armpit</p>\n\n                                <p>- Adjustable cuffs</p>\n\n                                <p>- Double welted front pockets</p>\n\n                                <p>- Adjustable elastic string at hempen</p>\n\n                                <p>- Ultrasonically welded seams</p>\n\n                                <p>This is a unisex item, please check our clothing &amp; footwear sizing guide for specific Rains jacket sizing information. RAINS comes from the rainy nation of Denmark at the edge of the European continent, close to the ocean and with prevailing westerly winds; all factors that contribute to an average of 121 rain days each year. Arising from these rainy weather conditions comes the attitude that a quick rain shower may be beautiful, as well as moody- but first and foremost requires the right outfit. Rains focus on the whole experience of going outside on rainy days, issuing an invitation to explore even in the most mercurial weather.</p>','published','[\"products\\/7.jpg\",\"products\\/7-1.jpg\"]','HS-125-A0',0,16,0,1,1,1,0,0,130,NULL,NULL,NULL,19.00,19.00,15.00,545.00,'2021-09-14 22:29:01','2021-09-14 22:29:01',1,158402,'in_stock',0,'Botble\\ACL\\Models\\User'),(8,'Apple iPhone 13 Plus','<p>Short Hooded Coat features a straight body, large pockets with button flaps, ventilation air holes, and a string detail along the hemline.</p>','<p>Short Hooded Coat features a straight body, large pockets with button flaps, ventilation air holes, and a string detail along the hemline. The style is completed with a drawstring hood, featuring Rains&rsquo; signature built-in cap. Made from waterproof, matte PU, this lightweight unisex rain jacket is an ode to nostalgia through its classic silhouette and utilitarian design details.</p>\n                                <p>- Casual unisex fit</p>\n\n                                <p>- 64% polyester, 36% polyurethane</p>\n\n                                <p>- Water column pressure: 4000 mm</p>\n\n                                <p>- Model is 187cm tall and wearing a size S / M</p>\n\n                                <p>- Unisex fit</p>\n\n                                <p>- Drawstring hood with built-in cap</p>\n\n                                <p>- Front placket with snap buttons</p>\n\n                                <p>- Ventilation under armpit</p>\n\n                                <p>- Adjustable cuffs</p>\n\n                                <p>- Double welted front pockets</p>\n\n                                <p>- Adjustable elastic string at hempen</p>\n\n                                <p>- Ultrasonically welded seams</p>\n\n                                <p>This is a unisex item, please check our clothing &amp; footwear sizing guide for specific Rains jacket sizing information. RAINS comes from the rainy nation of Denmark at the edge of the European continent, close to the ocean and with prevailing westerly winds; all factors that contribute to an average of 121 rain days each year. Arising from these rainy weather conditions comes the attitude that a quick rain shower may be beautiful, as well as moody- but first and foremost requires the right outfit. Rains focus on the whole experience of going outside on rainy days, issuing an invitation to explore even in the most mercurial weather.</p>','published','[\"products\\/8.jpg\",\"products\\/8-1.jpg\"]','HS-118-A0',0,20,0,1,1,5,0,0,122,95.16,NULL,NULL,11.00,11.00,11.00,815.00,'2021-09-14 22:29:01','2021-09-14 22:29:01',1,172151,'in_stock',0,'Botble\\ACL\\Models\\User'),(9,'Macbook Pro 2015','<p>Short Hooded Coat features a straight body, large pockets with button flaps, ventilation air holes, and a string detail along the hemline.</p>','<p>Short Hooded Coat features a straight body, large pockets with button flaps, ventilation air holes, and a string detail along the hemline. The style is completed with a drawstring hood, featuring Rains&rsquo; signature built-in cap. Made from waterproof, matte PU, this lightweight unisex rain jacket is an ode to nostalgia through its classic silhouette and utilitarian design details.</p>\n                                <p>- Casual unisex fit</p>\n\n                                <p>- 64% polyester, 36% polyurethane</p>\n\n                                <p>- Water column pressure: 4000 mm</p>\n\n                                <p>- Model is 187cm tall and wearing a size S / M</p>\n\n                                <p>- Unisex fit</p>\n\n                                <p>- Drawstring hood with built-in cap</p>\n\n                                <p>- Front placket with snap buttons</p>\n\n                                <p>- Ventilation under armpit</p>\n\n                                <p>- Adjustable cuffs</p>\n\n                                <p>- Double welted front pockets</p>\n\n                                <p>- Adjustable elastic string at hempen</p>\n\n                                <p>- Ultrasonically welded seams</p>\n\n                                <p>This is a unisex item, please check our clothing &amp; footwear sizing guide for specific Rains jacket sizing information. RAINS comes from the rainy nation of Denmark at the edge of the European continent, close to the ocean and with prevailing westerly winds; all factors that contribute to an average of 121 rain days each year. Arising from these rainy weather conditions comes the attitude that a quick rain shower may be beautiful, as well as moody- but first and foremost requires the right outfit. Rains focus on the whole experience of going outside on rainy days, issuing an invitation to explore even in the most mercurial weather.</p>','published','[\"products\\/9.jpg\",\"products\\/9-1.jpg\"]','HS-141-A0',0,15,0,1,1,6,0,0,113,NULL,NULL,NULL,10.00,13.00,15.00,547.00,'2021-09-14 22:29:01','2021-09-14 22:29:01',1,138551,'in_stock',0,'Botble\\ACL\\Models\\User'),(10,'Macbook Air 12 inch','<p>Short Hooded Coat features a straight body, large pockets with button flaps, ventilation air holes, and a string detail along the hemline.</p>','<p>Short Hooded Coat features a straight body, large pockets with button flaps, ventilation air holes, and a string detail along the hemline. The style is completed with a drawstring hood, featuring Rains&rsquo; signature built-in cap. Made from waterproof, matte PU, this lightweight unisex rain jacket is an ode to nostalgia through its classic silhouette and utilitarian design details.</p>\n                                <p>- Casual unisex fit</p>\n\n                                <p>- 64% polyester, 36% polyurethane</p>\n\n                                <p>- Water column pressure: 4000 mm</p>\n\n                                <p>- Model is 187cm tall and wearing a size S / M</p>\n\n                                <p>- Unisex fit</p>\n\n                                <p>- Drawstring hood with built-in cap</p>\n\n                                <p>- Front placket with snap buttons</p>\n\n                                <p>- Ventilation under armpit</p>\n\n                                <p>- Adjustable cuffs</p>\n\n                                <p>- Double welted front pockets</p>\n\n                                <p>- Adjustable elastic string at hempen</p>\n\n                                <p>- Ultrasonically welded seams</p>\n\n                                <p>This is a unisex item, please check our clothing &amp; footwear sizing guide for specific Rains jacket sizing information. RAINS comes from the rainy nation of Denmark at the edge of the European continent, close to the ocean and with prevailing westerly winds; all factors that contribute to an average of 121 rain days each year. Arising from these rainy weather conditions comes the attitude that a quick rain shower may be beautiful, as well as moody- but first and foremost requires the right outfit. Rains focus on the whole experience of going outside on rainy days, issuing an invitation to explore even in the most mercurial weather.</p>','published','[\"products\\/10.jpg\",\"products\\/10-1.jpg\"]','HS-200-A0',0,11,0,1,1,3,0,0,372,NULL,NULL,NULL,13.00,14.00,19.00,673.00,'2021-09-14 22:29:01','2021-09-14 22:29:01',1,69429,'in_stock',0,'Botble\\ACL\\Models\\User'),(11,'Apple Watch Serial 7','<p>Short Hooded Coat features a straight body, large pockets with button flaps, ventilation air holes, and a string detail along the hemline.</p>','<p>Short Hooded Coat features a straight body, large pockets with button flaps, ventilation air holes, and a string detail along the hemline. The style is completed with a drawstring hood, featuring Rains&rsquo; signature built-in cap. Made from waterproof, matte PU, this lightweight unisex rain jacket is an ode to nostalgia through its classic silhouette and utilitarian design details.</p>\n                                <p>- Casual unisex fit</p>\n\n                                <p>- 64% polyester, 36% polyurethane</p>\n\n                                <p>- Water column pressure: 4000 mm</p>\n\n                                <p>- Model is 187cm tall and wearing a size S / M</p>\n\n                                <p>- Unisex fit</p>\n\n                                <p>- Drawstring hood with built-in cap</p>\n\n                                <p>- Front placket with snap buttons</p>\n\n                                <p>- Ventilation under armpit</p>\n\n                                <p>- Adjustable cuffs</p>\n\n                                <p>- Double welted front pockets</p>\n\n                                <p>- Adjustable elastic string at hempen</p>\n\n                                <p>- Ultrasonically welded seams</p>\n\n                                <p>This is a unisex item, please check our clothing &amp; footwear sizing guide for specific Rains jacket sizing information. RAINS comes from the rainy nation of Denmark at the edge of the European continent, close to the ocean and with prevailing westerly winds; all factors that contribute to an average of 121 rain days each year. Arising from these rainy weather conditions comes the attitude that a quick rain shower may be beautiful, as well as moody- but first and foremost requires the right outfit. Rains focus on the whole experience of going outside on rainy days, issuing an invitation to explore even in the most mercurial weather.</p>','published','[\"products\\/11.jpg\",\"products\\/11-1.jpg\"]','HS-126-A0',0,10,0,1,1,3,0,0,115,NULL,NULL,NULL,15.00,14.00,15.00,710.00,'2021-09-14 22:29:01','2021-09-14 22:29:01',1,101369,'in_stock',0,'Botble\\ACL\\Models\\User'),(12,'Macbook Pro 13 inch','<p>Short Hooded Coat features a straight body, large pockets with button flaps, ventilation air holes, and a string detail along the hemline.</p>','<p>Short Hooded Coat features a straight body, large pockets with button flaps, ventilation air holes, and a string detail along the hemline. The style is completed with a drawstring hood, featuring Rains&rsquo; signature built-in cap. Made from waterproof, matte PU, this lightweight unisex rain jacket is an ode to nostalgia through its classic silhouette and utilitarian design details.</p>\n                                <p>- Casual unisex fit</p>\n\n                                <p>- 64% polyester, 36% polyurethane</p>\n\n                                <p>- Water column pressure: 4000 mm</p>\n\n                                <p>- Model is 187cm tall and wearing a size S / M</p>\n\n                                <p>- Unisex fit</p>\n\n                                <p>- Drawstring hood with built-in cap</p>\n\n                                <p>- Front placket with snap buttons</p>\n\n                                <p>- Ventilation under armpit</p>\n\n                                <p>- Adjustable cuffs</p>\n\n                                <p>- Double welted front pockets</p>\n\n                                <p>- Adjustable elastic string at hempen</p>\n\n                                <p>- Ultrasonically welded seams</p>\n\n                                <p>This is a unisex item, please check our clothing &amp; footwear sizing guide for specific Rains jacket sizing information. RAINS comes from the rainy nation of Denmark at the edge of the European continent, close to the ocean and with prevailing westerly winds; all factors that contribute to an average of 121 rain days each year. Arising from these rainy weather conditions comes the attitude that a quick rain shower may be beautiful, as well as moody- but first and foremost requires the right outfit. Rains focus on the whole experience of going outside on rainy days, issuing an invitation to explore even in the most mercurial weather.</p>','published','[\"products\\/12.jpg\",\"products\\/12-1.jpg\"]','HS-129-A0',0,13,0,1,1,2,0,0,122,98.82,NULL,NULL,11.00,12.00,15.00,849.00,'2021-09-14 22:29:01','2021-09-14 22:29:01',1,72954,'in_stock',0,'Botble\\ACL\\Models\\User'),(13,'Apple Keyboard','<p>Short Hooded Coat features a straight body, large pockets with button flaps, ventilation air holes, and a string detail along the hemline.</p>','<p>Short Hooded Coat features a straight body, large pockets with button flaps, ventilation air holes, and a string detail along the hemline. The style is completed with a drawstring hood, featuring Rains&rsquo; signature built-in cap. Made from waterproof, matte PU, this lightweight unisex rain jacket is an ode to nostalgia through its classic silhouette and utilitarian design details.</p>\n                                <p>- Casual unisex fit</p>\n\n                                <p>- 64% polyester, 36% polyurethane</p>\n\n                                <p>- Water column pressure: 4000 mm</p>\n\n                                <p>- Model is 187cm tall and wearing a size S / M</p>\n\n                                <p>- Unisex fit</p>\n\n                                <p>- Drawstring hood with built-in cap</p>\n\n                                <p>- Front placket with snap buttons</p>\n\n                                <p>- Ventilation under armpit</p>\n\n                                <p>- Adjustable cuffs</p>\n\n                                <p>- Double welted front pockets</p>\n\n                                <p>- Adjustable elastic string at hempen</p>\n\n                                <p>- Ultrasonically welded seams</p>\n\n                                <p>This is a unisex item, please check our clothing &amp; footwear sizing guide for specific Rains jacket sizing information. RAINS comes from the rainy nation of Denmark at the edge of the European continent, close to the ocean and with prevailing westerly winds; all factors that contribute to an average of 121 rain days each year. Arising from these rainy weather conditions comes the attitude that a quick rain shower may be beautiful, as well as moody- but first and foremost requires the right outfit. Rains focus on the whole experience of going outside on rainy days, issuing an invitation to explore even in the most mercurial weather.</p>','published','[\"products\\/13.jpg\",\"products\\/13-1.jpg\"]','HS-118-A0',0,11,0,1,1,5,0,0,115,NULL,NULL,NULL,16.00,18.00,18.00,587.00,'2021-09-14 22:29:01','2021-09-14 22:29:01',1,170336,'in_stock',0,'Botble\\ACL\\Models\\User'),(14,'MacSafe 80W','<p>Short Hooded Coat features a straight body, large pockets with button flaps, ventilation air holes, and a string detail along the hemline.</p>','<p>Short Hooded Coat features a straight body, large pockets with button flaps, ventilation air holes, and a string detail along the hemline. The style is completed with a drawstring hood, featuring Rains&rsquo; signature built-in cap. Made from waterproof, matte PU, this lightweight unisex rain jacket is an ode to nostalgia through its classic silhouette and utilitarian design details.</p>\n                                <p>- Casual unisex fit</p>\n\n                                <p>- 64% polyester, 36% polyurethane</p>\n\n                                <p>- Water column pressure: 4000 mm</p>\n\n                                <p>- Model is 187cm tall and wearing a size S / M</p>\n\n                                <p>- Unisex fit</p>\n\n                                <p>- Drawstring hood with built-in cap</p>\n\n                                <p>- Front placket with snap buttons</p>\n\n                                <p>- Ventilation under armpit</p>\n\n                                <p>- Adjustable cuffs</p>\n\n                                <p>- Double welted front pockets</p>\n\n                                <p>- Adjustable elastic string at hempen</p>\n\n                                <p>- Ultrasonically welded seams</p>\n\n                                <p>This is a unisex item, please check our clothing &amp; footwear sizing guide for specific Rains jacket sizing information. RAINS comes from the rainy nation of Denmark at the edge of the European continent, close to the ocean and with prevailing westerly winds; all factors that contribute to an average of 121 rain days each year. Arising from these rainy weather conditions comes the attitude that a quick rain shower may be beautiful, as well as moody- but first and foremost requires the right outfit. Rains focus on the whole experience of going outside on rainy days, issuing an invitation to explore even in the most mercurial weather.</p>','published','[\"products\\/14.jpg\",\"products\\/14-1.jpg\"]','HS-112-A0',0,10,0,1,1,5,0,0,124,NULL,NULL,NULL,14.00,18.00,10.00,834.00,'2021-09-14 22:29:01','2021-09-14 22:29:01',1,81028,'in_stock',0,'Botble\\ACL\\Models\\User'),(15,'Hand playstation','<p>Short Hooded Coat features a straight body, large pockets with button flaps, ventilation air holes, and a string detail along the hemline.</p>','<p>Short Hooded Coat features a straight body, large pockets with button flaps, ventilation air holes, and a string detail along the hemline. The style is completed with a drawstring hood, featuring Rains&rsquo; signature built-in cap. Made from waterproof, matte PU, this lightweight unisex rain jacket is an ode to nostalgia through its classic silhouette and utilitarian design details.</p>\n                                <p>- Casual unisex fit</p>\n\n                                <p>- 64% polyester, 36% polyurethane</p>\n\n                                <p>- Water column pressure: 4000 mm</p>\n\n                                <p>- Model is 187cm tall and wearing a size S / M</p>\n\n                                <p>- Unisex fit</p>\n\n                                <p>- Drawstring hood with built-in cap</p>\n\n                                <p>- Front placket with snap buttons</p>\n\n                                <p>- Ventilation under armpit</p>\n\n                                <p>- Adjustable cuffs</p>\n\n                                <p>- Double welted front pockets</p>\n\n                                <p>- Adjustable elastic string at hempen</p>\n\n                                <p>- Ultrasonically welded seams</p>\n\n                                <p>This is a unisex item, please check our clothing &amp; footwear sizing guide for specific Rains jacket sizing information. RAINS comes from the rainy nation of Denmark at the edge of the European continent, close to the ocean and with prevailing westerly winds; all factors that contribute to an average of 121 rain days each year. Arising from these rainy weather conditions comes the attitude that a quick rain shower may be beautiful, as well as moody- but first and foremost requires the right outfit. Rains focus on the whole experience of going outside on rainy days, issuing an invitation to explore even in the most mercurial weather.</p>','published','[\"products\\/15.jpg\",\"products\\/15-1.jpg\"]','HS-119-A0',0,19,0,1,1,5,0,0,118,NULL,NULL,NULL,15.00,11.00,17.00,674.00,'2021-09-14 22:29:01','2021-09-14 22:29:01',1,191779,'in_stock',0,'Botble\\ACL\\Models\\User'),(16,'Apple Airpods Serial 3','<p>Short Hooded Coat features a straight body, large pockets with button flaps, ventilation air holes, and a string detail along the hemline.</p>','<p>Short Hooded Coat features a straight body, large pockets with button flaps, ventilation air holes, and a string detail along the hemline. The style is completed with a drawstring hood, featuring Rains&rsquo; signature built-in cap. Made from waterproof, matte PU, this lightweight unisex rain jacket is an ode to nostalgia through its classic silhouette and utilitarian design details.</p>\n                                <p>- Casual unisex fit</p>\n\n                                <p>- 64% polyester, 36% polyurethane</p>\n\n                                <p>- Water column pressure: 4000 mm</p>\n\n                                <p>- Model is 187cm tall and wearing a size S / M</p>\n\n                                <p>- Unisex fit</p>\n\n                                <p>- Drawstring hood with built-in cap</p>\n\n                                <p>- Front placket with snap buttons</p>\n\n                                <p>- Ventilation under armpit</p>\n\n                                <p>- Adjustable cuffs</p>\n\n                                <p>- Double welted front pockets</p>\n\n                                <p>- Adjustable elastic string at hempen</p>\n\n                                <p>- Ultrasonically welded seams</p>\n\n                                <p>This is a unisex item, please check our clothing &amp; footwear sizing guide for specific Rains jacket sizing information. RAINS comes from the rainy nation of Denmark at the edge of the European continent, close to the ocean and with prevailing westerly winds; all factors that contribute to an average of 121 rain days each year. Arising from these rainy weather conditions comes the attitude that a quick rain shower may be beautiful, as well as moody- but first and foremost requires the right outfit. Rains focus on the whole experience of going outside on rainy days, issuing an invitation to explore even in the most mercurial weather.</p>','published','[\"products\\/16.jpg\"]','HS-143-A0',0,15,0,1,1,2,0,0,112,95.2,NULL,NULL,12.00,13.00,16.00,872.00,'2021-09-14 22:29:01','2021-09-14 22:29:01',1,147810,'in_stock',0,'Botble\\ACL\\Models\\User'),(17,'Cool Smart Watches','<p>Short Hooded Coat features a straight body, large pockets with button flaps, ventilation air holes, and a string detail along the hemline.</p>','<p>Short Hooded Coat features a straight body, large pockets with button flaps, ventilation air holes, and a string detail along the hemline. The style is completed with a drawstring hood, featuring Rains&rsquo; signature built-in cap. Made from waterproof, matte PU, this lightweight unisex rain jacket is an ode to nostalgia through its classic silhouette and utilitarian design details.</p>\n                                <p>- Casual unisex fit</p>\n\n                                <p>- 64% polyester, 36% polyurethane</p>\n\n                                <p>- Water column pressure: 4000 mm</p>\n\n                                <p>- Model is 187cm tall and wearing a size S / M</p>\n\n                                <p>- Unisex fit</p>\n\n                                <p>- Drawstring hood with built-in cap</p>\n\n                                <p>- Front placket with snap buttons</p>\n\n                                <p>- Ventilation under armpit</p>\n\n                                <p>- Adjustable cuffs</p>\n\n                                <p>- Double welted front pockets</p>\n\n                                <p>- Adjustable elastic string at hempen</p>\n\n                                <p>- Ultrasonically welded seams</p>\n\n                                <p>This is a unisex item, please check our clothing &amp; footwear sizing guide for specific Rains jacket sizing information. RAINS comes from the rainy nation of Denmark at the edge of the European continent, close to the ocean and with prevailing westerly winds; all factors that contribute to an average of 121 rain days each year. Arising from these rainy weather conditions comes the attitude that a quick rain shower may be beautiful, as well as moody- but first and foremost requires the right outfit. Rains focus on the whole experience of going outside on rainy days, issuing an invitation to explore even in the most mercurial weather.</p>','published','[\"products\\/17.jpg\"]','HS-121-A0',0,12,0,1,1,1,0,0,123,NULL,NULL,NULL,11.00,14.00,16.00,532.00,'2021-09-14 22:29:01','2021-09-14 22:29:01',1,36778,'in_stock',0,'Botble\\ACL\\Models\\User'),(18,'Black Smart Watches','<p>Short Hooded Coat features a straight body, large pockets with button flaps, ventilation air holes, and a string detail along the hemline.</p>','<p>Short Hooded Coat features a straight body, large pockets with button flaps, ventilation air holes, and a string detail along the hemline. The style is completed with a drawstring hood, featuring Rains&rsquo; signature built-in cap. Made from waterproof, matte PU, this lightweight unisex rain jacket is an ode to nostalgia through its classic silhouette and utilitarian design details.</p>\n                                <p>- Casual unisex fit</p>\n\n                                <p>- 64% polyester, 36% polyurethane</p>\n\n                                <p>- Water column pressure: 4000 mm</p>\n\n                                <p>- Model is 187cm tall and wearing a size S / M</p>\n\n                                <p>- Unisex fit</p>\n\n                                <p>- Drawstring hood with built-in cap</p>\n\n                                <p>- Front placket with snap buttons</p>\n\n                                <p>- Ventilation under armpit</p>\n\n                                <p>- Adjustable cuffs</p>\n\n                                <p>- Double welted front pockets</p>\n\n                                <p>- Adjustable elastic string at hempen</p>\n\n                                <p>- Ultrasonically welded seams</p>\n\n                                <p>This is a unisex item, please check our clothing &amp; footwear sizing guide for specific Rains jacket sizing information. RAINS comes from the rainy nation of Denmark at the edge of the European continent, close to the ocean and with prevailing westerly winds; all factors that contribute to an average of 121 rain days each year. Arising from these rainy weather conditions comes the attitude that a quick rain shower may be beautiful, as well as moody- but first and foremost requires the right outfit. Rains focus on the whole experience of going outside on rainy days, issuing an invitation to explore even in the most mercurial weather.</p>','published','[\"products\\/18.jpg\",\"products\\/18-1.jpg\",\"products\\/18-2.jpg\"]','HS-184-A0',0,19,0,1,1,6,0,0,119,NULL,NULL,NULL,15.00,10.00,17.00,574.00,'2021-09-14 22:29:01','2021-09-14 22:29:01',1,130306,'in_stock',0,'Botble\\ACL\\Models\\User'),(19,'Leather Watch Band Serial 3','<p>Short Hooded Coat features a straight body, large pockets with button flaps, ventilation air holes, and a string detail along the hemline.</p>','<p>Short Hooded Coat features a straight body, large pockets with button flaps, ventilation air holes, and a string detail along the hemline. The style is completed with a drawstring hood, featuring Rains&rsquo; signature built-in cap. Made from waterproof, matte PU, this lightweight unisex rain jacket is an ode to nostalgia through its classic silhouette and utilitarian design details.</p>\n                                <p>- Casual unisex fit</p>\n\n                                <p>- 64% polyester, 36% polyurethane</p>\n\n                                <p>- Water column pressure: 4000 mm</p>\n\n                                <p>- Model is 187cm tall and wearing a size S / M</p>\n\n                                <p>- Unisex fit</p>\n\n                                <p>- Drawstring hood with built-in cap</p>\n\n                                <p>- Front placket with snap buttons</p>\n\n                                <p>- Ventilation under armpit</p>\n\n                                <p>- Adjustable cuffs</p>\n\n                                <p>- Double welted front pockets</p>\n\n                                <p>- Adjustable elastic string at hempen</p>\n\n                                <p>- Ultrasonically welded seams</p>\n\n                                <p>This is a unisex item, please check our clothing &amp; footwear sizing guide for specific Rains jacket sizing information. RAINS comes from the rainy nation of Denmark at the edge of the European continent, close to the ocean and with prevailing westerly winds; all factors that contribute to an average of 121 rain days each year. Arising from these rainy weather conditions comes the attitude that a quick rain shower may be beautiful, as well as moody- but first and foremost requires the right outfit. Rains focus on the whole experience of going outside on rainy days, issuing an invitation to explore even in the most mercurial weather.</p>','published','[\"products\\/19.jpg\",\"products\\/19-1.jpg\"]','HS-147-A0',0,14,0,1,1,4,0,0,114,NULL,NULL,NULL,18.00,11.00,10.00,727.00,'2021-09-14 22:29:01','2021-09-14 22:29:01',1,143808,'in_stock',0,'Botble\\ACL\\Models\\User'),(20,'Macbook Pro 2015 13 inch','<p>Short Hooded Coat features a straight body, large pockets with button flaps, ventilation air holes, and a string detail along the hemline.</p>','<p>Short Hooded Coat features a straight body, large pockets with button flaps, ventilation air holes, and a string detail along the hemline. The style is completed with a drawstring hood, featuring Rains&rsquo; signature built-in cap. Made from waterproof, matte PU, this lightweight unisex rain jacket is an ode to nostalgia through its classic silhouette and utilitarian design details.</p>\n                                <p>- Casual unisex fit</p>\n\n                                <p>- 64% polyester, 36% polyurethane</p>\n\n                                <p>- Water column pressure: 4000 mm</p>\n\n                                <p>- Model is 187cm tall and wearing a size S / M</p>\n\n                                <p>- Unisex fit</p>\n\n                                <p>- Drawstring hood with built-in cap</p>\n\n                                <p>- Front placket with snap buttons</p>\n\n                                <p>- Ventilation under armpit</p>\n\n                                <p>- Adjustable cuffs</p>\n\n                                <p>- Double welted front pockets</p>\n\n                                <p>- Adjustable elastic string at hempen</p>\n\n                                <p>- Ultrasonically welded seams</p>\n\n                                <p>This is a unisex item, please check our clothing &amp; footwear sizing guide for specific Rains jacket sizing information. RAINS comes from the rainy nation of Denmark at the edge of the European continent, close to the ocean and with prevailing westerly winds; all factors that contribute to an average of 121 rain days each year. Arising from these rainy weather conditions comes the attitude that a quick rain shower may be beautiful, as well as moody- but first and foremost requires the right outfit. Rains focus on the whole experience of going outside on rainy days, issuing an invitation to explore even in the most mercurial weather.</p>','published','[\"products\\/20.jpg\",\"products\\/20-1.jpg\"]','HS-122-A0',0,15,0,1,1,6,0,0,110,78.1,NULL,NULL,13.00,17.00,11.00,796.00,'2021-09-14 22:29:01','2021-09-14 22:29:01',1,186864,'in_stock',0,'Botble\\ACL\\Models\\User'),(21,'Historic Alarm Clock','<p>Short Hooded Coat features a straight body, large pockets with button flaps, ventilation air holes, and a string detail along the hemline.</p>','<p>Short Hooded Coat features a straight body, large pockets with button flaps, ventilation air holes, and a string detail along the hemline. The style is completed with a drawstring hood, featuring Rains&rsquo; signature built-in cap. Made from waterproof, matte PU, this lightweight unisex rain jacket is an ode to nostalgia through its classic silhouette and utilitarian design details.</p>\n                                <p>- Casual unisex fit</p>\n\n                                <p>- 64% polyester, 36% polyurethane</p>\n\n                                <p>- Water column pressure: 4000 mm</p>\n\n                                <p>- Model is 187cm tall and wearing a size S / M</p>\n\n                                <p>- Unisex fit</p>\n\n                                <p>- Drawstring hood with built-in cap</p>\n\n                                <p>- Front placket with snap buttons</p>\n\n                                <p>- Ventilation under armpit</p>\n\n                                <p>- Adjustable cuffs</p>\n\n                                <p>- Double welted front pockets</p>\n\n                                <p>- Adjustable elastic string at hempen</p>\n\n                                <p>- Ultrasonically welded seams</p>\n\n                                <p>This is a unisex item, please check our clothing &amp; footwear sizing guide for specific Rains jacket sizing information. RAINS comes from the rainy nation of Denmark at the edge of the European continent, close to the ocean and with prevailing westerly winds; all factors that contribute to an average of 121 rain days each year. Arising from these rainy weather conditions comes the attitude that a quick rain shower may be beautiful, as well as moody- but first and foremost requires the right outfit. Rains focus on the whole experience of going outside on rainy days, issuing an invitation to explore even in the most mercurial weather.</p>','published','[\"products\\/21.jpg\",\"products\\/21-1.jpg\"]','HS-186-A0',0,11,0,1,1,5,0,0,114,NULL,NULL,NULL,16.00,17.00,13.00,776.00,'2021-09-14 22:29:01','2021-09-14 22:29:01',1,145627,'in_stock',0,'Botble\\ACL\\Models\\User'),(22,'Black Glasses','<p>Short Hooded Coat features a straight body, large pockets with button flaps, ventilation air holes, and a string detail along the hemline.</p>','<p>Short Hooded Coat features a straight body, large pockets with button flaps, ventilation air holes, and a string detail along the hemline. The style is completed with a drawstring hood, featuring Rains&rsquo; signature built-in cap. Made from waterproof, matte PU, this lightweight unisex rain jacket is an ode to nostalgia through its classic silhouette and utilitarian design details.</p>\n                                <p>- Casual unisex fit</p>\n\n                                <p>- 64% polyester, 36% polyurethane</p>\n\n                                <p>- Water column pressure: 4000 mm</p>\n\n                                <p>- Model is 187cm tall and wearing a size S / M</p>\n\n                                <p>- Unisex fit</p>\n\n                                <p>- Drawstring hood with built-in cap</p>\n\n                                <p>- Front placket with snap buttons</p>\n\n                                <p>- Ventilation under armpit</p>\n\n                                <p>- Adjustable cuffs</p>\n\n                                <p>- Double welted front pockets</p>\n\n                                <p>- Adjustable elastic string at hempen</p>\n\n                                <p>- Ultrasonically welded seams</p>\n\n                                <p>This is a unisex item, please check our clothing &amp; footwear sizing guide for specific Rains jacket sizing information. RAINS comes from the rainy nation of Denmark at the edge of the European continent, close to the ocean and with prevailing westerly winds; all factors that contribute to an average of 121 rain days each year. Arising from these rainy weather conditions comes the attitude that a quick rain shower may be beautiful, as well as moody- but first and foremost requires the right outfit. Rains focus on the whole experience of going outside on rainy days, issuing an invitation to explore even in the most mercurial weather.</p>','published','[\"products\\/22.jpg\",\"products\\/22-1.jpg\"]','HS-120-A0',0,16,0,1,1,1,0,0,116,NULL,NULL,NULL,20.00,12.00,20.00,745.00,'2021-09-14 22:29:01','2021-09-14 22:29:01',1,106929,'in_stock',0,'Botble\\ACL\\Models\\User'),(23,'Phillips Mouse','<p>Short Hooded Coat features a straight body, large pockets with button flaps, ventilation air holes, and a string detail along the hemline.</p>','<p>Short Hooded Coat features a straight body, large pockets with button flaps, ventilation air holes, and a string detail along the hemline. The style is completed with a drawstring hood, featuring Rains&rsquo; signature built-in cap. Made from waterproof, matte PU, this lightweight unisex rain jacket is an ode to nostalgia through its classic silhouette and utilitarian design details.</p>\n                                <p>- Casual unisex fit</p>\n\n                                <p>- 64% polyester, 36% polyurethane</p>\n\n                                <p>- Water column pressure: 4000 mm</p>\n\n                                <p>- Model is 187cm tall and wearing a size S / M</p>\n\n                                <p>- Unisex fit</p>\n\n                                <p>- Drawstring hood with built-in cap</p>\n\n                                <p>- Front placket with snap buttons</p>\n\n                                <p>- Ventilation under armpit</p>\n\n                                <p>- Adjustable cuffs</p>\n\n                                <p>- Double welted front pockets</p>\n\n                                <p>- Adjustable elastic string at hempen</p>\n\n                                <p>- Ultrasonically welded seams</p>\n\n                                <p>This is a unisex item, please check our clothing &amp; footwear sizing guide for specific Rains jacket sizing information. RAINS comes from the rainy nation of Denmark at the edge of the European continent, close to the ocean and with prevailing westerly winds; all factors that contribute to an average of 121 rain days each year. Arising from these rainy weather conditions comes the attitude that a quick rain shower may be beautiful, as well as moody- but first and foremost requires the right outfit. Rains focus on the whole experience of going outside on rainy days, issuing an invitation to explore even in the most mercurial weather.</p>','published','[\"products\\/23.jpg\",\"products\\/23-1.jpg\"]','HS-147-A0',0,15,0,1,1,2,0,0,128,NULL,NULL,NULL,14.00,19.00,16.00,553.00,'2021-09-14 22:29:01','2021-09-14 22:29:01',1,74556,'in_stock',0,'Botble\\ACL\\Models\\User'),(24,'Gaming Keyboard','<p>Short Hooded Coat features a straight body, large pockets with button flaps, ventilation air holes, and a string detail along the hemline.</p>','<p>Short Hooded Coat features a straight body, large pockets with button flaps, ventilation air holes, and a string detail along the hemline. The style is completed with a drawstring hood, featuring Rains&rsquo; signature built-in cap. Made from waterproof, matte PU, this lightweight unisex rain jacket is an ode to nostalgia through its classic silhouette and utilitarian design details.</p>\n                                <p>- Casual unisex fit</p>\n\n                                <p>- 64% polyester, 36% polyurethane</p>\n\n                                <p>- Water column pressure: 4000 mm</p>\n\n                                <p>- Model is 187cm tall and wearing a size S / M</p>\n\n                                <p>- Unisex fit</p>\n\n                                <p>- Drawstring hood with built-in cap</p>\n\n                                <p>- Front placket with snap buttons</p>\n\n                                <p>- Ventilation under armpit</p>\n\n                                <p>- Adjustable cuffs</p>\n\n                                <p>- Double welted front pockets</p>\n\n                                <p>- Adjustable elastic string at hempen</p>\n\n                                <p>- Ultrasonically welded seams</p>\n\n                                <p>This is a unisex item, please check our clothing &amp; footwear sizing guide for specific Rains jacket sizing information. RAINS comes from the rainy nation of Denmark at the edge of the European continent, close to the ocean and with prevailing westerly winds; all factors that contribute to an average of 121 rain days each year. Arising from these rainy weather conditions comes the attitude that a quick rain shower may be beautiful, as well as moody- but first and foremost requires the right outfit. Rains focus on the whole experience of going outside on rainy days, issuing an invitation to explore even in the most mercurial weather.</p>','published','[\"products\\/24.jpg\",\"products\\/24-1.jpg\"]','HS-149-A0',0,10,0,1,1,4,0,0,112,88.48,NULL,NULL,13.00,16.00,14.00,745.00,'2021-09-14 22:29:01','2021-09-14 22:29:01',1,103428,'in_stock',0,'Botble\\ACL\\Models\\User'),(25,'Dual Camera 20MP','<p>Short Hooded Coat features a straight body, large pockets with button flaps, ventilation air holes, and a string detail along the hemline.</p>','<p>Short Hooded Coat features a straight body, large pockets with button flaps, ventilation air holes, and a string detail along the hemline. The style is completed with a drawstring hood, featuring Rains&rsquo; signature built-in cap. Made from waterproof, matte PU, this lightweight unisex rain jacket is an ode to nostalgia through its classic silhouette and utilitarian design details.</p>\n                                <p>- Casual unisex fit</p>\n\n                                <p>- 64% polyester, 36% polyurethane</p>\n\n                                <p>- Water column pressure: 4000 mm</p>\n\n                                <p>- Model is 187cm tall and wearing a size S / M</p>\n\n                                <p>- Unisex fit</p>\n\n                                <p>- Drawstring hood with built-in cap</p>\n\n                                <p>- Front placket with snap buttons</p>\n\n                                <p>- Ventilation under armpit</p>\n\n                                <p>- Adjustable cuffs</p>\n\n                                <p>- Double welted front pockets</p>\n\n                                <p>- Adjustable elastic string at hempen</p>\n\n                                <p>- Ultrasonically welded seams</p>\n\n                                <p>This is a unisex item, please check our clothing &amp; footwear sizing guide for specific Rains jacket sizing information. RAINS comes from the rainy nation of Denmark at the edge of the European continent, close to the ocean and with prevailing westerly winds; all factors that contribute to an average of 121 rain days each year. Arising from these rainy weather conditions comes the attitude that a quick rain shower may be beautiful, as well as moody- but first and foremost requires the right outfit. Rains focus on the whole experience of going outside on rainy days, issuing an invitation to explore even in the most mercurial weather.</p>','published','[\"products\\/25.jpg\",\"products\\/25-1.jpg\"]','HS-190-A0',0,19,0,1,0,7,0,0,80.25,NULL,NULL,NULL,20.00,16.00,12.00,566.00,'2021-09-14 22:29:01','2021-09-14 22:29:02',1,131343,'in_stock',0,'Botble\\ACL\\Models\\User'),(26,'Smart Watches','<p>Short Hooded Coat features a straight body, large pockets with button flaps, ventilation air holes, and a string detail along the hemline.</p>','<p>Short Hooded Coat features a straight body, large pockets with button flaps, ventilation air holes, and a string detail along the hemline. The style is completed with a drawstring hood, featuring Rains&rsquo; signature built-in cap. Made from waterproof, matte PU, this lightweight unisex rain jacket is an ode to nostalgia through its classic silhouette and utilitarian design details.</p>\n                                <p>- Casual unisex fit</p>\n\n                                <p>- 64% polyester, 36% polyurethane</p>\n\n                                <p>- Water column pressure: 4000 mm</p>\n\n                                <p>- Model is 187cm tall and wearing a size S / M</p>\n\n                                <p>- Unisex fit</p>\n\n                                <p>- Drawstring hood with built-in cap</p>\n\n                                <p>- Front placket with snap buttons</p>\n\n                                <p>- Ventilation under armpit</p>\n\n                                <p>- Adjustable cuffs</p>\n\n                                <p>- Double welted front pockets</p>\n\n                                <p>- Adjustable elastic string at hempen</p>\n\n                                <p>- Ultrasonically welded seams</p>\n\n                                <p>This is a unisex item, please check our clothing &amp; footwear sizing guide for specific Rains jacket sizing information. RAINS comes from the rainy nation of Denmark at the edge of the European continent, close to the ocean and with prevailing westerly winds; all factors that contribute to an average of 121 rain days each year. Arising from these rainy weather conditions comes the attitude that a quick rain shower may be beautiful, as well as moody- but first and foremost requires the right outfit. Rains focus on the whole experience of going outside on rainy days, issuing an invitation to explore even in the most mercurial weather.</p>','published','[\"products\\/26.jpg\",\"products\\/26-1.jpg\",\"products\\/26-2.jpg\"]','HS-195-A0',0,12,0,1,0,6,0,0,40.5,NULL,NULL,NULL,18.00,10.00,17.00,566.00,'2021-09-14 22:29:01','2021-09-14 22:29:02',1,108839,'in_stock',0,'Botble\\ACL\\Models\\User'),(27,'Beat Headphone','<p>Short Hooded Coat features a straight body, large pockets with button flaps, ventilation air holes, and a string detail along the hemline.</p>','<p>Short Hooded Coat features a straight body, large pockets with button flaps, ventilation air holes, and a string detail along the hemline. The style is completed with a drawstring hood, featuring Rains&rsquo; signature built-in cap. Made from waterproof, matte PU, this lightweight unisex rain jacket is an ode to nostalgia through its classic silhouette and utilitarian design details.</p>\n                                <p>- Casual unisex fit</p>\n\n                                <p>- 64% polyester, 36% polyurethane</p>\n\n                                <p>- Water column pressure: 4000 mm</p>\n\n                                <p>- Model is 187cm tall and wearing a size S / M</p>\n\n                                <p>- Unisex fit</p>\n\n                                <p>- Drawstring hood with built-in cap</p>\n\n                                <p>- Front placket with snap buttons</p>\n\n                                <p>- Ventilation under armpit</p>\n\n                                <p>- Adjustable cuffs</p>\n\n                                <p>- Double welted front pockets</p>\n\n                                <p>- Adjustable elastic string at hempen</p>\n\n                                <p>- Ultrasonically welded seams</p>\n\n                                <p>This is a unisex item, please check our clothing &amp; footwear sizing guide for specific Rains jacket sizing information. RAINS comes from the rainy nation of Denmark at the edge of the European continent, close to the ocean and with prevailing westerly winds; all factors that contribute to an average of 121 rain days each year. Arising from these rainy weather conditions comes the attitude that a quick rain shower may be beautiful, as well as moody- but first and foremost requires the right outfit. Rains focus on the whole experience of going outside on rainy days, issuing an invitation to explore even in the most mercurial weather.</p>','published','[\"products\\/27.jpg\",\"products\\/27-1.jpg\"]','HS-157-A0',0,12,0,1,0,1,0,0,20,NULL,NULL,NULL,14.00,15.00,20.00,809.00,'2021-09-14 22:29:01','2021-09-14 22:29:02',1,47074,'in_stock',0,'Botble\\ACL\\Models\\User'),(28,'Red & Black Headphone','<p>Short Hooded Coat features a straight body, large pockets with button flaps, ventilation air holes, and a string detail along the hemline.</p>','<p>Short Hooded Coat features a straight body, large pockets with button flaps, ventilation air holes, and a string detail along the hemline. The style is completed with a drawstring hood, featuring Rains&rsquo; signature built-in cap. Made from waterproof, matte PU, this lightweight unisex rain jacket is an ode to nostalgia through its classic silhouette and utilitarian design details.</p>\n                                <p>- Casual unisex fit</p>\n\n                                <p>- 64% polyester, 36% polyurethane</p>\n\n                                <p>- Water column pressure: 4000 mm</p>\n\n                                <p>- Model is 187cm tall and wearing a size S / M</p>\n\n                                <p>- Unisex fit</p>\n\n                                <p>- Drawstring hood with built-in cap</p>\n\n                                <p>- Front placket with snap buttons</p>\n\n                                <p>- Ventilation under armpit</p>\n\n                                <p>- Adjustable cuffs</p>\n\n                                <p>- Double welted front pockets</p>\n\n                                <p>- Adjustable elastic string at hempen</p>\n\n                                <p>- Ultrasonically welded seams</p>\n\n                                <p>This is a unisex item, please check our clothing &amp; footwear sizing guide for specific Rains jacket sizing information. RAINS comes from the rainy nation of Denmark at the edge of the European continent, close to the ocean and with prevailing westerly winds; all factors that contribute to an average of 121 rain days each year. Arising from these rainy weather conditions comes the attitude that a quick rain shower may be beautiful, as well as moody- but first and foremost requires the right outfit. Rains focus on the whole experience of going outside on rainy days, issuing an invitation to explore even in the most mercurial weather.</p>','published','[\"products\\/28.jpg\",\"products\\/28-1.jpg\"]','HS-113-A0',0,17,0,1,0,4,0,0,59,46.02,NULL,NULL,17.00,11.00,10.00,677.00,'2021-09-14 22:29:01','2021-09-14 22:29:02',1,179875,'in_stock',0,'Botble\\ACL\\Models\\User'),(29,'Audio Equipment','<p>Short Hooded Coat features a straight body, large pockets with button flaps, ventilation air holes, and a string detail along the hemline.</p>','<p>Short Hooded Coat features a straight body, large pockets with button flaps, ventilation air holes, and a string detail along the hemline. The style is completed with a drawstring hood, featuring Rains&rsquo; signature built-in cap. Made from waterproof, matte PU, this lightweight unisex rain jacket is an ode to nostalgia through its classic silhouette and utilitarian design details.</p>\n                                <p>- Casual unisex fit</p>\n\n                                <p>- 64% polyester, 36% polyurethane</p>\n\n                                <p>- Water column pressure: 4000 mm</p>\n\n                                <p>- Model is 187cm tall and wearing a size S / M</p>\n\n                                <p>- Unisex fit</p>\n\n                                <p>- Drawstring hood with built-in cap</p>\n\n                                <p>- Front placket with snap buttons</p>\n\n                                <p>- Ventilation under armpit</p>\n\n                                <p>- Adjustable cuffs</p>\n\n                                <p>- Double welted front pockets</p>\n\n                                <p>- Adjustable elastic string at hempen</p>\n\n                                <p>- Ultrasonically welded seams</p>\n\n                                <p>This is a unisex item, please check our clothing &amp; footwear sizing guide for specific Rains jacket sizing information. RAINS comes from the rainy nation of Denmark at the edge of the European continent, close to the ocean and with prevailing westerly winds; all factors that contribute to an average of 121 rain days each year. Arising from these rainy weather conditions comes the attitude that a quick rain shower may be beautiful, as well as moody- but first and foremost requires the right outfit. Rains focus on the whole experience of going outside on rainy days, issuing an invitation to explore even in the most mercurial weather.</p>','published','[\"products\\/29.jpg\",\"products\\/29-1.jpg\"]','HS-106-A0',0,17,0,1,0,7,0,0,58,NULL,NULL,NULL,12.00,12.00,13.00,631.00,'2021-09-14 22:29:01','2021-09-14 22:29:02',1,159412,'in_stock',0,'Botble\\ACL\\Models\\User'),(30,'Smart Televisions','<p>Short Hooded Coat features a straight body, large pockets with button flaps, ventilation air holes, and a string detail along the hemline.</p>','<p>Short Hooded Coat features a straight body, large pockets with button flaps, ventilation air holes, and a string detail along the hemline. The style is completed with a drawstring hood, featuring Rains&rsquo; signature built-in cap. Made from waterproof, matte PU, this lightweight unisex rain jacket is an ode to nostalgia through its classic silhouette and utilitarian design details.</p>\n                                <p>- Casual unisex fit</p>\n\n                                <p>- 64% polyester, 36% polyurethane</p>\n\n                                <p>- Water column pressure: 4000 mm</p>\n\n                                <p>- Model is 187cm tall and wearing a size S / M</p>\n\n                                <p>- Unisex fit</p>\n\n                                <p>- Drawstring hood with built-in cap</p>\n\n                                <p>- Front placket with snap buttons</p>\n\n                                <p>- Ventilation under armpit</p>\n\n                                <p>- Adjustable cuffs</p>\n\n                                <p>- Double welted front pockets</p>\n\n                                <p>- Adjustable elastic string at hempen</p>\n\n                                <p>- Ultrasonically welded seams</p>\n\n                                <p>This is a unisex item, please check our clothing &amp; footwear sizing guide for specific Rains jacket sizing information. RAINS comes from the rainy nation of Denmark at the edge of the European continent, close to the ocean and with prevailing westerly winds; all factors that contribute to an average of 121 rain days each year. Arising from these rainy weather conditions comes the attitude that a quick rain shower may be beautiful, as well as moody- but first and foremost requires the right outfit. Rains focus on the whole experience of going outside on rainy days, issuing an invitation to explore even in the most mercurial weather.</p>','published','[\"products\\/30.jpg\",\"products\\/30-1.jpg\"]','HS-100-A0',0,15,0,1,0,4,0,0,118,NULL,NULL,NULL,15.00,12.00,17.00,869.00,'2021-09-14 22:29:01','2021-09-14 22:29:02',1,79955,'in_stock',0,'Botble\\ACL\\Models\\User'),(31,'Samsung Smart TV','<p>Short Hooded Coat features a straight body, large pockets with button flaps, ventilation air holes, and a string detail along the hemline.</p>','<p>Short Hooded Coat features a straight body, large pockets with button flaps, ventilation air holes, and a string detail along the hemline. The style is completed with a drawstring hood, featuring Rains&rsquo; signature built-in cap. Made from waterproof, matte PU, this lightweight unisex rain jacket is an ode to nostalgia through its classic silhouette and utilitarian design details.</p>\n                                <p>- Casual unisex fit</p>\n\n                                <p>- 64% polyester, 36% polyurethane</p>\n\n                                <p>- Water column pressure: 4000 mm</p>\n\n                                <p>- Model is 187cm tall and wearing a size S / M</p>\n\n                                <p>- Unisex fit</p>\n\n                                <p>- Drawstring hood with built-in cap</p>\n\n                                <p>- Front placket with snap buttons</p>\n\n                                <p>- Ventilation under armpit</p>\n\n                                <p>- Adjustable cuffs</p>\n\n                                <p>- Double welted front pockets</p>\n\n                                <p>- Adjustable elastic string at hempen</p>\n\n                                <p>- Ultrasonically welded seams</p>\n\n                                <p>This is a unisex item, please check our clothing &amp; footwear sizing guide for specific Rains jacket sizing information. RAINS comes from the rainy nation of Denmark at the edge of the European continent, close to the ocean and with prevailing westerly winds; all factors that contribute to an average of 121 rain days each year. Arising from these rainy weather conditions comes the attitude that a quick rain shower may be beautiful, as well as moody- but first and foremost requires the right outfit. Rains focus on the whole experience of going outside on rainy days, issuing an invitation to explore even in the most mercurial weather.</p>','published','[\"products\\/31.jpg\",\"products\\/31-1.jpg\"]','HS-129-A0',0,16,0,1,0,4,0,0,54,NULL,NULL,NULL,15.00,20.00,13.00,632.00,'2021-09-14 22:29:01','2021-09-14 22:29:02',1,117626,'in_stock',0,'Botble\\ACL\\Models\\User'),(32,'Smart Home Speaker',NULL,NULL,'published','[\"products\\/1.jpg\"]','HS-184-A0',0,13,0,1,0,6,1,0,288,NULL,NULL,NULL,17.00,19.00,18.00,807.00,'2021-09-14 22:29:01','2021-09-14 22:29:01',NULL,0,'in_stock',0,'Botble\\ACL\\Models\\User'),(33,'Headphone Ultra Bass',NULL,NULL,'published','[\"products\\/2.jpg\"]','HS-127-A0',0,15,0,1,0,2,1,0,407,NULL,NULL,NULL,19.00,13.00,13.00,533.00,'2021-09-14 22:29:01','2021-09-14 22:29:01',NULL,0,'in_stock',0,'Botble\\ACL\\Models\\User'),(34,'Headphone Ultra Bass',NULL,NULL,'published','[\"products\\/2-1.jpg\"]','HS-127-A0-A1',0,15,0,1,0,2,1,0,407,NULL,NULL,NULL,19.00,13.00,13.00,533.00,'2021-09-14 22:29:01','2021-09-14 22:29:01',NULL,0,'in_stock',0,'Botble\\ACL\\Models\\User'),(35,'Headphone Ultra Bass',NULL,NULL,'published','[\"products\\/2-2.jpg\"]','HS-127-A0-A2',0,15,0,1,0,2,1,0,407,NULL,NULL,NULL,19.00,13.00,13.00,533.00,'2021-09-14 22:29:01','2021-09-14 22:29:01',NULL,0,'in_stock',0,'Botble\\ACL\\Models\\User'),(36,'Boxed - Bluetooth Headphone',NULL,NULL,'published','[\"products\\/3.jpg\"]','HS-153-A0',0,12,0,1,0,7,1,0,277,NULL,NULL,NULL,12.00,14.00,10.00,616.00,'2021-09-14 22:29:01','2021-09-14 22:29:01',NULL,0,'in_stock',0,'Botble\\ACL\\Models\\User'),(37,'Boxed - Bluetooth Headphone',NULL,NULL,'published','[\"products\\/3-1.jpg\"]','HS-153-A0-A1',0,12,0,1,0,7,1,0,277,NULL,NULL,NULL,12.00,14.00,10.00,616.00,'2021-09-14 22:29:01','2021-09-14 22:29:01',NULL,0,'in_stock',0,'Botble\\ACL\\Models\\User'),(38,'Boxed - Bluetooth Headphone',NULL,NULL,'published','[\"products\\/3-2.jpg\"]','HS-153-A0-A2',0,12,0,1,0,7,1,0,277,NULL,NULL,NULL,12.00,14.00,10.00,616.00,'2021-09-14 22:29:01','2021-09-14 22:29:01',NULL,0,'in_stock',0,'Botble\\ACL\\Models\\User'),(39,'Boxed - Bluetooth Headphone',NULL,NULL,'published','[\"products\\/3-3.jpg\"]','HS-153-A0-A3',0,12,0,1,0,7,1,0,277,NULL,NULL,NULL,12.00,14.00,10.00,616.00,'2021-09-14 22:29:01','2021-09-14 22:29:01',NULL,0,'in_stock',0,'Botble\\ACL\\Models\\User'),(40,'Boxed - Bluetooth Headphone',NULL,NULL,'published','[\"products\\/3.jpg\"]','HS-153-A0-A4',0,12,0,1,0,7,1,0,277,NULL,NULL,NULL,12.00,14.00,10.00,616.00,'2021-09-14 22:29:01','2021-09-14 22:29:01',NULL,0,'in_stock',0,'Botble\\ACL\\Models\\User'),(41,'Chikie - Bluetooth Speaker',NULL,NULL,'published','[\"products\\/4.jpg\"]','HS-114-A0',0,13,0,1,0,1,1,0,82,71.34,NULL,NULL,20.00,12.00,17.00,745.00,'2021-09-14 22:29:01','2021-09-14 22:29:01',NULL,0,'in_stock',0,'Botble\\ACL\\Models\\User'),(42,'Chikie - Bluetooth Speaker',NULL,NULL,'published','[\"products\\/4-1.jpg\"]','HS-114-A0-A1',0,13,0,1,0,1,1,0,82,59.04,NULL,NULL,20.00,12.00,17.00,745.00,'2021-09-14 22:29:01','2021-09-14 22:29:01',NULL,0,'in_stock',0,'Botble\\ACL\\Models\\User'),(43,'Chikie - Bluetooth Speaker',NULL,NULL,'published','[\"products\\/4-2.jpg\"]','HS-114-A0-A2',0,13,0,1,0,1,1,0,82,72.98,NULL,NULL,20.00,12.00,17.00,745.00,'2021-09-14 22:29:01','2021-09-14 22:29:01',NULL,0,'in_stock',0,'Botble\\ACL\\Models\\User'),(44,'Camera Hikvision HK-35VS8',NULL,NULL,'published','[\"products\\/5.jpg\"]','HS-157-A0',0,19,0,1,0,6,1,0,45,NULL,NULL,NULL,18.00,11.00,14.00,505.00,'2021-09-14 22:29:01','2021-09-14 22:29:01',NULL,0,'in_stock',0,'Botble\\ACL\\Models\\User'),(45,'Camera Samsung SS-24',NULL,NULL,'published','[\"products\\/6.jpg\"]','HS-121-A0',0,14,0,1,0,1,1,0,60,NULL,NULL,NULL,11.00,19.00,16.00,797.00,'2021-09-14 22:29:01','2021-09-14 22:29:01',NULL,0,'in_stock',0,'Botble\\ACL\\Models\\User'),(46,'Camera Samsung SS-24',NULL,NULL,'published','[\"products\\/6-1.jpg\"]','HS-121-A0-A1',0,14,0,1,0,1,1,0,60,NULL,NULL,NULL,11.00,19.00,16.00,797.00,'2021-09-14 22:29:01','2021-09-14 22:29:01',NULL,0,'in_stock',0,'Botble\\ACL\\Models\\User'),(47,'Camera Samsung SS-24',NULL,NULL,'published','[\"products\\/6.jpg\"]','HS-121-A0-A2',0,14,0,1,0,1,1,0,60,NULL,NULL,NULL,11.00,19.00,16.00,797.00,'2021-09-14 22:29:01','2021-09-14 22:29:01',NULL,0,'in_stock',0,'Botble\\ACL\\Models\\User'),(48,'Leather Watch Band',NULL,NULL,'published','[\"products\\/7.jpg\"]','HS-125-A0',0,16,0,1,0,1,1,0,130,NULL,NULL,NULL,19.00,19.00,15.00,545.00,'2021-09-14 22:29:01','2021-09-14 22:29:01',NULL,0,'in_stock',0,'Botble\\ACL\\Models\\User'),(49,'Leather Watch Band',NULL,NULL,'published','[\"products\\/7-1.jpg\"]','HS-125-A0-A1',0,16,0,1,0,1,1,0,130,NULL,NULL,NULL,19.00,19.00,15.00,545.00,'2021-09-14 22:29:01','2021-09-14 22:29:01',NULL,0,'in_stock',0,'Botble\\ACL\\Models\\User'),(50,'Apple iPhone 13 Plus',NULL,NULL,'published','[\"products\\/8.jpg\"]','HS-118-A0',0,20,0,1,0,5,1,0,122,95.16,NULL,NULL,11.00,11.00,11.00,815.00,'2021-09-14 22:29:01','2021-09-14 22:29:01',NULL,0,'in_stock',0,'Botble\\ACL\\Models\\User'),(51,'Apple iPhone 13 Plus',NULL,NULL,'published','[\"products\\/8-1.jpg\"]','HS-118-A0-A1',0,20,0,1,0,5,1,0,122,92.72,NULL,NULL,11.00,11.00,11.00,815.00,'2021-09-14 22:29:01','2021-09-14 22:29:01',NULL,0,'in_stock',0,'Botble\\ACL\\Models\\User'),(52,'Macbook Pro 2015',NULL,NULL,'published','[\"products\\/9.jpg\"]','HS-141-A0',0,15,0,1,0,6,1,0,113,NULL,NULL,NULL,10.00,13.00,15.00,547.00,'2021-09-14 22:29:01','2021-09-14 22:29:01',NULL,0,'in_stock',0,'Botble\\ACL\\Models\\User'),(53,'Macbook Pro 2015',NULL,NULL,'published','[\"products\\/9-1.jpg\"]','HS-141-A0-A1',0,15,0,1,0,6,1,0,113,NULL,NULL,NULL,10.00,13.00,15.00,547.00,'2021-09-14 22:29:01','2021-09-14 22:29:01',NULL,0,'in_stock',0,'Botble\\ACL\\Models\\User'),(54,'Macbook Pro 2015',NULL,NULL,'published','[\"products\\/9.jpg\"]','HS-141-A0-A2',0,15,0,1,0,6,1,0,113,NULL,NULL,NULL,10.00,13.00,15.00,547.00,'2021-09-14 22:29:01','2021-09-14 22:29:01',NULL,0,'in_stock',0,'Botble\\ACL\\Models\\User'),(55,'Macbook Pro 2015',NULL,NULL,'published','[\"products\\/9.jpg\"]','HS-141-A0-A3',0,15,0,1,0,6,1,0,113,NULL,NULL,NULL,10.00,13.00,15.00,547.00,'2021-09-14 22:29:01','2021-09-14 22:29:01',NULL,0,'in_stock',0,'Botble\\ACL\\Models\\User'),(56,'Macbook Air 12 inch',NULL,NULL,'published','[\"products\\/10.jpg\"]','HS-200-A0',0,11,0,1,0,3,1,0,372,NULL,NULL,NULL,13.00,14.00,19.00,673.00,'2021-09-14 22:29:01','2021-09-14 22:29:01',NULL,0,'in_stock',0,'Botble\\ACL\\Models\\User'),(57,'Macbook Air 12 inch',NULL,NULL,'published','[\"products\\/10-1.jpg\"]','HS-200-A0-A1',0,11,0,1,0,3,1,0,372,NULL,NULL,NULL,13.00,14.00,19.00,673.00,'2021-09-14 22:29:01','2021-09-14 22:29:01',NULL,0,'in_stock',0,'Botble\\ACL\\Models\\User'),(58,'Apple Watch Serial 7',NULL,NULL,'published','[\"products\\/11.jpg\"]','HS-126-A0',0,10,0,1,0,3,1,0,115,NULL,NULL,NULL,15.00,14.00,15.00,710.00,'2021-09-14 22:29:01','2021-09-14 22:29:01',NULL,0,'in_stock',0,'Botble\\ACL\\Models\\User'),(59,'Apple Watch Serial 7',NULL,NULL,'published','[\"products\\/11-1.jpg\"]','HS-126-A0-A1',0,10,0,1,0,3,1,0,115,NULL,NULL,NULL,15.00,14.00,15.00,710.00,'2021-09-14 22:29:01','2021-09-14 22:29:01',NULL,0,'in_stock',0,'Botble\\ACL\\Models\\User'),(60,'Apple Watch Serial 7',NULL,NULL,'published','[\"products\\/11.jpg\"]','HS-126-A0-A2',0,10,0,1,0,3,1,0,115,NULL,NULL,NULL,15.00,14.00,15.00,710.00,'2021-09-14 22:29:01','2021-09-14 22:29:01',NULL,0,'in_stock',0,'Botble\\ACL\\Models\\User'),(61,'Apple Watch Serial 7',NULL,NULL,'published','[\"products\\/11.jpg\"]','HS-126-A0-A3',0,10,0,1,0,3,1,0,115,NULL,NULL,NULL,15.00,14.00,15.00,710.00,'2021-09-14 22:29:01','2021-09-14 22:29:01',NULL,0,'in_stock',0,'Botble\\ACL\\Models\\User'),(62,'Macbook Pro 13 inch',NULL,NULL,'published','[\"products\\/12.jpg\"]','HS-129-A0',0,13,0,1,0,2,1,0,122,98.82,NULL,NULL,11.00,12.00,15.00,849.00,'2021-09-14 22:29:01','2021-09-14 22:29:01',NULL,0,'in_stock',0,'Botble\\ACL\\Models\\User'),(63,'Apple Keyboard',NULL,NULL,'published','[\"products\\/13.jpg\"]','HS-118-A0',0,11,0,1,0,5,1,0,115,NULL,NULL,NULL,16.00,18.00,18.00,587.00,'2021-09-14 22:29:01','2021-09-14 22:29:01',NULL,0,'in_stock',0,'Botble\\ACL\\Models\\User'),(64,'Apple Keyboard',NULL,NULL,'published','[\"products\\/13-1.jpg\"]','HS-118-A0-A1',0,11,0,1,0,5,1,0,115,NULL,NULL,NULL,16.00,18.00,18.00,587.00,'2021-09-14 22:29:01','2021-09-14 22:29:01',NULL,0,'in_stock',0,'Botble\\ACL\\Models\\User'),(65,'MacSafe 80W',NULL,NULL,'published','[\"products\\/14.jpg\"]','HS-112-A0',0,10,0,1,0,5,1,0,124,NULL,NULL,NULL,14.00,18.00,10.00,834.00,'2021-09-14 22:29:01','2021-09-14 22:29:01',NULL,0,'in_stock',0,'Botble\\ACL\\Models\\User'),(66,'Hand playstation',NULL,NULL,'published','[\"products\\/15.jpg\"]','HS-119-A0',0,19,0,1,0,5,1,0,118,NULL,NULL,NULL,15.00,11.00,17.00,674.00,'2021-09-14 22:29:01','2021-09-14 22:29:01',NULL,0,'in_stock',0,'Botble\\ACL\\Models\\User'),(67,'Hand playstation',NULL,NULL,'published','[\"products\\/15-1.jpg\"]','HS-119-A0-A1',0,19,0,1,0,5,1,0,118,NULL,NULL,NULL,15.00,11.00,17.00,674.00,'2021-09-14 22:29:01','2021-09-14 22:29:01',NULL,0,'in_stock',0,'Botble\\ACL\\Models\\User'),(68,'Apple Airpods Serial 3',NULL,NULL,'published','[\"products\\/16.jpg\"]','HS-143-A0',0,15,0,1,0,2,1,0,112,95.2,NULL,NULL,12.00,13.00,16.00,872.00,'2021-09-14 22:29:01','2021-09-14 22:29:01',NULL,0,'in_stock',0,'Botble\\ACL\\Models\\User'),(69,'Apple Airpods Serial 3',NULL,NULL,'published','[\"products\\/16.jpg\"]','HS-143-A0-A1',0,15,0,1,0,2,1,0,112,100.8,NULL,NULL,12.00,13.00,16.00,872.00,'2021-09-14 22:29:01','2021-09-14 22:29:01',NULL,0,'in_stock',0,'Botble\\ACL\\Models\\User'),(70,'Apple Airpods Serial 3',NULL,NULL,'published','[\"products\\/16.jpg\"]','HS-143-A0-A2',0,15,0,1,0,2,1,0,112,79.52,NULL,NULL,12.00,13.00,16.00,872.00,'2021-09-14 22:29:01','2021-09-14 22:29:01',NULL,0,'in_stock',0,'Botble\\ACL\\Models\\User'),(71,'Cool Smart Watches',NULL,NULL,'published','[\"products\\/17.jpg\"]','HS-121-A0',0,12,0,1,0,1,1,0,123,NULL,NULL,NULL,11.00,14.00,16.00,532.00,'2021-09-14 22:29:01','2021-09-14 22:29:01',NULL,0,'in_stock',0,'Botble\\ACL\\Models\\User'),(72,'Black Smart Watches',NULL,NULL,'published','[\"products\\/18.jpg\"]','HS-184-A0',0,19,0,1,0,6,1,0,119,NULL,NULL,NULL,15.00,10.00,17.00,574.00,'2021-09-14 22:29:01','2021-09-14 22:29:01',NULL,0,'in_stock',0,'Botble\\ACL\\Models\\User'),(73,'Black Smart Watches',NULL,NULL,'published','[\"products\\/18-1.jpg\"]','HS-184-A0-A1',0,19,0,1,0,6,1,0,119,NULL,NULL,NULL,15.00,10.00,17.00,574.00,'2021-09-14 22:29:01','2021-09-14 22:29:01',NULL,0,'in_stock',0,'Botble\\ACL\\Models\\User'),(74,'Black Smart Watches',NULL,NULL,'published','[\"products\\/18-2.jpg\"]','HS-184-A0-A2',0,19,0,1,0,6,1,0,119,NULL,NULL,NULL,15.00,10.00,17.00,574.00,'2021-09-14 22:29:01','2021-09-14 22:29:01',NULL,0,'in_stock',0,'Botble\\ACL\\Models\\User'),(75,'Black Smart Watches',NULL,NULL,'published','[\"products\\/18.jpg\"]','HS-184-A0-A3',0,19,0,1,0,6,1,0,119,NULL,NULL,NULL,15.00,10.00,17.00,574.00,'2021-09-14 22:29:01','2021-09-14 22:29:01',NULL,0,'in_stock',0,'Botble\\ACL\\Models\\User'),(76,'Leather Watch Band Serial 3',NULL,NULL,'published','[\"products\\/19.jpg\"]','HS-147-A0',0,14,0,1,0,4,1,0,114,NULL,NULL,NULL,18.00,11.00,10.00,727.00,'2021-09-14 22:29:01','2021-09-14 22:29:01',NULL,0,'in_stock',0,'Botble\\ACL\\Models\\User'),(77,'Leather Watch Band Serial 3',NULL,NULL,'published','[\"products\\/19-1.jpg\"]','HS-147-A0-A1',0,14,0,1,0,4,1,0,114,NULL,NULL,NULL,18.00,11.00,10.00,727.00,'2021-09-14 22:29:01','2021-09-14 22:29:01',NULL,0,'in_stock',0,'Botble\\ACL\\Models\\User'),(78,'Leather Watch Band Serial 3',NULL,NULL,'published','[\"products\\/19.jpg\"]','HS-147-A0-A2',0,14,0,1,0,4,1,0,114,NULL,NULL,NULL,18.00,11.00,10.00,727.00,'2021-09-14 22:29:01','2021-09-14 22:29:01',NULL,0,'in_stock',0,'Botble\\ACL\\Models\\User'),(79,'Macbook Pro 2015 13 inch',NULL,NULL,'published','[\"products\\/20.jpg\"]','HS-122-A0',0,15,0,1,0,6,1,0,110,78.1,NULL,NULL,13.00,17.00,11.00,796.00,'2021-09-14 22:29:01','2021-09-14 22:29:01',NULL,0,'in_stock',0,'Botble\\ACL\\Models\\User'),(80,'Historic Alarm Clock',NULL,NULL,'published','[\"products\\/21.jpg\"]','HS-186-A0',0,11,0,1,0,5,1,0,114,NULL,NULL,NULL,16.00,17.00,13.00,776.00,'2021-09-14 22:29:01','2021-09-14 22:29:01',NULL,0,'in_stock',0,'Botble\\ACL\\Models\\User'),(81,'Black Glasses',NULL,NULL,'published','[\"products\\/22.jpg\"]','HS-120-A0',0,16,0,1,0,1,1,0,116,NULL,NULL,NULL,20.00,12.00,20.00,745.00,'2021-09-14 22:29:01','2021-09-14 22:29:01',NULL,0,'in_stock',0,'Botble\\ACL\\Models\\User'),(82,'Black Glasses',NULL,NULL,'published','[\"products\\/22-1.jpg\"]','HS-120-A0-A1',0,16,0,1,0,1,1,0,116,NULL,NULL,NULL,20.00,12.00,20.00,745.00,'2021-09-14 22:29:01','2021-09-14 22:29:01',NULL,0,'in_stock',0,'Botble\\ACL\\Models\\User'),(83,'Black Glasses',NULL,NULL,'published','[\"products\\/22.jpg\"]','HS-120-A0-A2',0,16,0,1,0,1,1,0,116,NULL,NULL,NULL,20.00,12.00,20.00,745.00,'2021-09-14 22:29:01','2021-09-14 22:29:01',NULL,0,'in_stock',0,'Botble\\ACL\\Models\\User'),(84,'Phillips Mouse',NULL,NULL,'published','[\"products\\/23.jpg\"]','HS-147-A0',0,15,0,1,0,2,1,0,128,NULL,NULL,NULL,14.00,19.00,16.00,553.00,'2021-09-14 22:29:01','2021-09-14 22:29:01',NULL,0,'in_stock',0,'Botble\\ACL\\Models\\User'),(85,'Gaming Keyboard',NULL,NULL,'published','[\"products\\/24.jpg\"]','HS-149-A0',0,10,0,1,0,4,1,0,112,88.48,NULL,NULL,13.00,16.00,14.00,745.00,'2021-09-14 22:29:01','2021-09-14 22:29:01',NULL,0,'in_stock',0,'Botble\\ACL\\Models\\User'),(86,'Gaming Keyboard',NULL,NULL,'published','[\"products\\/24-1.jpg\"]','HS-149-A0-A1',0,10,0,1,0,4,1,0,112,84,NULL,NULL,13.00,16.00,14.00,745.00,'2021-09-14 22:29:01','2021-09-14 22:29:01',NULL,0,'in_stock',0,'Botble\\ACL\\Models\\User'),(87,'Gaming Keyboard',NULL,NULL,'published','[\"products\\/24.jpg\"]','HS-149-A0-A2',0,10,0,1,0,4,1,0,112,95.2,NULL,NULL,13.00,16.00,14.00,745.00,'2021-09-14 22:29:01','2021-09-14 22:29:01',NULL,0,'in_stock',0,'Botble\\ACL\\Models\\User'),(88,'Gaming Keyboard',NULL,NULL,'published','[\"products\\/24.jpg\"]','HS-149-A0-A3',0,10,0,1,0,4,1,0,112,86.24,NULL,NULL,13.00,16.00,14.00,745.00,'2021-09-14 22:29:01','2021-09-14 22:29:01',NULL,0,'in_stock',0,'Botble\\ACL\\Models\\User'),(89,'Dual Camera 20MP',NULL,NULL,'published','[\"products\\/25.jpg\"]','HS-190-A0',0,19,0,1,0,7,1,0,80.25,NULL,NULL,NULL,20.00,16.00,12.00,566.00,'2021-09-14 22:29:02','2021-09-14 22:29:02',NULL,0,'in_stock',0,'Botble\\ACL\\Models\\User'),(90,'Dual Camera 20MP',NULL,NULL,'published','[\"products\\/25-1.jpg\"]','HS-190-A0-A1',0,19,0,1,0,7,1,0,80.25,NULL,NULL,NULL,20.00,16.00,12.00,566.00,'2021-09-14 22:29:02','2021-09-14 22:29:02',NULL,0,'in_stock',0,'Botble\\ACL\\Models\\User'),(91,'Dual Camera 20MP',NULL,NULL,'published','[\"products\\/25.jpg\"]','HS-190-A0-A2',0,19,0,1,0,7,1,0,80.25,NULL,NULL,NULL,20.00,16.00,12.00,566.00,'2021-09-14 22:29:02','2021-09-14 22:29:02',NULL,0,'in_stock',0,'Botble\\ACL\\Models\\User'),(92,'Smart Watches',NULL,NULL,'published','[\"products\\/26.jpg\"]','HS-195-A0',0,12,0,1,0,6,1,0,40.5,NULL,NULL,NULL,18.00,10.00,17.00,566.00,'2021-09-14 22:29:02','2021-09-14 22:29:02',NULL,0,'in_stock',0,'Botble\\ACL\\Models\\User'),(93,'Smart Watches',NULL,NULL,'published','[\"products\\/26-1.jpg\"]','HS-195-A0-A1',0,12,0,1,0,6,1,0,40.5,NULL,NULL,NULL,18.00,10.00,17.00,566.00,'2021-09-14 22:29:02','2021-09-14 22:29:02',NULL,0,'in_stock',0,'Botble\\ACL\\Models\\User'),(94,'Smart Watches',NULL,NULL,'published','[\"products\\/26-2.jpg\"]','HS-195-A0-A2',0,12,0,1,0,6,1,0,40.5,NULL,NULL,NULL,18.00,10.00,17.00,566.00,'2021-09-14 22:29:02','2021-09-14 22:29:02',NULL,0,'in_stock',0,'Botble\\ACL\\Models\\User'),(95,'Smart Watches',NULL,NULL,'published','[\"products\\/26.jpg\"]','HS-195-A0-A3',0,12,0,1,0,6,1,0,40.5,NULL,NULL,NULL,18.00,10.00,17.00,566.00,'2021-09-14 22:29:02','2021-09-14 22:29:02',NULL,0,'in_stock',0,'Botble\\ACL\\Models\\User'),(96,'Beat Headphone',NULL,NULL,'published','[\"products\\/27.jpg\"]','HS-157-A0',0,12,0,1,0,1,1,0,20,NULL,NULL,NULL,14.00,15.00,20.00,809.00,'2021-09-14 22:29:02','2021-09-14 22:29:02',NULL,0,'in_stock',0,'Botble\\ACL\\Models\\User'),(97,'Red & Black Headphone',NULL,NULL,'published','[\"products\\/28.jpg\"]','HS-113-A0',0,17,0,1,0,4,1,0,59,46.02,NULL,NULL,17.00,11.00,10.00,677.00,'2021-09-14 22:29:02','2021-09-14 22:29:02',NULL,0,'in_stock',0,'Botble\\ACL\\Models\\User'),(98,'Red & Black Headphone',NULL,NULL,'published','[\"products\\/28-1.jpg\"]','HS-113-A0-A1',0,17,0,1,0,4,1,0,59,46.61,NULL,NULL,17.00,11.00,10.00,677.00,'2021-09-14 22:29:02','2021-09-14 22:29:02',NULL,0,'in_stock',0,'Botble\\ACL\\Models\\User'),(99,'Red & Black Headphone',NULL,NULL,'published','[\"products\\/28.jpg\"]','HS-113-A0-A2',0,17,0,1,0,4,1,0,59,44.84,NULL,NULL,17.00,11.00,10.00,677.00,'2021-09-14 22:29:02','2021-09-14 22:29:02',NULL,0,'in_stock',0,'Botble\\ACL\\Models\\User'),(100,'Red & Black Headphone',NULL,NULL,'published','[\"products\\/28.jpg\"]','HS-113-A0-A3',0,17,0,1,0,4,1,0,59,50.74,NULL,NULL,17.00,11.00,10.00,677.00,'2021-09-14 22:29:02','2021-09-14 22:29:02',NULL,0,'in_stock',0,'Botble\\ACL\\Models\\User'),(101,'Audio Equipment',NULL,NULL,'published','[\"products\\/29.jpg\"]','HS-106-A0',0,17,0,1,0,7,1,0,58,NULL,NULL,NULL,12.00,12.00,13.00,631.00,'2021-09-14 22:29:02','2021-09-14 22:29:02',NULL,0,'in_stock',0,'Botble\\ACL\\Models\\User'),(102,'Audio Equipment',NULL,NULL,'published','[\"products\\/29-1.jpg\"]','HS-106-A0-A1',0,17,0,1,0,7,1,0,58,NULL,NULL,NULL,12.00,12.00,13.00,631.00,'2021-09-14 22:29:02','2021-09-14 22:29:02',NULL,0,'in_stock',0,'Botble\\ACL\\Models\\User'),(103,'Audio Equipment',NULL,NULL,'published','[\"products\\/29.jpg\"]','HS-106-A0-A2',0,17,0,1,0,7,1,0,58,NULL,NULL,NULL,12.00,12.00,13.00,631.00,'2021-09-14 22:29:02','2021-09-14 22:29:02',NULL,0,'in_stock',0,'Botble\\ACL\\Models\\User'),(104,'Audio Equipment',NULL,NULL,'published','[\"products\\/29.jpg\"]','HS-106-A0-A3',0,17,0,1,0,7,1,0,58,NULL,NULL,NULL,12.00,12.00,13.00,631.00,'2021-09-14 22:29:02','2021-09-14 22:29:02',NULL,0,'in_stock',0,'Botble\\ACL\\Models\\User'),(105,'Smart Televisions',NULL,NULL,'published','[\"products\\/30.jpg\"]','HS-100-A0',0,15,0,1,0,4,1,0,118,NULL,NULL,NULL,15.00,12.00,17.00,869.00,'2021-09-14 22:29:02','2021-09-14 22:29:02',NULL,0,'in_stock',0,'Botble\\ACL\\Models\\User'),(106,'Smart Televisions',NULL,NULL,'published','[\"products\\/30-1.jpg\"]','HS-100-A0-A1',0,15,0,1,0,4,1,0,118,NULL,NULL,NULL,15.00,12.00,17.00,869.00,'2021-09-14 22:29:02','2021-09-14 22:29:02',NULL,0,'in_stock',0,'Botble\\ACL\\Models\\User'),(107,'Smart Televisions',NULL,NULL,'published','[\"products\\/30.jpg\"]','HS-100-A0-A2',0,15,0,1,0,4,1,0,118,NULL,NULL,NULL,15.00,12.00,17.00,869.00,'2021-09-14 22:29:02','2021-09-14 22:29:02',NULL,0,'in_stock',0,'Botble\\ACL\\Models\\User'),(108,'Samsung Smart TV',NULL,NULL,'published','[\"products\\/31.jpg\"]','HS-129-A0',0,16,0,1,0,4,1,0,54,NULL,NULL,NULL,15.00,20.00,13.00,632.00,'2021-09-14 22:29:02','2021-09-14 22:29:02',NULL,0,'in_stock',0,'Botble\\ACL\\Models\\User'),(109,'Samsung Smart TV',NULL,NULL,'published','[\"products\\/31-1.jpg\"]','HS-129-A0-A1',0,16,0,1,0,4,1,0,54,NULL,NULL,NULL,15.00,20.00,13.00,632.00,'2021-09-14 22:29:02','2021-09-14 22:29:02',NULL,0,'in_stock',0,'Botble\\ACL\\Models\\User'),(110,'Samsung Smart TV',NULL,NULL,'published','[\"products\\/31.jpg\"]','HS-129-A0-A2',0,16,0,1,0,4,1,0,54,NULL,NULL,NULL,15.00,20.00,13.00,632.00,'2021-09-14 22:29:02','2021-09-14 22:29:02',NULL,0,'in_stock',0,'Botble\\ACL\\Models\\User'),(111,'Samsung Smart TV',NULL,NULL,'published','[\"products\\/31.jpg\"]','HS-129-A0-A3',0,16,0,1,0,4,1,0,54,NULL,NULL,NULL,15.00,20.00,13.00,632.00,'2021-09-14 22:29:02','2021-09-14 22:29:02',NULL,0,'in_stock',0,'Botble\\ACL\\Models\\User');
/*!40000 ALTER TABLE `ec_products` ENABLE KEYS */;
UNLOCK TABLES;

--
-- Table structure for table `ec_products_translations`
--

DROP TABLE IF EXISTS `ec_products_translations`;
/*!40101 SET @saved_cs_client     = @@character_set_client */;
/*!40101 SET character_set_client = utf8 */;
CREATE TABLE `ec_products_translations` (
  `lang_code` varchar(191) COLLATE utf8mb4_unicode_ci NOT NULL,
  `ec_products_id` int(11) NOT NULL,
  `name` varchar(191) COLLATE utf8mb4_unicode_ci DEFAULT NULL,
  `description` text COLLATE utf8mb4_unicode_ci,
  `content` text COLLATE utf8mb4_unicode_ci,
  PRIMARY KEY (`lang_code`,`ec_products_id`)
) ENGINE=InnoDB DEFAULT CHARSET=utf8mb4 COLLATE=utf8mb4_unicode_ci;
/*!40101 SET character_set_client = @saved_cs_client */;

--
-- Dumping data for table `ec_products_translations`
--

LOCK TABLES `ec_products_translations` WRITE;
/*!40000 ALTER TABLE `ec_products_translations` DISABLE KEYS */;
INSERT INTO `ec_products_translations` VALUES ('vi',1,'Loa thông minh',NULL,NULL),('vi',2,'Tai nghe Ultra Bass',NULL,NULL),('vi',3,'Đóng hộp - Tai nghe Bluetooth',NULL,NULL),('vi',4,'Chikie - Loa Bluetooth',NULL,NULL),('vi',5,'Camera Hikvision HK-35VS8',NULL,NULL),('vi',6,'Camera Samsung SS-24',NULL,NULL),('vi',7,'Dây đeo đồng hồ bằng da',NULL,NULL),('vi',8,'Apple iPhone 13 Plus',NULL,NULL),('vi',9,'Macbook Pro 2015',NULL,NULL),('vi',10,'Macbook Air 12 inch',NULL,NULL),('vi',11,'Apple Watch Serial 7',NULL,NULL),('vi',12,'Macbook Pro 13 inch',NULL,NULL),('vi',13,'Bàn phím Apple',NULL,NULL),('vi',14,'MacSafe 80W',NULL,NULL),('vi',15,'Máy chơi game cầm tay',NULL,NULL),('vi',16,'Tai nghe Apple Airpods Serial 3',NULL,NULL),('vi',17,'Đồng hồ thông minh',NULL,NULL),('vi',18,'Đồng hồ thông minh màu đen',NULL,NULL),('vi',19,'Dây đeo đồng hồ dây da Serial 3',NULL,NULL),('vi',20,'Macbook Pro 2015 13 inch',NULL,NULL),('vi',21,'Đồng hồ báo thức cổ điển',NULL,NULL),('vi',22,'Kính đen',NULL,NULL),('vi',23,'Chuột máy tính Phillips',NULL,NULL),('vi',24,'Bàn phím Trò chơi',NULL,NULL),('vi',25,'Camera kép 20MP',NULL,NULL),('vi',26,'Đồng hồ thông minh',NULL,NULL),('vi',27,'Tai nghe Best',NULL,NULL),('vi',28,'Tai nghe Đỏ & Đen',NULL,NULL),('vi',29,'Thiết bị âm thanh',NULL,NULL),('vi',30,'Tivi thông minh',NULL,NULL),('vi',31,'Tivi thông minh Samsung',NULL,NULL),('vi',32,'Loa thông minh',NULL,NULL),('vi',33,'Tai nghe Ultra Bass',NULL,NULL),('vi',34,'Tai nghe Ultra Bass',NULL,NULL),('vi',35,'Tai nghe Ultra Bass',NULL,NULL),('vi',36,'Đóng hộp - Tai nghe Bluetooth',NULL,NULL),('vi',37,'Đóng hộp - Tai nghe Bluetooth',NULL,NULL),('vi',38,'Đóng hộp - Tai nghe Bluetooth',NULL,NULL),('vi',39,'Đóng hộp - Tai nghe Bluetooth',NULL,NULL),('vi',40,'Đóng hộp - Tai nghe Bluetooth',NULL,NULL),('vi',41,'Chikie - Loa Bluetooth',NULL,NULL),('vi',42,'Chikie - Loa Bluetooth',NULL,NULL),('vi',43,'Chikie - Loa Bluetooth',NULL,NULL),('vi',44,'Camera Hikvision HK-35VS8',NULL,NULL),('vi',45,'Camera Samsung SS-24',NULL,NULL),('vi',46,'Camera Samsung SS-24',NULL,NULL),('vi',47,'Camera Samsung SS-24',NULL,NULL),('vi',48,'Dây đeo đồng hồ bằng da',NULL,NULL),('vi',49,'Dây đeo đồng hồ bằng da',NULL,NULL),('vi',50,'Apple iPhone 13 Plus',NULL,NULL),('vi',51,'Apple iPhone 13 Plus',NULL,NULL),('vi',52,'Macbook Pro 2015',NULL,NULL),('vi',53,'Macbook Pro 2015',NULL,NULL),('vi',54,'Macbook Pro 2015',NULL,NULL),('vi',55,'Macbook Pro 2015',NULL,NULL),('vi',56,'Macbook Air 12 inch',NULL,NULL),('vi',57,'Macbook Air 12 inch',NULL,NULL),('vi',58,'Apple Watch Serial 7',NULL,NULL),('vi',59,'Apple Watch Serial 7',NULL,NULL),('vi',60,'Apple Watch Serial 7',NULL,NULL),('vi',61,'Apple Watch Serial 7',NULL,NULL),('vi',62,'Macbook Pro 13 inch',NULL,NULL),('vi',63,'Bàn phím Apple',NULL,NULL),('vi',64,'Bàn phím Apple',NULL,NULL),('vi',65,'MacSafe 80W',NULL,NULL),('vi',66,'Máy chơi game cầm tay',NULL,NULL),('vi',67,'Máy chơi game cầm tay',NULL,NULL),('vi',68,'Tai nghe Apple Airpods Serial 3',NULL,NULL),('vi',69,'Tai nghe Apple Airpods Serial 3',NULL,NULL),('vi',70,'Tai nghe Apple Airpods Serial 3',NULL,NULL),('vi',71,'Đồng hồ thông minh',NULL,NULL),('vi',72,'Đồng hồ thông minh màu đen',NULL,NULL),('vi',73,'Đồng hồ thông minh màu đen',NULL,NULL),('vi',74,'Đồng hồ thông minh màu đen',NULL,NULL),('vi',75,'Đồng hồ thông minh màu đen',NULL,NULL),('vi',76,'Dây đeo đồng hồ dây da Serial 3',NULL,NULL),('vi',77,'Dây đeo đồng hồ dây da Serial 3',NULL,NULL),('vi',78,'Dây đeo đồng hồ dây da Serial 3',NULL,NULL),('vi',79,'Macbook Pro 2015 13 inch',NULL,NULL),('vi',80,'Đồng hồ báo thức cổ điển',NULL,NULL),('vi',81,'Kính đen',NULL,NULL),('vi',82,'Kính đen',NULL,NULL),('vi',83,'Kính đen',NULL,NULL),('vi',84,'Chuột máy tính Phillips',NULL,NULL),('vi',85,'Bàn phím Trò chơi',NULL,NULL),('vi',86,'Bàn phím Trò chơi',NULL,NULL),('vi',87,'Bàn phím Trò chơi',NULL,NULL),('vi',88,'Bàn phím Trò chơi',NULL,NULL),('vi',89,'Camera kép 20MP',NULL,NULL),('vi',90,'Camera kép 20MP',NULL,NULL),('vi',91,'Camera kép 20MP',NULL,NULL),('vi',92,'Đồng hồ thông minh',NULL,NULL),('vi',93,'Đồng hồ thông minh',NULL,NULL),('vi',94,'Đồng hồ thông minh',NULL,NULL),('vi',95,'Đồng hồ thông minh',NULL,NULL),('vi',96,'Tai nghe Best',NULL,NULL),('vi',97,'Tai nghe Đỏ & Đen',NULL,NULL),('vi',98,'Tai nghe Đỏ & Đen',NULL,NULL),('vi',99,'Tai nghe Đỏ & Đen',NULL,NULL),('vi',100,'Tai nghe Đỏ & Đen',NULL,NULL),('vi',101,'Thiết bị âm thanh',NULL,NULL),('vi',102,'Thiết bị âm thanh',NULL,NULL),('vi',103,'Thiết bị âm thanh',NULL,NULL),('vi',104,'Thiết bị âm thanh',NULL,NULL),('vi',105,'Tivi thông minh',NULL,NULL),('vi',106,'Tivi thông minh',NULL,NULL),('vi',107,'Tivi thông minh',NULL,NULL),('vi',108,'Tivi thông minh Samsung',NULL,NULL),('vi',109,'Tivi thông minh Samsung',NULL,NULL),('vi',110,'Tivi thông minh Samsung',NULL,NULL),('vi',111,'Tivi thông minh Samsung',NULL,NULL);
/*!40000 ALTER TABLE `ec_products_translations` ENABLE KEYS */;
UNLOCK TABLES;

--
-- Table structure for table `ec_reviews`
--

DROP TABLE IF EXISTS `ec_reviews`;
/*!40101 SET @saved_cs_client     = @@character_set_client */;
/*!40101 SET character_set_client = utf8 */;
CREATE TABLE `ec_reviews` (
  `id` bigint(20) unsigned NOT NULL AUTO_INCREMENT,
  `customer_id` int(10) unsigned NOT NULL,
  `product_id` int(10) unsigned NOT NULL,
  `star` double(8,2) NOT NULL,
  `comment` text COLLATE utf8mb4_unicode_ci NOT NULL,
  `status` varchar(60) COLLATE utf8mb4_unicode_ci NOT NULL DEFAULT 'published',
  `created_at` timestamp NULL DEFAULT NULL,
  `updated_at` timestamp NULL DEFAULT NULL,
  `images` text COLLATE utf8mb4_unicode_ci,
  PRIMARY KEY (`id`)
) ENGINE=InnoDB AUTO_INCREMENT=101 DEFAULT CHARSET=utf8mb4 COLLATE=utf8mb4_unicode_ci;
/*!40101 SET character_set_client = @saved_cs_client */;

--
-- Dumping data for table `ec_reviews`
--

LOCK TABLES `ec_reviews` WRITE;
/*!40000 ALTER TABLE `ec_reviews` DISABLE KEYS */;
INSERT INTO `ec_reviews` VALUES (1,8,2,1.00,'We have received brilliant service support and will be expanding the features with the developer. Nice product!','published','2021-09-14 22:29:02','2021-09-14 22:29:02','[\"products\\/3.jpg\",\"products\\/7.jpg\"]'),(2,6,30,3.00,'Great E-commerce system. And much more : Wonderful Customer Support.','published','2021-09-14 22:29:02','2021-09-14 22:29:02','[\"products\\/4.jpg\",\"products\\/6.jpg\",\"products\\/9.jpg\"]'),(3,2,26,3.00,'Amazing code, amazing support. Overall, im really confident in Botble and im happy I made the right choice! Thank you so much guys for coding this masterpiece','published','2021-09-14 22:29:02','2021-09-14 22:29:02','{\"0\":\"products\\/2.jpg\",\"2\":\"products\\/21.jpg\"}'),(4,3,16,2.00,'Ok good product. I have some issues in customizations. But its not correct to blame the developer. The product is good. Good luck for your business.','published','2021-09-14 22:29:02','2021-09-14 22:29:02','[\"products\\/2.jpg\",\"products\\/5.jpg\"]'),(5,1,23,5.00,'Cool template. Excellent code quality. The support responds very quickly, which is very rare on themeforest and codecanyon.net, I buy a lot of templates, and everyone will have a response from technical support for two or three days. Thanks to tech support. I recommend to buy.','published','2021-09-14 22:29:02','2021-09-14 22:29:02','[\"products\\/4.jpg\",\"products\\/6.jpg\"]'),(6,9,28,2.00,'Customer Support are grade (A*), however the code is a way too over engineered for it\'s purpose.','published','2021-09-14 22:29:02','2021-09-14 22:29:02','[\"products\\/4.jpg\"]'),(7,2,1,3.00,'Cool template. Excellent code quality. The support responds very quickly, which is very rare on themeforest and codecanyon.net, I buy a lot of templates, and everyone will have a response from technical support for two or three days. Thanks to tech support. I recommend to buy.','published','2021-09-14 22:29:02','2021-09-14 22:29:02','[\"products\\/3.jpg\",\"products\\/7.jpg\"]'),(8,10,1,1.00,'Customer Support are grade (A*), however the code is a way too over engineered for it\'s purpose.','published','2021-09-14 22:29:02','2021-09-14 22:29:02','{\"0\":\"products\\/2.jpg\",\"2\":\"products\\/12.jpg\"}'),(9,7,20,4.00,'Best ecommerce CMS online store!','published','2021-09-14 22:29:02','2021-09-14 22:29:02','[\"products\\/2.jpg\",\"products\\/5.jpg\"]'),(10,10,22,5.00,'This script is well coded and is super fast. The support is pretty quick. Very patient and helpful team. I strongly recommend it and they deserve more than 5 stars.','published','2021-09-14 22:29:02','2021-09-14 22:29:02','[\"products\\/1.jpg\",\"products\\/6.jpg\",\"products\\/10.jpg\"]'),(11,4,28,1.00,'As a developer I reviewed this script. This is really awesome ecommerce script. I have convinced when I noticed that it\'s built on fully WordPress concept.','published','2021-09-14 22:29:02','2021-09-14 22:29:02','[\"products\\/1.jpg\",\"products\\/5.jpg\"]'),(12,8,28,2.00,'Very enthusiastic support! Excellent code is written. It\'s a true pleasure working with.','published','2021-09-14 22:29:02','2021-09-14 22:29:02','[\"products\\/4.jpg\"]'),(13,6,4,5.00,'Perfect +++++++++ i love it really also i get to fast ticket answers... Thanks Lot BOTBLE Teams','published','2021-09-14 22:29:02','2021-09-14 22:29:02','[\"products\\/1.jpg\",\"products\\/5.jpg\",\"products\\/27.jpg\"]'),(14,8,16,2.00,'The script is the best of its class, fast, easy to implement and work with , and the most important thing is the great support team , Recommend with no doubt.','published','2021-09-14 22:29:02','2021-09-14 22:29:02','[\"products\\/3.jpg\",\"products\\/6.jpg\"]'),(15,6,10,5.00,'For me the best eCommerce script on Envato at this moment: modern, clean code, a lot of great features. The customer support is great too: I always get an answer within hours!','published','2021-09-14 22:29:02','2021-09-14 22:29:02','{\"0\":\"products\\/1.jpg\",\"2\":\"products\\/15.jpg\"}'),(16,4,17,5.00,'Second or third time that I buy a Botble product, happy with the products and support. You guys do a good job :)','published','2021-09-14 22:29:02','2021-09-14 22:29:02','[\"products\\/2.jpg\",\"products\\/5.jpg\"]'),(17,5,24,1.00,'As a developer I reviewed this script. This is really awesome ecommerce script. I have convinced when I noticed that it\'s built on fully WordPress concept.','published','2021-09-14 22:29:02','2021-09-14 22:29:02','[\"products\\/4.jpg\",\"products\\/5.jpg\",\"products\\/15.jpg\"]'),(18,8,31,1.00,'This web app is really good in design, code quality & features. Besides, the customer support provided by the Botble team was really fast & helpful. You guys are awesome!','published','2021-09-14 22:29:02','2021-09-14 22:29:02','[\"products\\/3.jpg\"]'),(19,9,13,1.00,'Great system, great support, good job Botble. I\'m looking forward to more great functional plugins.','published','2021-09-14 22:29:02','2021-09-14 22:29:02','[\"products\\/4.jpg\",\"products\\/7.jpg\"]'),(20,1,26,5.00,'Customer Support are grade (A*), however the code is a way too over engineered for it\'s purpose.','published','2021-09-14 22:29:02','2021-09-14 22:29:02','[\"products\\/3.jpg\",\"products\\/5.jpg\"]'),(21,10,21,1.00,'Ok good product. I have some issues in customizations. But its not correct to blame the developer. The product is good. Good luck for your business.','published','2021-09-14 22:29:02','2021-09-14 22:29:02','[\"products\\/4.jpg\"]'),(22,9,10,2.00,'The script is the best of its class, fast, easy to implement and work with , and the most important thing is the great support team , Recommend with no doubt.','published','2021-09-14 22:29:02','2021-09-14 22:29:02','[\"products\\/4.jpg\"]'),(23,8,26,4.00,'It\'s not my first experience here on Codecanyon and I can honestly tell you all that Botble puts a LOT of effort into the support. They answer so fast, they helped me tons of times. REALLY by far THE BEST EXPERIENCE on Codecanyon. Those guys at Botble are so good that they deserve 5 stars. I recommend them, I trust them and I can\'t wait to see what they will sell in a near future. Thank you Botble :)','published','2021-09-14 22:29:02','2021-09-14 22:29:02','[\"products\\/3.jpg\",\"products\\/5.jpg\"]'),(24,10,30,3.00,'These guys are amazing! Responses immediately, amazing support and help... I immediately feel at ease after Purchasing..','published','2021-09-14 22:29:02','2021-09-14 22:29:02','{\"0\":\"products\\/3.jpg\",\"2\":\"products\\/23.jpg\"}'),(25,2,25,2.00,'Great system, great support, good job Botble. I\'m looking forward to more great functional plugins.','published','2021-09-14 22:29:02','2021-09-14 22:29:02','{\"0\":\"products\\/2.jpg\",\"2\":\"products\\/20.jpg\"}'),(26,2,23,2.00,'The code is good, in general, if you like it, can you give it 5 stars?','published','2021-09-14 22:29:02','2021-09-14 22:29:02','[\"products\\/2.jpg\",\"products\\/6.jpg\"]'),(27,2,6,3.00,'Customer Support are grade (A*), however the code is a way too over engineered for it\'s purpose.','published','2021-09-14 22:29:02','2021-09-14 22:29:02','[\"products\\/1.jpg\",\"products\\/6.jpg\"]'),(28,6,15,4.00,'Best ecommerce CMS online store!','published','2021-09-14 22:29:02','2021-09-14 22:29:02','[\"products\\/1.jpg\",\"products\\/7.jpg\",\"products\\/11.jpg\"]'),(29,6,17,2.00,'Second or third time that I buy a Botble product, happy with the products and support. You guys do a good job :)','published','2021-09-14 22:29:02','2021-09-14 22:29:02','[\"products\\/1.jpg\",\"products\\/6.jpg\",\"products\\/13.jpg\"]'),(30,11,9,3.00,'Good app, good backup service and support. Good documentation.','published','2021-09-14 22:29:02','2021-09-14 22:29:02','[\"products\\/4.jpg\",\"products\\/5.jpg\",\"products\\/27.jpg\"]'),(31,4,15,3.00,'I Love this Script. I also found how to add other fees. Now I just wait the BIG update for the Marketplace with the Bulk Import. Just do not forget to make it to be Multi-language for us the Botble Fans.','published','2021-09-14 22:29:02','2021-09-14 22:29:02','[\"products\\/2.jpg\",\"products\\/6.jpg\"]'),(32,9,4,3.00,'Second or third time that I buy a Botble product, happy with the products and support. You guys do a good job :)','published','2021-09-14 22:29:02','2021-09-14 22:29:02','{\"0\":\"products\\/3.jpg\",\"2\":\"products\\/17.jpg\"}'),(33,4,6,4.00,'Perfect +++++++++ i love it really also i get to fast ticket answers... Thanks Lot BOTBLE Teams','published','2021-09-14 22:29:02','2021-09-14 22:29:02','{\"0\":\"products\\/2.jpg\",\"2\":\"products\\/12.jpg\"}'),(34,6,11,2.00,'For me the best eCommerce script on Envato at this moment: modern, clean code, a lot of great features. The customer support is great too: I always get an answer within hours!','published','2021-09-14 22:29:02','2021-09-14 22:29:02','[\"products\\/2.jpg\",\"products\\/6.jpg\"]'),(35,2,15,2.00,'Amazing code, amazing support. Overall, im really confident in Botble and im happy I made the right choice! Thank you so much guys for coding this masterpiece','published','2021-09-14 22:29:02','2021-09-14 22:29:02','{\"0\":\"products\\/3.jpg\",\"2\":\"products\\/30.jpg\"}'),(36,7,6,2.00,'Clean & perfect source code','published','2021-09-14 22:29:02','2021-09-14 22:29:02','[\"products\\/2.jpg\",\"products\\/7.jpg\"]'),(37,3,16,4.00,'Cool template. Excellent code quality. The support responds very quickly, which is very rare on themeforest and codecanyon.net, I buy a lot of templates, and everyone will have a response from technical support for two or three days. Thanks to tech support. I recommend to buy.','published','2021-09-14 22:29:02','2021-09-14 22:29:02','[\"products\\/1.jpg\"]'),(38,9,27,3.00,'The best ecommerce CMS! Excellent coding! best support service! Thank you so much..... I really like your hard work.','published','2021-09-14 22:29:02','2021-09-14 22:29:02','[\"products\\/1.jpg\",\"products\\/5.jpg\"]'),(39,9,22,5.00,'Ok good product. I have some issues in customizations. But its not correct to blame the developer. The product is good. Good luck for your business.','published','2021-09-14 22:29:02','2021-09-14 22:29:02','[\"products\\/3.jpg\"]'),(40,10,13,4.00,'Clean & perfect source code','published','2021-09-14 22:29:02','2021-09-14 22:29:02','[\"products\\/2.jpg\",\"products\\/6.jpg\"]'),(41,11,29,5.00,'Solution is too robust for our purpose so we didn\'t use it at the end. But I appreciate customer support during initial configuration.','published','2021-09-14 22:29:02','2021-09-14 22:29:02','[\"products\\/4.jpg\",\"products\\/6.jpg\",\"products\\/15.jpg\"]'),(42,9,23,3.00,'Great system, great support, good job Botble. I\'m looking forward to more great functional plugins.','published','2021-09-14 22:29:02','2021-09-14 22:29:02','[\"products\\/4.jpg\",\"products\\/5.jpg\",\"products\\/13.jpg\"]'),(43,1,17,5.00,'For me the best eCommerce script on Envato at this moment: modern, clean code, a lot of great features. The customer support is great too: I always get an answer within hours!','published','2021-09-14 22:29:02','2021-09-14 22:29:02','[\"products\\/3.jpg\"]'),(44,3,28,3.00,'Great E-commerce system. And much more : Wonderful Customer Support.','published','2021-09-14 22:29:02','2021-09-14 22:29:02','[\"products\\/3.jpg\"]'),(45,6,4,4.00,'Best ecommerce CMS online store!','published','2021-09-14 22:29:02','2021-09-14 22:29:02','[\"products\\/2.jpg\",\"products\\/5.jpg\"]'),(46,1,20,3.00,'We have received brilliant service support and will be expanding the features with the developer. Nice product!','published','2021-09-14 22:29:02','2021-09-14 22:29:02','[\"products\\/1.jpg\",\"products\\/6.jpg\",\"products\\/15.jpg\"]'),(47,1,29,1.00,'Amazing code, amazing support. Overall, im really confident in Botble and im happy I made the right choice! Thank you so much guys for coding this masterpiece','published','2021-09-14 22:29:02','2021-09-14 22:29:02','[\"products\\/1.jpg\"]'),(48,11,9,5.00,'I Love this Script. I also found how to add other fees. Now I just wait the BIG update for the Marketplace with the Bulk Import. Just do not forget to make it to be Multi-language for us the Botble Fans.','published','2021-09-14 22:29:02','2021-09-14 22:29:02','[\"products\\/4.jpg\",\"products\\/6.jpg\"]'),(49,1,24,4.00,'As a developer I reviewed this script. This is really awesome ecommerce script. I have convinced when I noticed that it\'s built on fully WordPress concept.','published','2021-09-14 22:29:02','2021-09-14 22:29:02','[\"products\\/2.jpg\"]'),(50,11,16,2.00,'For me the best eCommerce script on Envato at this moment: modern, clean code, a lot of great features. The customer support is great too: I always get an answer within hours!','published','2021-09-14 22:29:02','2021-09-14 22:29:02','{\"0\":\"products\\/4.jpg\",\"2\":\"products\\/25.jpg\"}'),(51,4,9,1.00,'We have received brilliant service support and will be expanding the features with the developer. Nice product!','published','2021-09-14 22:29:02','2021-09-14 22:29:02','[\"products\\/3.jpg\",\"products\\/7.jpg\"]'),(52,3,19,3.00,'Those guys now what they are doing, the release such a good product that it\'s a pleasure to work with ! Even when I was stuck on the project, I created a ticket and the next day it was replied by the team. GOOD JOB guys. I love working with them :)','published','2021-09-14 22:29:02','2021-09-14 22:29:02','[\"products\\/1.jpg\",\"products\\/6.jpg\"]'),(53,5,26,5.00,'Great E-commerce system. And much more : Wonderful Customer Support.','published','2021-09-14 22:29:02','2021-09-14 22:29:02','[\"products\\/1.jpg\",\"products\\/5.jpg\"]'),(54,8,28,4.00,'Cool template. Excellent code quality. The support responds very quickly, which is very rare on themeforest and codecanyon.net, I buy a lot of templates, and everyone will have a response from technical support for two or three days. Thanks to tech support. I recommend to buy.','published','2021-09-14 22:29:02','2021-09-14 22:29:02','[\"products\\/4.jpg\",\"products\\/5.jpg\",\"products\\/15.jpg\"]'),(55,5,3,1.00,'Great system, great support, good job Botble. I\'m looking forward to more great functional plugins.','published','2021-09-14 22:29:02','2021-09-14 22:29:02','[\"products\\/3.jpg\",\"products\\/6.jpg\"]'),(56,5,6,3.00,'Good app, good backup service and support. Good documentation.','published','2021-09-14 22:29:02','2021-09-14 22:29:02','[\"products\\/3.jpg\",\"products\\/6.jpg\",\"products\\/24.jpg\"]'),(57,1,8,1.00,'Ok good product. I have some issues in customizations. But its not correct to blame the developer. The product is good. Good luck for your business.','published','2021-09-14 22:29:02','2021-09-14 22:29:02','[\"products\\/3.jpg\",\"products\\/6.jpg\",\"products\\/29.jpg\"]'),(58,7,11,5.00,'We have received brilliant service support and will be expanding the features with the developer. Nice product!','published','2021-09-14 22:29:02','2021-09-14 22:29:02','[\"products\\/4.jpg\",\"products\\/7.jpg\"]'),(59,7,13,1.00,'This script is well coded and is super fast. The support is pretty quick. Very patient and helpful team. I strongly recommend it and they deserve more than 5 stars.','published','2021-09-14 22:29:02','2021-09-14 22:29:02','[\"products\\/2.jpg\",\"products\\/6.jpg\",\"products\\/21.jpg\"]'),(60,6,28,1.00,'Ok good product. I have some issues in customizations. But its not correct to blame the developer. The product is good. Good luck for your business.','published','2021-09-14 22:29:02','2021-09-14 22:29:02','[\"products\\/3.jpg\",\"products\\/7.jpg\"]'),(61,9,10,2.00,'Second or third time that I buy a Botble product, happy with the products and support. You guys do a good job :)','published','2021-09-14 22:29:02','2021-09-14 22:29:02','{\"0\":\"products\\/4.jpg\",\"2\":\"products\\/19.jpg\"}'),(62,4,11,3.00,'This web app is really good in design, code quality & features. Besides, the customer support provided by the Botble team was really fast & helpful. You guys are awesome!','published','2021-09-14 22:29:02','2021-09-14 22:29:02','[\"products\\/3.jpg\"]'),(63,5,18,1.00,'The script is the best of its class, fast, easy to implement and work with , and the most important thing is the great support team , Recommend with no doubt.','published','2021-09-14 22:29:02','2021-09-14 22:29:02','[\"products\\/3.jpg\"]'),(64,6,30,4.00,'Clean & perfect source code','published','2021-09-14 22:29:02','2021-09-14 22:29:02','[\"products\\/4.jpg\",\"products\\/6.jpg\",\"products\\/8.jpg\"]'),(65,9,30,2.00,'We have received brilliant service support and will be expanding the features with the developer. Nice product!','published','2021-09-14 22:29:02','2021-09-14 22:29:02','[\"products\\/1.jpg\"]'),(66,7,12,1.00,'The best store template! Excellent coding! Very good support! Thank you so much for all the help, I really appreciated.','published','2021-09-14 22:29:02','2021-09-14 22:29:02','[\"products\\/3.jpg\",\"products\\/7.jpg\",\"products\\/17.jpg\"]'),(67,9,5,3.00,'The code is good, in general, if you like it, can you give it 5 stars?','published','2021-09-14 22:29:02','2021-09-14 22:29:02','[\"products\\/2.jpg\"]'),(68,5,22,3.00,'Amazing code, amazing support. Overall, im really confident in Botble and im happy I made the right choice! Thank you so much guys for coding this masterpiece','published','2021-09-14 22:29:02','2021-09-14 22:29:02','[\"products\\/4.jpg\",\"products\\/5.jpg\"]'),(69,3,9,1.00,'Second or third time that I buy a Botble product, happy with the products and support. You guys do a good job :)','published','2021-09-14 22:29:02','2021-09-14 22:29:02','[\"products\\/4.jpg\",\"products\\/5.jpg\"]'),(70,11,28,4.00,'Solution is too robust for our purpose so we didn\'t use it at the end. But I appreciate customer support during initial configuration.','published','2021-09-14 22:29:02','2021-09-14 22:29:02','[\"products\\/4.jpg\"]'),(71,7,22,5.00,'Amazing code, amazing support. Overall, im really confident in Botble and im happy I made the right choice! Thank you so much guys for coding this masterpiece','published','2021-09-14 22:29:02','2021-09-14 22:29:02','{\"0\":\"products\\/4.jpg\",\"2\":\"products\\/30.jpg\"}'),(72,8,28,1.00,'As a developer I reviewed this script. This is really awesome ecommerce script. I have convinced when I noticed that it\'s built on fully WordPress concept.','published','2021-09-14 22:29:02','2021-09-14 22:29:02','[\"products\\/1.jpg\",\"products\\/7.jpg\"]'),(73,1,25,1.00,'Great system, great support, good job Botble. I\'m looking forward to more great functional plugins.','published','2021-09-14 22:29:02','2021-09-14 22:29:02','[\"products\\/3.jpg\",\"products\\/7.jpg\",\"products\\/17.jpg\"]'),(74,9,7,2.00,'Perfect +++++++++ i love it really also i get to fast ticket answers... Thanks Lot BOTBLE Teams','published','2021-09-14 22:29:02','2021-09-14 22:29:02','[\"products\\/3.jpg\"]'),(75,4,13,5.00,'These guys are amazing! Responses immediately, amazing support and help... I immediately feel at ease after Purchasing..','published','2021-09-14 22:29:02','2021-09-14 22:29:02','[\"products\\/3.jpg\",\"products\\/6.jpg\",\"products\\/28.jpg\"]'),(76,7,16,4.00,'Second or third time that I buy a Botble product, happy with the products and support. You guys do a good job :)','published','2021-09-14 22:29:02','2021-09-14 22:29:02','[\"products\\/2.jpg\"]'),(77,6,5,2.00,'Customer Support are grade (A*), however the code is a way too over engineered for it\'s purpose.','published','2021-09-14 22:29:02','2021-09-14 22:29:02','[\"products\\/4.jpg\",\"products\\/6.jpg\"]'),(78,7,23,2.00,'Second or third time that I buy a Botble product, happy with the products and support. You guys do a good job :)','published','2021-09-14 22:29:02','2021-09-14 22:29:02','{\"0\":\"products\\/1.jpg\",\"2\":\"products\\/8.jpg\"}'),(79,1,15,5.00,'Amazing code, amazing support. Overall, im really confident in Botble and im happy I made the right choice! Thank you so much guys for coding this masterpiece','published','2021-09-14 22:29:02','2021-09-14 22:29:02','[\"products\\/2.jpg\",\"products\\/6.jpg\"]'),(80,6,12,2.00,'Great E-commerce system. And much more : Wonderful Customer Support.','published','2021-09-14 22:29:02','2021-09-14 22:29:02','[\"products\\/4.jpg\",\"products\\/6.jpg\"]'),(81,8,5,5.00,'Perfect +++++++++ i love it really also i get to fast ticket answers... Thanks Lot BOTBLE Teams','published','2021-09-14 22:29:02','2021-09-14 22:29:02','[\"products\\/4.jpg\",\"products\\/7.jpg\"]'),(82,1,2,4.00,'Cool template. Excellent code quality. The support responds very quickly, which is very rare on themeforest and codecanyon.net, I buy a lot of templates, and everyone will have a response from technical support for two or three days. Thanks to tech support. I recommend to buy.','published','2021-09-14 22:29:02','2021-09-14 22:29:02','[\"products\\/3.jpg\",\"products\\/6.jpg\",\"products\\/29.jpg\"]'),(83,1,1,2.00,'The code is good, in general, if you like it, can you give it 5 stars?','published','2021-09-14 22:29:02','2021-09-14 22:29:02','[\"products\\/1.jpg\",\"products\\/6.jpg\",\"products\\/23.jpg\"]'),(84,10,3,4.00,'Amazing code, amazing support. Overall, im really confident in Botble and im happy I made the right choice! Thank you so much guys for coding this masterpiece','published','2021-09-14 22:29:02','2021-09-14 22:29:02','[\"products\\/4.jpg\",\"products\\/5.jpg\",\"products\\/17.jpg\"]'),(85,5,15,4.00,'The best ecommerce CMS! Excellent coding! best support service! Thank you so much..... I really like your hard work.','published','2021-09-14 22:29:02','2021-09-14 22:29:02','[\"products\\/3.jpg\",\"products\\/6.jpg\"]'),(86,1,21,5.00,'As a developer I reviewed this script. This is really awesome ecommerce script. I have convinced when I noticed that it\'s built on fully WordPress concept.','published','2021-09-14 22:29:02','2021-09-14 22:29:02','{\"0\":\"products\\/4.jpg\",\"2\":\"products\\/22.jpg\"}'),(87,11,11,1.00,'Ok good product. I have some issues in customizations. But its not correct to blame the developer. The product is good. Good luck for your business.','published','2021-09-14 22:29:02','2021-09-14 22:29:02','[\"products\\/2.jpg\"]'),(88,2,16,2.00,'I Love this Script. I also found how to add other fees. Now I just wait the BIG update for the Marketplace with the Bulk Import. Just do not forget to make it to be Multi-language for us the Botble Fans.','published','2021-09-14 22:29:02','2021-09-14 22:29:02','[\"products\\/1.jpg\",\"products\\/6.jpg\"]'),(89,1,23,1.00,'Perfect +++++++++ i love it really also i get to fast ticket answers... Thanks Lot BOTBLE Teams','published','2021-09-14 22:29:02','2021-09-14 22:29:02','[\"products\\/4.jpg\",\"products\\/5.jpg\"]'),(90,5,6,1.00,'It\'s not my first experience here on Codecanyon and I can honestly tell you all that Botble puts a LOT of effort into the support. They answer so fast, they helped me tons of times. REALLY by far THE BEST EXPERIENCE on Codecanyon. Those guys at Botble are so good that they deserve 5 stars. I recommend them, I trust them and I can\'t wait to see what they will sell in a near future. Thank you Botble :)','published','2021-09-14 22:29:02','2021-09-14 22:29:02','[\"products\\/4.jpg\",\"products\\/6.jpg\"]'),(91,7,3,2.00,'It\'s not my first experience here on Codecanyon and I can honestly tell you all that Botble puts a LOT of effort into the support. They answer so fast, they helped me tons of times. REALLY by far THE BEST EXPERIENCE on Codecanyon. Those guys at Botble are so good that they deserve 5 stars. I recommend them, I trust them and I can\'t wait to see what they will sell in a near future. Thank you Botble :)','published','2021-09-14 22:29:02','2021-09-14 22:29:02','[\"products\\/4.jpg\",\"products\\/6.jpg\"]'),(92,4,9,1.00,'It\'s not my first experience here on Codecanyon and I can honestly tell you all that Botble puts a LOT of effort into the support. They answer so fast, they helped me tons of times. REALLY by far THE BEST EXPERIENCE on Codecanyon. Those guys at Botble are so good that they deserve 5 stars. I recommend them, I trust them and I can\'t wait to see what they will sell in a near future. Thank you Botble :)','published','2021-09-14 22:29:02','2021-09-14 22:29:02','[\"products\\/4.jpg\",\"products\\/6.jpg\",\"products\\/28.jpg\"]'),(93,10,5,1.00,'Cool template. Excellent code quality. The support responds very quickly, which is very rare on themeforest and codecanyon.net, I buy a lot of templates, and everyone will have a response from technical support for two or three days. Thanks to tech support. I recommend to buy.','published','2021-09-14 22:29:02','2021-09-14 22:29:02','[\"products\\/4.jpg\"]'),(94,8,31,2.00,'Those guys now what they are doing, the release such a good product that it\'s a pleasure to work with ! Even when I was stuck on the project, I created a ticket and the next day it was replied by the team. GOOD JOB guys. I love working with them :)','published','2021-09-14 22:29:02','2021-09-14 22:29:02','[\"products\\/1.jpg\",\"products\\/5.jpg\"]'),(95,3,26,2.00,'Great E-commerce system. And much more : Wonderful Customer Support.','published','2021-09-14 22:29:02','2021-09-14 22:29:02','[\"products\\/2.jpg\",\"products\\/5.jpg\"]'),(96,4,15,2.00,'Those guys now what they are doing, the release such a good product that it\'s a pleasure to work with ! Even when I was stuck on the project, I created a ticket and the next day it was replied by the team. GOOD JOB guys. I love working with them :)','published','2021-09-14 22:29:02','2021-09-14 22:29:02','[\"products\\/4.jpg\",\"products\\/5.jpg\"]'),(97,3,4,1.00,'Very enthusiastic support! Excellent code is written. It\'s a true pleasure working with.','published','2021-09-14 22:29:02','2021-09-14 22:29:02','[\"products\\/4.jpg\",\"products\\/7.jpg\",\"products\\/11.jpg\"]'),(98,2,1,4.00,'Perfect +++++++++ i love it really also i get to fast ticket answers... Thanks Lot BOTBLE Teams','published','2021-09-14 22:29:02','2021-09-14 22:29:02','[\"products\\/4.jpg\",\"products\\/7.jpg\",\"products\\/21.jpg\"]'),(99,3,29,5.00,'Cool template. Excellent code quality. The support responds very quickly, which is very rare on themeforest and codecanyon.net, I buy a lot of templates, and everyone will have a response from technical support for two or three days. Thanks to tech support. I recommend to buy.','published','2021-09-14 22:29:02','2021-09-14 22:29:02','[\"products\\/4.jpg\",\"products\\/5.jpg\",\"products\\/10.jpg\"]'),(100,1,19,1.00,'Good app, good backup service and support. Good documentation.','published','2021-09-14 22:29:02','2021-09-14 22:29:02','[\"products\\/2.jpg\",\"products\\/5.jpg\",\"products\\/14.jpg\"]');
/*!40000 ALTER TABLE `ec_reviews` ENABLE KEYS */;
UNLOCK TABLES;

--
-- Table structure for table `ec_shipment_histories`
--

DROP TABLE IF EXISTS `ec_shipment_histories`;
/*!40101 SET @saved_cs_client     = @@character_set_client */;
/*!40101 SET character_set_client = utf8 */;
CREATE TABLE `ec_shipment_histories` (
  `id` bigint(20) unsigned NOT NULL AUTO_INCREMENT,
  `action` varchar(120) COLLATE utf8mb4_unicode_ci NOT NULL,
  `description` varchar(255) COLLATE utf8mb4_unicode_ci NOT NULL,
  `user_id` int(10) unsigned DEFAULT NULL,
  `shipment_id` int(10) unsigned NOT NULL,
  `order_id` int(10) unsigned NOT NULL,
  `created_at` timestamp NULL DEFAULT NULL,
  `updated_at` timestamp NULL DEFAULT NULL,
  PRIMARY KEY (`id`)
) ENGINE=InnoDB AUTO_INCREMENT=56 DEFAULT CHARSET=utf8mb4 COLLATE=utf8mb4_unicode_ci;
/*!40101 SET character_set_client = @saved_cs_client */;

--
-- Dumping data for table `ec_shipment_histories`
--

LOCK TABLES `ec_shipment_histories` WRITE;
/*!40000 ALTER TABLE `ec_shipment_histories` DISABLE KEYS */;
INSERT INTO `ec_shipment_histories` VALUES (1,'create_from_order','Shipping was created from order %order_id%',0,1,1,'2021-08-29 06:29:02','2021-08-29 06:29:02'),(2,'update_status','Changed status of shipping to : Approved . Updated by: %user_name%',0,1,1,'2021-09-13 06:29:02','2021-09-14 22:29:02'),(3,'create_from_order','Shipping was created from order %order_id%',0,2,2,'2021-08-30 02:29:02','2021-08-30 02:29:02'),(4,'update_status','Changed status of shipping to : Approved . Updated by: %user_name%',0,2,2,'2021-09-13 08:29:02','2021-09-14 22:29:02'),(5,'update_cod_status','Updated COD status to Completed . Updated by: %user_name%',0,2,2,'2021-09-14 22:29:02','2021-09-14 22:29:02'),(6,'update_status','Changed status of shipping to : Delivered . Updated by: %user_name%',0,2,2,'2021-09-14 22:29:02','2021-09-14 22:29:02'),(7,'create_from_order','Shipping was created from order %order_id%',0,3,3,'2021-09-13 10:29:02','2021-09-13 10:29:02'),(8,'update_status','Changed status of shipping to : Approved . Updated by: %user_name%',0,3,3,'2021-09-13 10:29:02','2021-09-14 22:29:02'),(9,'update_status','Changed status of shipping to : Delivered . Updated by: %user_name%',0,3,3,'2021-09-14 22:29:02','2021-09-14 22:29:02'),(10,'create_from_order','Shipping was created from order %order_id%',0,4,4,'2021-09-07 20:29:02','2021-09-07 20:29:02'),(11,'update_status','Changed status of shipping to : Approved . Updated by: %user_name%',0,4,4,'2021-09-13 12:29:02','2021-09-14 22:29:02'),(12,'create_from_order','Shipping was created from order %order_id%',0,5,5,'2021-09-08 06:29:02','2021-09-08 06:29:02'),(13,'update_status','Changed status of shipping to : Approved . Updated by: %user_name%',0,5,5,'2021-09-13 14:29:02','2021-09-14 22:29:02'),(14,'create_from_order','Shipping was created from order %order_id%',0,6,6,'2021-09-03 16:29:02','2021-09-03 16:29:02'),(15,'update_status','Changed status of shipping to : Approved . Updated by: %user_name%',0,6,6,'2021-09-13 16:29:02','2021-09-14 22:29:02'),(16,'create_from_order','Shipping was created from order %order_id%',0,7,7,'2021-09-04 10:29:02','2021-09-04 10:29:02'),(17,'update_status','Changed status of shipping to : Approved . Updated by: %user_name%',0,7,7,'2021-09-13 18:29:02','2021-09-14 22:29:02'),(18,'update_status','Changed status of shipping to : Delivered . Updated by: %user_name%',0,7,7,'2021-09-14 22:29:02','2021-09-14 22:29:02'),(19,'create_from_order','Shipping was created from order %order_id%',0,8,8,'2021-09-05 04:29:02','2021-09-05 04:29:02'),(20,'update_status','Changed status of shipping to : Approved . Updated by: %user_name%',0,8,8,'2021-09-13 20:29:02','2021-09-14 22:29:02'),(21,'update_status','Changed status of shipping to : Delivered . Updated by: %user_name%',0,8,8,'2021-09-14 22:29:02','2021-09-14 22:29:02'),(22,'create_from_order','Shipping was created from order %order_id%',0,9,9,'2021-09-06 22:29:02','2021-09-06 22:29:02'),(23,'update_status','Changed status of shipping to : Approved . Updated by: %user_name%',0,9,9,'2021-09-13 22:29:02','2021-09-14 22:29:02'),(24,'update_status','Changed status of shipping to : Delivered . Updated by: %user_name%',0,9,9,'2021-09-14 22:29:03','2021-09-14 22:29:03'),(25,'create_from_order','Shipping was created from order %order_id%',0,10,10,'2021-09-06 16:29:03','2021-09-06 16:29:03'),(26,'update_status','Changed status of shipping to : Approved . Updated by: %user_name%',0,10,10,'2021-09-14 00:29:03','2021-09-14 22:29:03'),(27,'update_status','Changed status of shipping to : Delivered . Updated by: %user_name%',0,10,10,'2021-09-14 22:29:03','2021-09-14 22:29:03'),(28,'create_from_order','Shipping was created from order %order_id%',0,11,11,'2021-09-07 10:29:03','2021-09-07 10:29:03'),(29,'update_status','Changed status of shipping to : Approved . Updated by: %user_name%',0,11,11,'2021-09-14 02:29:03','2021-09-14 22:29:03'),(30,'update_status','Changed status of shipping to : Delivered . Updated by: %user_name%',0,11,11,'2021-09-14 22:29:03','2021-09-14 22:29:03'),(31,'create_from_order','Shipping was created from order %order_id%',0,12,12,'2021-09-11 04:29:03','2021-09-11 04:29:03'),(32,'update_status','Changed status of shipping to : Approved . Updated by: %user_name%',0,12,12,'2021-09-14 04:29:03','2021-09-14 22:29:03'),(33,'update_status','Changed status of shipping to : Delivered . Updated by: %user_name%',0,12,12,'2021-09-14 22:29:03','2021-09-14 22:29:03'),(34,'create_from_order','Shipping was created from order %order_id%',0,13,13,'2021-09-10 22:29:03','2021-09-10 22:29:03'),(35,'update_status','Changed status of shipping to : Approved . Updated by: %user_name%',0,13,13,'2021-09-14 06:29:03','2021-09-14 22:29:03'),(36,'update_status','Changed status of shipping to : Delivered . Updated by: %user_name%',0,13,13,'2021-09-14 22:29:03','2021-09-14 22:29:03'),(37,'create_from_order','Shipping was created from order %order_id%',0,14,14,'2021-09-10 20:29:03','2021-09-10 20:29:03'),(38,'update_status','Changed status of shipping to : Approved . Updated by: %user_name%',0,14,14,'2021-09-14 08:29:03','2021-09-14 22:29:03'),(39,'update_status','Changed status of shipping to : Delivered . Updated by: %user_name%',0,14,14,'2021-09-14 22:29:03','2021-09-14 22:29:03'),(40,'create_from_order','Shipping was created from order %order_id%',0,15,15,'2021-09-14 10:29:03','2021-09-14 10:29:03'),(41,'update_status','Changed status of shipping to : Approved . Updated by: %user_name%',0,15,15,'2021-09-14 10:29:03','2021-09-14 22:29:03'),(42,'update_cod_status','Updated COD status to Completed . Updated by: %user_name%',0,15,15,'2021-09-14 22:29:03','2021-09-14 22:29:03'),(43,'update_status','Changed status of shipping to : Delivered . Updated by: %user_name%',0,15,15,'2021-09-14 22:29:03','2021-09-14 22:29:03'),(44,'create_from_order','Shipping was created from order %order_id%',0,16,16,'2021-09-12 10:29:03','2021-09-12 10:29:03'),(45,'update_status','Changed status of shipping to : Approved . Updated by: %user_name%',0,16,16,'2021-09-14 12:29:03','2021-09-14 22:29:03'),(46,'update_status','Changed status of shipping to : Delivered . Updated by: %user_name%',0,16,16,'2021-09-14 22:29:03','2021-09-14 22:29:03'),(47,'create_from_order','Shipping was created from order %order_id%',0,17,17,'2021-09-14 06:29:03','2021-09-14 06:29:03'),(48,'update_status','Changed status of shipping to : Approved . Updated by: %user_name%',0,17,17,'2021-09-14 14:29:03','2021-09-14 22:29:03'),(49,'update_status','Changed status of shipping to : Delivered . Updated by: %user_name%',0,17,17,'2021-09-14 22:29:03','2021-09-14 22:29:03'),(50,'create_from_order','Shipping was created from order %order_id%',0,18,18,'2021-09-12 22:29:03','2021-09-12 22:29:03'),(51,'update_status','Changed status of shipping to : Approved . Updated by: %user_name%',0,18,18,'2021-09-14 16:29:03','2021-09-14 22:29:03'),(52,'create_from_order','Shipping was created from order %order_id%',0,19,19,'2021-09-14 18:29:03','2021-09-14 18:29:03'),(53,'update_status','Changed status of shipping to : Approved . Updated by: %user_name%',0,19,19,'2021-09-14 18:29:03','2021-09-14 22:29:03'),(54,'create_from_order','Shipping was created from order %order_id%',0,20,20,'2021-09-14 14:29:03','2021-09-14 14:29:03'),(55,'update_status','Changed status of shipping to : Approved . Updated by: %user_name%',0,20,20,'2021-09-14 20:29:03','2021-09-14 22:29:03');
/*!40000 ALTER TABLE `ec_shipment_histories` ENABLE KEYS */;
UNLOCK TABLES;

--
-- Table structure for table `ec_shipments`
--

DROP TABLE IF EXISTS `ec_shipments`;
/*!40101 SET @saved_cs_client     = @@character_set_client */;
/*!40101 SET character_set_client = utf8 */;
CREATE TABLE `ec_shipments` (
  `id` bigint(20) unsigned NOT NULL AUTO_INCREMENT,
  `order_id` int(10) unsigned NOT NULL,
  `user_id` int(10) unsigned DEFAULT NULL,
  `weight` double(8,2) DEFAULT '0.00',
  `shipment_id` varchar(120) COLLATE utf8mb4_unicode_ci DEFAULT NULL,
  `note` varchar(120) COLLATE utf8mb4_unicode_ci DEFAULT NULL,
  `status` varchar(120) COLLATE utf8mb4_unicode_ci NOT NULL DEFAULT 'pending',
  `cod_amount` decimal(15,2) DEFAULT '0.00',
  `cod_status` varchar(60) COLLATE utf8mb4_unicode_ci NOT NULL DEFAULT 'pending',
  `cross_checking_status` varchar(60) COLLATE utf8mb4_unicode_ci NOT NULL DEFAULT 'pending',
  `price` decimal(15,2) DEFAULT '0.00',
  `store_id` int(10) unsigned DEFAULT NULL,
  `created_at` timestamp NULL DEFAULT NULL,
  `updated_at` timestamp NULL DEFAULT NULL,
  PRIMARY KEY (`id`)
) ENGINE=InnoDB AUTO_INCREMENT=21 DEFAULT CHARSET=utf8mb4 COLLATE=utf8mb4_unicode_ci;
/*!40101 SET character_set_client = @saved_cs_client */;

--
-- Dumping data for table `ec_shipments`
--

LOCK TABLES `ec_shipments` WRITE;
/*!40000 ALTER TABLE `ec_shipments` DISABLE KEYS */;
INSERT INTO `ec_shipments` VALUES (1,1,NULL,3011.00,NULL,'','approved',0.00,'completed','pending',0.00,0,'2021-09-14 22:29:02','2021-09-14 22:29:02'),(2,2,NULL,4574.00,NULL,'','delivered',692.35,'completed','pending',0.00,0,'2021-09-14 22:29:02','2021-09-14 22:29:02'),(3,3,NULL,1811.00,NULL,'','delivered',0.00,'completed','pending',0.00,0,'2021-09-14 22:29:02','2021-09-14 22:29:02'),(4,4,NULL,6719.00,NULL,'','approved',0.00,'completed','pending',0.00,0,'2021-09-14 22:29:02','2021-09-14 22:29:02'),(5,5,NULL,6372.00,NULL,'','approved',0.00,'completed','pending',0.00,0,'2021-09-14 22:29:02','2021-09-14 22:29:02'),(6,6,NULL,6823.00,NULL,'','approved',0.00,'completed','pending',0.00,0,'2021-09-14 22:29:02','2021-09-14 22:29:02'),(7,7,NULL,3091.00,NULL,'','delivered',0.00,'completed','pending',0.00,0,'2021-09-14 22:29:02','2021-09-14 22:29:02'),(8,8,NULL,3852.00,NULL,'','delivered',0.00,'completed','pending',0.00,0,'2021-09-14 22:29:02','2021-09-14 22:29:02'),(9,9,NULL,4481.00,NULL,'','delivered',0.00,'completed','pending',0.00,0,'2021-09-14 22:29:02','2021-09-14 22:29:02'),(10,10,NULL,4671.00,NULL,'','delivered',0.00,'completed','pending',0.00,0,'2021-09-14 22:29:03','2021-09-14 22:29:03'),(11,11,NULL,4976.00,NULL,'','delivered',0.00,'completed','pending',0.00,0,'2021-09-14 22:29:03','2021-09-14 22:29:03'),(12,12,NULL,5332.00,NULL,'','delivered',0.00,'completed','pending',0.00,0,'2021-09-14 22:29:03','2021-09-14 22:29:03'),(13,13,NULL,7770.00,NULL,'','delivered',0.00,'completed','pending',0.00,0,'2021-09-14 22:29:03','2021-09-14 22:29:03'),(14,14,NULL,4184.00,NULL,'','delivered',0.00,'completed','pending',0.00,0,'2021-09-14 22:29:03','2021-09-14 22:29:03'),(15,15,NULL,2610.00,NULL,'','delivered',369.60,'completed','pending',0.00,0,'2021-09-14 22:29:03','2021-09-14 22:29:03'),(16,16,NULL,5637.00,NULL,'','delivered',0.00,'completed','pending',0.00,0,'2021-09-14 22:29:03','2021-09-14 22:29:03'),(17,17,NULL,4320.00,NULL,'','delivered',0.00,'completed','pending',0.00,0,'2021-09-14 22:29:03','2021-09-14 22:29:03'),(18,18,NULL,4840.00,NULL,'','approved',0.00,'completed','pending',0.00,0,'2021-09-14 22:29:03','2021-09-14 22:29:03'),(19,19,NULL,5754.00,NULL,'','approved',0.00,'completed','pending',0.00,0,'2021-09-14 22:29:03','2021-09-14 22:29:03'),(20,20,NULL,3978.00,NULL,'','approved',0.00,'completed','pending',0.00,0,'2021-09-14 22:29:03','2021-09-14 22:29:03');
/*!40000 ALTER TABLE `ec_shipments` ENABLE KEYS */;
UNLOCK TABLES;

--
-- Table structure for table `ec_shipping`
--

DROP TABLE IF EXISTS `ec_shipping`;
/*!40101 SET @saved_cs_client     = @@character_set_client */;
/*!40101 SET character_set_client = utf8 */;
CREATE TABLE `ec_shipping` (
  `id` bigint(20) unsigned NOT NULL AUTO_INCREMENT,
  `title` varchar(191) COLLATE utf8mb4_unicode_ci DEFAULT NULL,
  `country` varchar(120) COLLATE utf8mb4_unicode_ci DEFAULT NULL,
  `created_at` timestamp NULL DEFAULT NULL,
  `updated_at` timestamp NULL DEFAULT NULL,
  PRIMARY KEY (`id`)
) ENGINE=InnoDB AUTO_INCREMENT=2 DEFAULT CHARSET=utf8mb4 COLLATE=utf8mb4_unicode_ci;
/*!40101 SET character_set_client = @saved_cs_client */;

--
-- Dumping data for table `ec_shipping`
--

LOCK TABLES `ec_shipping` WRITE;
/*!40000 ALTER TABLE `ec_shipping` DISABLE KEYS */;
INSERT INTO `ec_shipping` VALUES (1,'All',NULL,'2021-09-14 22:29:02','2021-09-14 22:29:02');
/*!40000 ALTER TABLE `ec_shipping` ENABLE KEYS */;
UNLOCK TABLES;

--
-- Table structure for table `ec_shipping_rule_items`
--

DROP TABLE IF EXISTS `ec_shipping_rule_items`;
/*!40101 SET @saved_cs_client     = @@character_set_client */;
/*!40101 SET character_set_client = utf8 */;
CREATE TABLE `ec_shipping_rule_items` (
  `id` bigint(20) unsigned NOT NULL AUTO_INCREMENT,
  `shipping_rule_id` int(10) unsigned NOT NULL,
  `country` varchar(120) COLLATE utf8mb4_unicode_ci DEFAULT NULL,
  `state` varchar(120) COLLATE utf8mb4_unicode_ci DEFAULT NULL,
  `city` varchar(120) COLLATE utf8mb4_unicode_ci DEFAULT NULL,
  `adjustment_price` decimal(15,2) DEFAULT '0.00',
  `is_enabled` tinyint(1) NOT NULL DEFAULT '1',
  `created_at` timestamp NULL DEFAULT NULL,
  `updated_at` timestamp NULL DEFAULT NULL,
  PRIMARY KEY (`id`)
) ENGINE=InnoDB DEFAULT CHARSET=utf8mb4 COLLATE=utf8mb4_unicode_ci;
/*!40101 SET character_set_client = @saved_cs_client */;

--
-- Dumping data for table `ec_shipping_rule_items`
--

LOCK TABLES `ec_shipping_rule_items` WRITE;
/*!40000 ALTER TABLE `ec_shipping_rule_items` DISABLE KEYS */;
/*!40000 ALTER TABLE `ec_shipping_rule_items` ENABLE KEYS */;
UNLOCK TABLES;

--
-- Table structure for table `ec_shipping_rules`
--

DROP TABLE IF EXISTS `ec_shipping_rules`;
/*!40101 SET @saved_cs_client     = @@character_set_client */;
/*!40101 SET character_set_client = utf8 */;
CREATE TABLE `ec_shipping_rules` (
  `id` bigint(20) unsigned NOT NULL AUTO_INCREMENT,
  `name` varchar(120) COLLATE utf8mb4_unicode_ci NOT NULL,
  `shipping_id` int(10) unsigned NOT NULL,
  `type` enum('base_on_price','base_on_weight') COLLATE utf8mb4_unicode_ci DEFAULT 'base_on_price',
  `from` decimal(15,2) DEFAULT '0.00',
  `to` decimal(15,2) DEFAULT '0.00',
  `price` decimal(15,2) DEFAULT '0.00',
  `created_at` timestamp NULL DEFAULT NULL,
  `updated_at` timestamp NULL DEFAULT NULL,
  PRIMARY KEY (`id`)
) ENGINE=InnoDB AUTO_INCREMENT=4 DEFAULT CHARSET=utf8mb4 COLLATE=utf8mb4_unicode_ci;
/*!40101 SET character_set_client = @saved_cs_client */;

--
-- Dumping data for table `ec_shipping_rules`
--

LOCK TABLES `ec_shipping_rules` WRITE;
/*!40000 ALTER TABLE `ec_shipping_rules` DISABLE KEYS */;
INSERT INTO `ec_shipping_rules` VALUES (1,'Free shipping',1,'base_on_price',0.00,NULL,0.00,'2021-09-14 22:29:02','2021-09-14 22:29:02'),(2,'Local Pickup',1,'base_on_price',0.00,NULL,20.00,'2021-09-14 22:29:02','2021-09-14 22:29:02'),(3,'Flat Rate',1,'base_on_price',0.00,NULL,25.00,'2021-09-14 22:29:02','2021-09-14 22:29:02');
/*!40000 ALTER TABLE `ec_shipping_rules` ENABLE KEYS */;
UNLOCK TABLES;

--
-- Table structure for table `ec_store_locators`
--

DROP TABLE IF EXISTS `ec_store_locators`;
/*!40101 SET @saved_cs_client     = @@character_set_client */;
/*!40101 SET character_set_client = utf8 */;
CREATE TABLE `ec_store_locators` (
  `id` bigint(20) unsigned NOT NULL AUTO_INCREMENT,
  `name` varchar(60) COLLATE utf8mb4_unicode_ci NOT NULL,
  `email` varchar(60) COLLATE utf8mb4_unicode_ci DEFAULT NULL,
  `phone` varchar(20) COLLATE utf8mb4_unicode_ci NOT NULL,
  `address` varchar(255) COLLATE utf8mb4_unicode_ci NOT NULL,
  `country` varchar(120) COLLATE utf8mb4_unicode_ci DEFAULT NULL,
  `state` varchar(120) COLLATE utf8mb4_unicode_ci DEFAULT NULL,
  `city` varchar(120) COLLATE utf8mb4_unicode_ci DEFAULT NULL,
  `is_primary` tinyint(1) DEFAULT '0',
  `is_shipping_location` tinyint(1) DEFAULT '1',
  `created_at` timestamp NULL DEFAULT NULL,
  `updated_at` timestamp NULL DEFAULT NULL,
  PRIMARY KEY (`id`)
) ENGINE=InnoDB AUTO_INCREMENT=2 DEFAULT CHARSET=utf8mb4 COLLATE=utf8mb4_unicode_ci;
/*!40101 SET character_set_client = @saved_cs_client */;

--
-- Dumping data for table `ec_store_locators`
--

LOCK TABLES `ec_store_locators` WRITE;
/*!40000 ALTER TABLE `ec_store_locators` DISABLE KEYS */;
INSERT INTO `ec_store_locators` VALUES (1,'Shopwise','sales@botble.com','123-456-7890','123 Street, Old Trafford','US','New York','New York',1,1,'2021-09-14 22:29:10','2021-09-14 22:29:10');
/*!40000 ALTER TABLE `ec_store_locators` ENABLE KEYS */;
UNLOCK TABLES;

--
-- Table structure for table `ec_taxes`
--

DROP TABLE IF EXISTS `ec_taxes`;
/*!40101 SET @saved_cs_client     = @@character_set_client */;
/*!40101 SET character_set_client = utf8 */;
CREATE TABLE `ec_taxes` (
  `id` bigint(20) unsigned NOT NULL AUTO_INCREMENT,
  `title` varchar(191) COLLATE utf8mb4_unicode_ci DEFAULT NULL,
  `percentage` double(8,6) DEFAULT NULL,
  `priority` int(11) DEFAULT NULL,
  `status` varchar(60) COLLATE utf8mb4_unicode_ci NOT NULL DEFAULT 'published',
  `created_at` timestamp NULL DEFAULT NULL,
  `updated_at` timestamp NULL DEFAULT NULL,
  PRIMARY KEY (`id`)
) ENGINE=InnoDB AUTO_INCREMENT=3 DEFAULT CHARSET=utf8mb4 COLLATE=utf8mb4_unicode_ci;
/*!40101 SET character_set_client = @saved_cs_client */;

--
-- Dumping data for table `ec_taxes`
--

LOCK TABLES `ec_taxes` WRITE;
/*!40000 ALTER TABLE `ec_taxes` DISABLE KEYS */;
INSERT INTO `ec_taxes` VALUES (1,'VAT',10.000000,1,'published','2021-09-14 22:29:02','2021-09-14 22:29:02'),(2,'None',0.000000,2,'published','2021-09-14 22:29:02','2021-09-14 22:29:02');
/*!40000 ALTER TABLE `ec_taxes` ENABLE KEYS */;
UNLOCK TABLES;

--
-- Table structure for table `ec_wish_lists`
--

DROP TABLE IF EXISTS `ec_wish_lists`;
/*!40101 SET @saved_cs_client     = @@character_set_client */;
/*!40101 SET character_set_client = utf8 */;
CREATE TABLE `ec_wish_lists` (
  `id` bigint(20) unsigned NOT NULL AUTO_INCREMENT,
  `customer_id` int(10) unsigned NOT NULL,
  `product_id` int(10) unsigned NOT NULL,
  `created_at` timestamp NULL DEFAULT NULL,
  `updated_at` timestamp NULL DEFAULT NULL,
  PRIMARY KEY (`id`)
) ENGINE=InnoDB DEFAULT CHARSET=utf8mb4 COLLATE=utf8mb4_unicode_ci;
/*!40101 SET character_set_client = @saved_cs_client */;

--
-- Dumping data for table `ec_wish_lists`
--

LOCK TABLES `ec_wish_lists` WRITE;
/*!40000 ALTER TABLE `ec_wish_lists` DISABLE KEYS */;
/*!40000 ALTER TABLE `ec_wish_lists` ENABLE KEYS */;
UNLOCK TABLES;

--
-- Table structure for table `failed_jobs`
--

DROP TABLE IF EXISTS `failed_jobs`;
/*!40101 SET @saved_cs_client     = @@character_set_client */;
/*!40101 SET character_set_client = utf8 */;
CREATE TABLE `failed_jobs` (
  `id` bigint(20) unsigned NOT NULL AUTO_INCREMENT,
  `uuid` varchar(191) COLLATE utf8mb4_unicode_ci NOT NULL,
  `connection` text COLLATE utf8mb4_unicode_ci NOT NULL,
  `queue` text COLLATE utf8mb4_unicode_ci NOT NULL,
  `payload` longtext COLLATE utf8mb4_unicode_ci NOT NULL,
  `exception` longtext COLLATE utf8mb4_unicode_ci NOT NULL,
  `failed_at` timestamp NOT NULL DEFAULT CURRENT_TIMESTAMP,
  PRIMARY KEY (`id`),
  UNIQUE KEY `failed_jobs_uuid_unique` (`uuid`)
) ENGINE=InnoDB DEFAULT CHARSET=utf8mb4 COLLATE=utf8mb4_unicode_ci;
/*!40101 SET character_set_client = @saved_cs_client */;

--
-- Dumping data for table `failed_jobs`
--

LOCK TABLES `failed_jobs` WRITE;
/*!40000 ALTER TABLE `failed_jobs` DISABLE KEYS */;
/*!40000 ALTER TABLE `failed_jobs` ENABLE KEYS */;
UNLOCK TABLES;

--
-- Table structure for table `jobs`
--

DROP TABLE IF EXISTS `jobs`;
/*!40101 SET @saved_cs_client     = @@character_set_client */;
/*!40101 SET character_set_client = utf8 */;
CREATE TABLE `jobs` (
  `id` bigint(20) unsigned NOT NULL AUTO_INCREMENT,
  `queue` varchar(191) COLLATE utf8mb4_unicode_ci NOT NULL,
  `payload` longtext COLLATE utf8mb4_unicode_ci NOT NULL,
  `attempts` tinyint(3) unsigned NOT NULL,
  `reserved_at` int(10) unsigned DEFAULT NULL,
  `available_at` int(10) unsigned NOT NULL,
  `created_at` int(10) unsigned NOT NULL,
  PRIMARY KEY (`id`),
  KEY `jobs_queue_index` (`queue`)
) ENGINE=InnoDB DEFAULT CHARSET=utf8mb4 COLLATE=utf8mb4_unicode_ci;
/*!40101 SET character_set_client = @saved_cs_client */;

--
-- Dumping data for table `jobs`
--

LOCK TABLES `jobs` WRITE;
/*!40000 ALTER TABLE `jobs` DISABLE KEYS */;
/*!40000 ALTER TABLE `jobs` ENABLE KEYS */;
UNLOCK TABLES;

--
-- Table structure for table `language_meta`
--

DROP TABLE IF EXISTS `language_meta`;
/*!40101 SET @saved_cs_client     = @@character_set_client */;
/*!40101 SET character_set_client = utf8 */;
CREATE TABLE `language_meta` (
  `lang_meta_id` int(10) unsigned NOT NULL AUTO_INCREMENT,
  `lang_meta_code` text COLLATE utf8mb4_unicode_ci,
  `lang_meta_origin` varchar(255) COLLATE utf8mb4_unicode_ci NOT NULL,
  `reference_id` int(10) unsigned NOT NULL,
  `reference_type` varchar(120) COLLATE utf8mb4_unicode_ci NOT NULL,
  PRIMARY KEY (`lang_meta_id`),
  KEY `language_meta_reference_id_index` (`reference_id`)
) ENGINE=InnoDB AUTO_INCREMENT=79 DEFAULT CHARSET=utf8mb4 COLLATE=utf8mb4_unicode_ci;
/*!40101 SET character_set_client = @saved_cs_client */;

--
-- Dumping data for table `language_meta`
--

LOCK TABLES `language_meta` WRITE;
/*!40000 ALTER TABLE `language_meta` DISABLE KEYS */;
INSERT INTO `language_meta` VALUES (1,'en_US','fa0d6018ddc9fcb4d66633a51eaade8d',1,'Botble\\Blog\\Models\\Category'),(2,'en_US','dda63d170e2999b927fe54ecc8a564ac',2,'Botble\\Blog\\Models\\Category'),(3,'en_US','de516217f46918ee3214efca266416fd',3,'Botble\\Blog\\Models\\Category'),(4,'en_US','ce275982fcf2e051f10ca296b6b0f19d',4,'Botble\\Blog\\Models\\Category'),(5,'vi','fa0d6018ddc9fcb4d66633a51eaade8d',5,'Botble\\Blog\\Models\\Category'),(6,'vi','dda63d170e2999b927fe54ecc8a564ac',6,'Botble\\Blog\\Models\\Category'),(7,'vi','de516217f46918ee3214efca266416fd',7,'Botble\\Blog\\Models\\Category'),(8,'vi','ce275982fcf2e051f10ca296b6b0f19d',8,'Botble\\Blog\\Models\\Category'),(9,'en_US','19cc25223bf0bb6c6ef7eb6a4977b9a1',1,'Botble\\Blog\\Models\\Tag'),(10,'en_US','90be5c8f16fde63b486babf7dd342956',2,'Botble\\Blog\\Models\\Tag'),(11,'en_US','23b427b79596be34193a9b64a28d29a6',3,'Botble\\Blog\\Models\\Tag'),(12,'en_US','625817ca0e672d725532b1fe6c9f386b',4,'Botble\\Blog\\Models\\Tag'),(13,'en_US','e413e048a2826d671bdcdacb3a6f7fa8',5,'Botble\\Blog\\Models\\Tag'),(14,'vi','19cc25223bf0bb6c6ef7eb6a4977b9a1',6,'Botble\\Blog\\Models\\Tag'),(15,'vi','90be5c8f16fde63b486babf7dd342956',7,'Botble\\Blog\\Models\\Tag'),(16,'vi','23b427b79596be34193a9b64a28d29a6',8,'Botble\\Blog\\Models\\Tag'),(17,'vi','625817ca0e672d725532b1fe6c9f386b',9,'Botble\\Blog\\Models\\Tag'),(18,'vi','e413e048a2826d671bdcdacb3a6f7fa8',10,'Botble\\Blog\\Models\\Tag'),(19,'en_US','0035e9d4f068dead7f3e78b681f94398',1,'Botble\\Blog\\Models\\Post'),(20,'en_US','ac661db5ba9de6a85f66fa33312344df',2,'Botble\\Blog\\Models\\Post'),(21,'en_US','30bf23d9ec017b0cfe77a2e8ee4260f5',3,'Botble\\Blog\\Models\\Post'),(22,'en_US','68dab16ed560f01412c8dddf65857aa1',4,'Botble\\Blog\\Models\\Post'),(23,'en_US','051e5b96e7905f6ed34f772e6b730bee',5,'Botble\\Blog\\Models\\Post'),(24,'en_US','51ed99a3e701ff37c6a8f585a3a0de21',6,'Botble\\Blog\\Models\\Post'),(25,'en_US','64f4890bf5a47b82f7e96b85f4fbf0b2',7,'Botble\\Blog\\Models\\Post'),(26,'en_US','c3acc0189d613144f4375818e3d1bd01',8,'Botble\\Blog\\Models\\Post'),(27,'en_US','5d427c9665162bf4d37208b9853bdf3d',9,'Botble\\Blog\\Models\\Post'),(28,'en_US','86f611718d8137a1ae7c3a4a73d44710',10,'Botble\\Blog\\Models\\Post'),(29,'en_US','57b644b36bdcb8a28e15935d0f543719',11,'Botble\\Blog\\Models\\Post'),(30,'vi','0035e9d4f068dead7f3e78b681f94398',12,'Botble\\Blog\\Models\\Post'),(31,'vi','ac661db5ba9de6a85f66fa33312344df',13,'Botble\\Blog\\Models\\Post'),(32,'vi','30bf23d9ec017b0cfe77a2e8ee4260f5',14,'Botble\\Blog\\Models\\Post'),(33,'vi','68dab16ed560f01412c8dddf65857aa1',15,'Botble\\Blog\\Models\\Post'),(34,'vi','051e5b96e7905f6ed34f772e6b730bee',16,'Botble\\Blog\\Models\\Post'),(35,'vi','51ed99a3e701ff37c6a8f585a3a0de21',17,'Botble\\Blog\\Models\\Post'),(36,'vi','64f4890bf5a47b82f7e96b85f4fbf0b2',18,'Botble\\Blog\\Models\\Post'),(37,'vi','c3acc0189d613144f4375818e3d1bd01',19,'Botble\\Blog\\Models\\Post'),(38,'vi','5d427c9665162bf4d37208b9853bdf3d',20,'Botble\\Blog\\Models\\Post'),(39,'vi','86f611718d8137a1ae7c3a4a73d44710',21,'Botble\\Blog\\Models\\Post'),(40,'vi','57b644b36bdcb8a28e15935d0f543719',22,'Botble\\Blog\\Models\\Post'),(41,'en_US','8662cc3fae8165219ed3640b6995e3ed',1,'Botble\\Testimonial\\Models\\Testimonial'),(42,'en_US','839b49f8ff27e6cee19456eed433e6a7',2,'Botble\\Testimonial\\Models\\Testimonial'),(43,'en_US','837677976ae575341bc06cfcb6f22ddc',3,'Botble\\Testimonial\\Models\\Testimonial'),(44,'en_US','25db4f05175391254201dd86e1596c2b',4,'Botble\\Testimonial\\Models\\Testimonial'),(45,'vi','9131a945d2074f156f30dcc86420a7f7',5,'Botble\\Testimonial\\Models\\Testimonial'),(46,'vi','21f1629387852b6bc2166a437aa7f382',6,'Botble\\Testimonial\\Models\\Testimonial'),(47,'vi','0e973f73b03e2f11d6ad692eb0ae9df1',7,'Botble\\Testimonial\\Models\\Testimonial'),(48,'vi','aebefd4d3bfef4bdd05d21dacf40a5e7',8,'Botble\\Testimonial\\Models\\Testimonial'),(49,'en_US','8e2805f81190dfc3334cc9fbc617a6fe',1,'Botble\\SimpleSlider\\Models\\SimpleSlider'),(50,'vi','8e2805f81190dfc3334cc9fbc617a6fe',2,'Botble\\SimpleSlider\\Models\\SimpleSlider'),(51,'en_US','418c6e4e2f8e659dbe1d99fca053f6bc',1,'Botble\\Page\\Models\\Page'),(52,'en_US','381bab04af2aec6627ac05d0a739ec21',2,'Botble\\Page\\Models\\Page'),(53,'en_US','96f865b0b6ef66941ac0653b98f8b504',3,'Botble\\Page\\Models\\Page'),(54,'en_US','c72612bb1e21491c988f2fa8cf5a3fd4',4,'Botble\\Page\\Models\\Page'),(55,'en_US','01bf0c41fdc128f08781ef0f80108ca5',5,'Botble\\Page\\Models\\Page'),(56,'en_US','5928cee68b0d09308880baad362fe982',6,'Botble\\Page\\Models\\Page'),(57,'en_US','d1f90d803c6b9befb1acbdee7e12e81a',7,'Botble\\Page\\Models\\Page'),(58,'en_US','6951e0a1fd493be9a7082d0329017036',8,'Botble\\Page\\Models\\Page'),(59,'en_US','b277dca8fe0ebb50ce9039637173e6fd',9,'Botble\\Page\\Models\\Page'),(60,'vi','418c6e4e2f8e659dbe1d99fca053f6bc',10,'Botble\\Page\\Models\\Page'),(61,'vi','381bab04af2aec6627ac05d0a739ec21',11,'Botble\\Page\\Models\\Page'),(62,'vi','96f865b0b6ef66941ac0653b98f8b504',12,'Botble\\Page\\Models\\Page'),(63,'vi','c72612bb1e21491c988f2fa8cf5a3fd4',13,'Botble\\Page\\Models\\Page'),(64,'vi','01bf0c41fdc128f08781ef0f80108ca5',14,'Botble\\Page\\Models\\Page'),(65,'vi','5928cee68b0d09308880baad362fe982',15,'Botble\\Page\\Models\\Page'),(66,'vi','d1f90d803c6b9befb1acbdee7e12e81a',16,'Botble\\Page\\Models\\Page'),(67,'vi','6951e0a1fd493be9a7082d0329017036',17,'Botble\\Page\\Models\\Page'),(68,'vi','b277dca8fe0ebb50ce9039637173e6fd',18,'Botble\\Page\\Models\\Page'),(69,'en_US','377224df716294093e9f7246681c3542',1,'Botble\\Menu\\Models\\MenuLocation'),(70,'en_US','05eaec32e9ad775d950498c6b056075e',1,'Botble\\Menu\\Models\\Menu'),(71,'en_US','737d65ba352e1378415507fceb63d67f',2,'Botble\\Menu\\Models\\Menu'),(72,'en_US','175270e0f8227b5d4eccabe110e3f741',3,'Botble\\Menu\\Models\\Menu'),(73,'en_US','d5a955e73c49081cb39ec53f01467d41',4,'Botble\\Menu\\Models\\Menu'),(74,'vi','471ae537baf6c0b0c6b417f01fb54ed5',2,'Botble\\Menu\\Models\\MenuLocation'),(75,'vi','05eaec32e9ad775d950498c6b056075e',5,'Botble\\Menu\\Models\\Menu'),(76,'vi','737d65ba352e1378415507fceb63d67f',6,'Botble\\Menu\\Models\\Menu'),(77,'vi','175270e0f8227b5d4eccabe110e3f741',7,'Botble\\Menu\\Models\\Menu'),(78,'vi','d5a955e73c49081cb39ec53f01467d41',8,'Botble\\Menu\\Models\\Menu');
/*!40000 ALTER TABLE `language_meta` ENABLE KEYS */;
UNLOCK TABLES;

--
-- Table structure for table `languages`
--

DROP TABLE IF EXISTS `languages`;
/*!40101 SET @saved_cs_client     = @@character_set_client */;
/*!40101 SET character_set_client = utf8 */;
CREATE TABLE `languages` (
  `lang_id` int(10) unsigned NOT NULL AUTO_INCREMENT,
  `lang_name` varchar(120) COLLATE utf8mb4_unicode_ci NOT NULL,
  `lang_locale` varchar(20) COLLATE utf8mb4_unicode_ci NOT NULL,
  `lang_code` varchar(20) COLLATE utf8mb4_unicode_ci NOT NULL,
  `lang_flag` varchar(20) COLLATE utf8mb4_unicode_ci DEFAULT NULL,
  `lang_is_default` tinyint(3) unsigned NOT NULL DEFAULT '0',
  `lang_order` int(11) NOT NULL DEFAULT '0',
  `lang_is_rtl` tinyint(3) unsigned NOT NULL DEFAULT '0',
  PRIMARY KEY (`lang_id`)
) ENGINE=InnoDB AUTO_INCREMENT=3 DEFAULT CHARSET=utf8mb4 COLLATE=utf8mb4_unicode_ci;
/*!40101 SET character_set_client = @saved_cs_client */;

--
-- Dumping data for table `languages`
--

LOCK TABLES `languages` WRITE;
/*!40000 ALTER TABLE `languages` DISABLE KEYS */;
INSERT INTO `languages` VALUES (1,'English','en','en_US','us',1,0,0),(2,'Tiếng Việt','vi','vi','vn',0,0,0);
/*!40000 ALTER TABLE `languages` ENABLE KEYS */;
UNLOCK TABLES;

--
-- Table structure for table `media_files`
--

DROP TABLE IF EXISTS `media_files`;
/*!40101 SET @saved_cs_client     = @@character_set_client */;
/*!40101 SET character_set_client = utf8 */;
CREATE TABLE `media_files` (
  `id` bigint(20) unsigned NOT NULL AUTO_INCREMENT,
  `user_id` int(10) unsigned NOT NULL,
  `name` varchar(255) COLLATE utf8mb4_unicode_ci NOT NULL,
  `folder_id` int(10) unsigned NOT NULL DEFAULT '0',
  `mime_type` varchar(120) COLLATE utf8mb4_unicode_ci NOT NULL,
  `size` int(11) NOT NULL,
  `url` varchar(255) COLLATE utf8mb4_unicode_ci NOT NULL,
  `options` text COLLATE utf8mb4_unicode_ci,
  `created_at` timestamp NULL DEFAULT NULL,
  `updated_at` timestamp NULL DEFAULT NULL,
  `deleted_at` timestamp NULL DEFAULT NULL,
  PRIMARY KEY (`id`),
  KEY `media_files_user_id_index` (`user_id`)
) ENGINE=InnoDB AUTO_INCREMENT=127 DEFAULT CHARSET=utf8mb4 COLLATE=utf8mb4_unicode_ci;
/*!40101 SET character_set_client = @saved_cs_client */;

--
-- Dumping data for table `media_files`
--

LOCK TABLES `media_files` WRITE;
/*!40000 ALTER TABLE `media_files` DISABLE KEYS */;
INSERT INTO `media_files` VALUES (1,0,'1',1,'image/png',3509,'brands/1.png','[]','2021-09-14 22:28:06','2021-09-14 22:28:06',NULL),(2,0,'2',1,'image/png',3505,'brands/2.png','[]','2021-09-14 22:28:06','2021-09-14 22:28:06',NULL),(3,0,'3',1,'image/png',2585,'brands/3.png','[]','2021-09-14 22:28:07','2021-09-14 22:28:07',NULL),(4,0,'4',1,'image/png',6427,'brands/4.png','[]','2021-09-14 22:28:07','2021-09-14 22:28:07',NULL),(5,0,'5',1,'image/png',3246,'brands/5.png','[]','2021-09-14 22:28:07','2021-09-14 22:28:07',NULL),(6,0,'6',1,'image/png',3276,'brands/6.png','[]','2021-09-14 22:28:08','2021-09-14 22:28:08',NULL),(7,0,'7',1,'image/png',3120,'brands/7.png','[]','2021-09-14 22:28:08','2021-09-14 22:28:08',NULL),(8,0,'p-1',2,'image/png',9577,'product-categories/p-1.png','[]','2021-09-14 22:28:08','2021-09-14 22:28:08',NULL),(9,0,'p-2',2,'image/png',5510,'product-categories/p-2.png','[]','2021-09-14 22:28:09','2021-09-14 22:28:09',NULL),(10,0,'p-3',2,'image/png',16215,'product-categories/p-3.png','[]','2021-09-14 22:28:09','2021-09-14 22:28:09',NULL),(11,0,'p-4',2,'image/png',7394,'product-categories/p-4.png','[]','2021-09-14 22:28:09','2021-09-14 22:28:09',NULL),(12,0,'p-5',2,'image/png',6714,'product-categories/p-5.png','[]','2021-09-14 22:28:10','2021-09-14 22:28:10',NULL),(13,0,'p-6',2,'image/png',9541,'product-categories/p-6.png','[]','2021-09-14 22:28:10','2021-09-14 22:28:10',NULL),(14,0,'p-7',2,'image/png',13677,'product-categories/p-7.png','[]','2021-09-14 22:28:10','2021-09-14 22:28:10',NULL),(15,0,'1',3,'image/jpeg',11752,'customers/1.jpg','[]','2021-09-14 22:28:11','2021-09-14 22:28:11',NULL),(16,0,'10',3,'image/jpeg',27814,'customers/10.jpg','[]','2021-09-14 22:28:11','2021-09-14 22:28:11',NULL),(17,0,'2',3,'image/jpeg',19005,'customers/2.jpg','[]','2021-09-14 22:28:11','2021-09-14 22:28:11',NULL),(18,0,'3',3,'image/jpeg',20400,'customers/3.jpg','[]','2021-09-14 22:28:11','2021-09-14 22:28:11',NULL),(19,0,'4',3,'image/jpeg',26819,'customers/4.jpg','[]','2021-09-14 22:28:12','2021-09-14 22:28:12',NULL),(20,0,'5',3,'image/jpeg',14367,'customers/5.jpg','[]','2021-09-14 22:28:12','2021-09-14 22:28:12',NULL),(21,0,'6',3,'image/jpeg',12367,'customers/6.jpg','[]','2021-09-14 22:28:12','2021-09-14 22:28:12',NULL),(22,0,'7',3,'image/jpeg',20652,'customers/7.jpg','[]','2021-09-14 22:28:12','2021-09-14 22:28:12',NULL),(23,0,'8',3,'image/jpeg',21164,'customers/8.jpg','[]','2021-09-14 22:28:12','2021-09-14 22:28:12',NULL),(24,0,'9',3,'image/jpeg',6084,'customers/9.jpg','[]','2021-09-14 22:28:12','2021-09-14 22:28:12',NULL),(25,0,'1-1',4,'image/jpeg',88437,'products/1-1.jpg','[]','2021-09-14 22:28:16','2021-09-14 22:28:16',NULL),(26,0,'1-2',4,'image/jpeg',122690,'products/1-2.jpg','[]','2021-09-14 22:28:16','2021-09-14 22:28:16',NULL),(27,0,'1-3',4,'image/jpeg',117296,'products/1-3.jpg','[]','2021-09-14 22:28:17','2021-09-14 22:28:17',NULL),(28,0,'1',4,'image/jpeg',139025,'products/1.jpg','[]','2021-09-14 22:28:17','2021-09-14 22:28:17',NULL),(29,0,'10-1',4,'image/jpeg',183491,'products/10-1.jpg','[]','2021-09-14 22:28:18','2021-09-14 22:28:18',NULL),(30,0,'10',4,'image/jpeg',150956,'products/10.jpg','[]','2021-09-14 22:28:18','2021-09-14 22:28:18',NULL),(31,0,'11-1',4,'image/jpeg',246200,'products/11-1.jpg','[]','2021-09-14 22:28:19','2021-09-14 22:28:19',NULL),(32,0,'11',4,'image/jpeg',279390,'products/11.jpg','[]','2021-09-14 22:28:19','2021-09-14 22:28:19',NULL),(33,0,'12-1',4,'image/jpeg',249712,'products/12-1.jpg','[]','2021-09-14 22:28:20','2021-09-14 22:28:20',NULL),(34,0,'12',4,'image/jpeg',172221,'products/12.jpg','[]','2021-09-14 22:28:20','2021-09-14 22:28:20',NULL),(35,0,'13-1',4,'image/jpeg',257021,'products/13-1.jpg','[]','2021-09-14 22:28:21','2021-09-14 22:28:21',NULL),(36,0,'13',4,'image/jpeg',232917,'products/13.jpg','[]','2021-09-14 22:28:22','2021-09-14 22:28:22',NULL),(37,0,'14-1',4,'image/jpeg',201773,'products/14-1.jpg','[]','2021-09-14 22:28:22','2021-09-14 22:28:22',NULL),(38,0,'14',4,'image/jpeg',287194,'products/14.jpg','[]','2021-09-14 22:28:23','2021-09-14 22:28:23',NULL),(39,0,'15-1',4,'image/jpeg',273720,'products/15-1.jpg','[]','2021-09-14 22:28:23','2021-09-14 22:28:23',NULL),(40,0,'15',4,'image/jpeg',114265,'products/15.jpg','[]','2021-09-14 22:28:24','2021-09-14 22:28:24',NULL),(41,0,'16',4,'image/jpeg',97174,'products/16.jpg','[]','2021-09-14 22:28:24','2021-09-14 22:28:24',NULL),(42,0,'17',4,'image/jpeg',70179,'products/17.jpg','[]','2021-09-14 22:28:26','2021-09-14 22:28:26',NULL),(43,0,'18-1',4,'image/jpeg',287835,'products/18-1.jpg','[]','2021-09-14 22:28:27','2021-09-14 22:28:27',NULL),(44,0,'18-2',4,'image/jpeg',454869,'products/18-2.jpg','[]','2021-09-14 22:28:28','2021-09-14 22:28:28',NULL),(45,0,'18',4,'image/jpeg',257331,'products/18.jpg','[]','2021-09-14 22:28:30','2021-09-14 22:28:30',NULL),(46,0,'19-1',4,'image/jpeg',144008,'products/19-1.jpg','[]','2021-09-14 22:28:32','2021-09-14 22:28:32',NULL),(47,0,'19',4,'image/jpeg',188821,'products/19.jpg','[]','2021-09-14 22:28:33','2021-09-14 22:28:33',NULL),(48,0,'2-1',4,'image/jpeg',138167,'products/2-1.jpg','[]','2021-09-14 22:28:33','2021-09-14 22:28:33',NULL),(49,0,'2-2',4,'image/jpeg',230552,'products/2-2.jpg','[]','2021-09-14 22:28:34','2021-09-14 22:28:34',NULL),(50,0,'2-3',4,'image/jpeg',179301,'products/2-3.jpg','[]','2021-09-14 22:28:34','2021-09-14 22:28:34',NULL),(51,0,'2',4,'image/jpeg',130048,'products/2.jpg','[]','2021-09-14 22:28:35','2021-09-14 22:28:35',NULL),(52,0,'20-1',4,'image/jpeg',249712,'products/20-1.jpg','[]','2021-09-14 22:28:36','2021-09-14 22:28:36',NULL),(53,0,'20',4,'image/jpeg',172221,'products/20.jpg','[]','2021-09-14 22:28:36','2021-09-14 22:28:36',NULL),(54,0,'21-1',4,'image/jpeg',260746,'products/21-1.jpg','[]','2021-09-14 22:28:37','2021-09-14 22:28:37',NULL),(55,0,'21',4,'image/jpeg',124244,'products/21.jpg','[]','2021-09-14 22:28:39','2021-09-14 22:28:39',NULL),(56,0,'22-1',4,'image/jpeg',268620,'products/22-1.jpg','[]','2021-09-14 22:28:40','2021-09-14 22:28:40',NULL),(57,0,'22',4,'image/jpeg',128692,'products/22.jpg','[]','2021-09-14 22:28:42','2021-09-14 22:28:42',NULL),(58,0,'23-1',4,'image/jpeg',105560,'products/23-1.jpg','[]','2021-09-14 22:28:43','2021-09-14 22:28:43',NULL),(59,0,'23',4,'image/jpeg',177362,'products/23.jpg','[]','2021-09-14 22:28:44','2021-09-14 22:28:44',NULL),(60,0,'24-1',4,'image/jpeg',239311,'products/24-1.jpg','[]','2021-09-14 22:28:45','2021-09-14 22:28:45',NULL),(61,0,'24',4,'image/jpeg',363853,'products/24.jpg','[]','2021-09-14 22:28:46','2021-09-14 22:28:46',NULL),(62,0,'25-1',4,'image/jpeg',17089,'products/25-1.jpg','[]','2021-09-14 22:28:48','2021-09-14 22:28:48',NULL),(63,0,'25',4,'image/jpeg',18069,'products/25.jpg','[]','2021-09-14 22:28:48','2021-09-14 22:28:48',NULL),(64,0,'26-1',4,'image/jpeg',13085,'products/26-1.jpg','[]','2021-09-14 22:28:48','2021-09-14 22:28:48',NULL),(65,0,'26-2',4,'image/jpeg',22667,'products/26-2.jpg','[]','2021-09-14 22:28:48','2021-09-14 22:28:48',NULL),(66,0,'26',4,'image/jpeg',13611,'products/26.jpg','[]','2021-09-14 22:28:48','2021-09-14 22:28:48',NULL),(67,0,'27-1',4,'image/jpeg',10286,'products/27-1.jpg','[]','2021-09-14 22:28:48','2021-09-14 22:28:48',NULL),(68,0,'27',4,'image/jpeg',12569,'products/27.jpg','[]','2021-09-14 22:28:49','2021-09-14 22:28:49',NULL),(69,0,'28-1',4,'image/jpeg',15654,'products/28-1.jpg','[]','2021-09-14 22:28:49','2021-09-14 22:28:49',NULL),(70,0,'28',4,'image/jpeg',18243,'products/28.jpg','[]','2021-09-14 22:28:49','2021-09-14 22:28:49',NULL),(71,0,'29-1',4,'image/jpeg',27890,'products/29-1.jpg','[]','2021-09-14 22:28:49','2021-09-14 22:28:49',NULL),(72,0,'29',4,'image/jpeg',27961,'products/29.jpg','[]','2021-09-14 22:28:49','2021-09-14 22:28:49',NULL),(73,0,'3-1',4,'image/jpeg',135741,'products/3-1.jpg','[]','2021-09-14 22:28:49','2021-09-14 22:28:49',NULL),(74,0,'3-2',4,'image/jpeg',123069,'products/3-2.jpg','[]','2021-09-14 22:28:50','2021-09-14 22:28:50',NULL),(75,0,'3-3',4,'image/jpeg',98645,'products/3-3.jpg','[]','2021-09-14 22:28:50','2021-09-14 22:28:50',NULL),(76,0,'3',4,'image/jpeg',201722,'products/3.jpg','[]','2021-09-14 22:28:51','2021-09-14 22:28:51',NULL),(77,0,'30-1',4,'image/jpeg',26283,'products/30-1.jpg','[]','2021-09-14 22:28:51','2021-09-14 22:28:51',NULL),(78,0,'30',4,'image/jpeg',27107,'products/30.jpg','[]','2021-09-14 22:28:52','2021-09-14 22:28:52',NULL),(79,0,'31-1',4,'image/jpeg',25924,'products/31-1.jpg','[]','2021-09-14 22:28:52','2021-09-14 22:28:52',NULL),(80,0,'31',4,'image/jpeg',18634,'products/31.jpg','[]','2021-09-14 22:28:52','2021-09-14 22:28:52',NULL),(81,0,'4-1',4,'image/jpeg',205312,'products/4-1.jpg','[]','2021-09-14 22:28:52','2021-09-14 22:28:52',NULL),(82,0,'4-2',4,'image/jpeg',223903,'products/4-2.jpg','[]','2021-09-14 22:28:53','2021-09-14 22:28:53',NULL),(83,0,'4-3',4,'image/jpeg',106593,'products/4-3.jpg','[]','2021-09-14 22:28:53','2021-09-14 22:28:53',NULL),(84,0,'4',4,'image/jpeg',456134,'products/4.jpg','[]','2021-09-14 22:28:54','2021-09-14 22:28:54',NULL),(85,0,'5-1',4,'image/jpeg',110014,'products/5-1.jpg','[]','2021-09-14 22:28:54','2021-09-14 22:28:54',NULL),(86,0,'5-2',4,'image/jpeg',104934,'products/5-2.jpg','[]','2021-09-14 22:28:55','2021-09-14 22:28:55',NULL),(87,0,'5-3',4,'image/jpeg',131628,'products/5-3.jpg','[]','2021-09-14 22:28:55','2021-09-14 22:28:55',NULL),(88,0,'5',4,'image/jpeg',214767,'products/5.jpg','[]','2021-09-14 22:28:56','2021-09-14 22:28:56',NULL),(89,0,'6-1',4,'image/jpeg',128041,'products/6-1.jpg','[]','2021-09-14 22:28:56','2021-09-14 22:28:56',NULL),(90,0,'6',4,'image/jpeg',148485,'products/6.jpg','[]','2021-09-14 22:28:57','2021-09-14 22:28:57',NULL),(91,0,'7-1',4,'image/jpeg',144008,'products/7-1.jpg','[]','2021-09-14 22:28:57','2021-09-14 22:28:57',NULL),(92,0,'7',4,'image/jpeg',188821,'products/7.jpg','[]','2021-09-14 22:28:58','2021-09-14 22:28:58',NULL),(93,0,'8-1',4,'image/jpeg',274272,'products/8-1.jpg','[]','2021-09-14 22:28:59','2021-09-14 22:28:59',NULL),(94,0,'8',4,'image/jpeg',217862,'products/8.jpg','[]','2021-09-14 22:28:59','2021-09-14 22:28:59',NULL),(95,0,'9-1',4,'image/jpeg',65624,'products/9-1.jpg','[]','2021-09-14 22:29:00','2021-09-14 22:29:00',NULL),(96,0,'9',4,'image/jpeg',159636,'products/9.jpg','[]','2021-09-14 22:29:00','2021-09-14 22:29:00',NULL),(97,0,'1',5,'image/jpeg',82629,'news/1.jpg','[]','2021-09-14 22:29:03','2021-09-14 22:29:03',NULL),(98,0,'10',5,'image/jpeg',342651,'news/10.jpg','[]','2021-09-14 22:29:03','2021-09-14 22:29:03',NULL),(99,0,'11',5,'image/jpeg',296740,'news/11.jpg','[]','2021-09-14 22:29:04','2021-09-14 22:29:04',NULL),(100,0,'2',5,'image/jpeg',119904,'news/2.jpg','[]','2021-09-14 22:29:05','2021-09-14 22:29:05',NULL),(101,0,'3',5,'image/jpeg',89543,'news/3.jpg','[]','2021-09-14 22:29:05','2021-09-14 22:29:05',NULL),(102,0,'4',5,'image/jpeg',51573,'news/4.jpg','[]','2021-09-14 22:29:05','2021-09-14 22:29:05',NULL),(103,0,'5',5,'image/jpeg',41164,'news/5.jpg','[]','2021-09-14 22:29:06','2021-09-14 22:29:06',NULL),(104,0,'6',5,'image/jpeg',80696,'news/6.jpg','[]','2021-09-14 22:29:06','2021-09-14 22:29:06',NULL),(105,0,'7',5,'image/jpeg',904027,'news/7.jpg','[]','2021-09-14 22:29:06','2021-09-14 22:29:06',NULL),(106,0,'8',5,'image/jpeg',351088,'news/8.jpg','[]','2021-09-14 22:29:07','2021-09-14 22:29:07',NULL),(107,0,'9',5,'image/jpeg',353751,'news/9.jpg','[]','2021-09-14 22:29:07','2021-09-14 22:29:07',NULL),(108,0,'1',6,'image/jpeg',2733,'testimonials/1.jpg','[]','2021-09-14 22:29:08','2021-09-14 22:29:08',NULL),(109,0,'2',6,'image/jpeg',2840,'testimonials/2.jpg','[]','2021-09-14 22:29:08','2021-09-14 22:29:08',NULL),(110,0,'3',6,'image/jpeg',3065,'testimonials/3.jpg','[]','2021-09-14 22:29:08','2021-09-14 22:29:08',NULL),(111,0,'4',6,'image/jpeg',2559,'testimonials/4.jpg','[]','2021-09-14 22:29:09','2021-09-14 22:29:09',NULL),(112,0,'1',7,'image/jpeg',98636,'sliders/1.jpg','[]','2021-09-14 22:29:09','2021-09-14 22:29:09',NULL),(113,0,'2',7,'image/jpeg',22560,'sliders/2.jpg','[]','2021-09-14 22:29:09','2021-09-14 22:29:09',NULL),(114,0,'3',7,'image/jpeg',21630,'sliders/3.jpg','[]','2021-09-14 22:29:09','2021-09-14 22:29:09',NULL),(115,0,'american-express',8,'image/png',3209,'general/american-express.png','[]','2021-09-14 22:29:10','2021-09-14 22:29:10',NULL),(116,0,'b-1',8,'image/jpeg',20539,'general/b-1.jpg','[]','2021-09-14 22:29:11','2021-09-14 22:29:11',NULL),(117,0,'b-2',8,'image/jpeg',18320,'general/b-2.jpg','[]','2021-09-14 22:29:11','2021-09-14 22:29:11',NULL),(118,0,'b-3',8,'image/jpeg',42872,'general/b-3.jpg','[]','2021-09-14 22:29:11','2021-09-14 22:29:11',NULL),(119,0,'discover',8,'image/png',2494,'general/discover.png','[]','2021-09-14 22:29:11','2021-09-14 22:29:11',NULL),(120,0,'favicon',8,'image/png',1803,'general/favicon.png','[]','2021-09-14 22:29:11','2021-09-14 22:29:11',NULL),(121,0,'logo-light',8,'image/png',3736,'general/logo-light.png','[]','2021-09-14 22:29:11','2021-09-14 22:29:11',NULL),(122,0,'logo',8,'image/png',3927,'general/logo.png','[]','2021-09-14 22:29:12','2021-09-14 22:29:12',NULL),(123,0,'master-card',8,'image/png',3407,'general/master-card.png','[]','2021-09-14 22:29:12','2021-09-14 22:29:12',NULL),(124,0,'newsletter',8,'image/jpeg',48929,'general/newsletter.jpg','[]','2021-09-14 22:29:12','2021-09-14 22:29:12',NULL),(125,0,'paypal',8,'image/png',2670,'general/paypal.png','[]','2021-09-14 22:29:12','2021-09-14 22:29:12',NULL),(126,0,'visa',8,'image/png',2841,'general/visa.png','[]','2021-09-14 22:29:12','2021-09-14 22:29:12',NULL);
/*!40000 ALTER TABLE `media_files` ENABLE KEYS */;
UNLOCK TABLES;

--
-- Table structure for table `media_folders`
--

DROP TABLE IF EXISTS `media_folders`;
/*!40101 SET @saved_cs_client     = @@character_set_client */;
/*!40101 SET character_set_client = utf8 */;
CREATE TABLE `media_folders` (
  `id` bigint(20) unsigned NOT NULL AUTO_INCREMENT,
  `user_id` int(10) unsigned NOT NULL,
  `name` varchar(191) COLLATE utf8mb4_unicode_ci DEFAULT NULL,
  `slug` varchar(191) COLLATE utf8mb4_unicode_ci DEFAULT NULL,
  `parent_id` int(11) NOT NULL DEFAULT '0',
  `created_at` timestamp NULL DEFAULT NULL,
  `updated_at` timestamp NULL DEFAULT NULL,
  `deleted_at` timestamp NULL DEFAULT NULL,
  PRIMARY KEY (`id`),
  KEY `media_folders_user_id_index` (`user_id`)
) ENGINE=InnoDB AUTO_INCREMENT=9 DEFAULT CHARSET=utf8mb4 COLLATE=utf8mb4_unicode_ci;
/*!40101 SET character_set_client = @saved_cs_client */;

--
-- Dumping data for table `media_folders`
--

LOCK TABLES `media_folders` WRITE;
/*!40000 ALTER TABLE `media_folders` DISABLE KEYS */;
INSERT INTO `media_folders` VALUES (1,0,'brands','brands',0,'2021-09-14 22:28:06','2021-09-14 22:28:06',NULL),(2,0,'product-categories','product-categories',0,'2021-09-14 22:28:08','2021-09-14 22:28:08',NULL),(3,0,'customers','customers',0,'2021-09-14 22:28:11','2021-09-14 22:28:11',NULL),(4,0,'products','products',0,'2021-09-14 22:28:16','2021-09-14 22:28:16',NULL),(5,0,'news','news',0,'2021-09-14 22:29:03','2021-09-14 22:29:03',NULL),(6,0,'testimonials','testimonials',0,'2021-09-14 22:29:08','2021-09-14 22:29:08',NULL),(7,0,'sliders','sliders',0,'2021-09-14 22:29:09','2021-09-14 22:29:09',NULL),(8,0,'general','general',0,'2021-09-14 22:29:10','2021-09-14 22:29:10',NULL);
/*!40000 ALTER TABLE `media_folders` ENABLE KEYS */;
UNLOCK TABLES;

--
-- Table structure for table `media_settings`
--

DROP TABLE IF EXISTS `media_settings`;
/*!40101 SET @saved_cs_client     = @@character_set_client */;
/*!40101 SET character_set_client = utf8 */;
CREATE TABLE `media_settings` (
  `id` bigint(20) unsigned NOT NULL AUTO_INCREMENT,
  `key` varchar(120) COLLATE utf8mb4_unicode_ci NOT NULL,
  `value` text COLLATE utf8mb4_unicode_ci,
  `media_id` int(11) DEFAULT NULL,
  `user_id` int(11) DEFAULT NULL,
  `created_at` timestamp NULL DEFAULT NULL,
  `updated_at` timestamp NULL DEFAULT NULL,
  PRIMARY KEY (`id`)
) ENGINE=InnoDB DEFAULT CHARSET=utf8mb4 COLLATE=utf8mb4_unicode_ci;
/*!40101 SET character_set_client = @saved_cs_client */;

--
-- Dumping data for table `media_settings`
--

LOCK TABLES `media_settings` WRITE;
/*!40000 ALTER TABLE `media_settings` DISABLE KEYS */;
/*!40000 ALTER TABLE `media_settings` ENABLE KEYS */;
UNLOCK TABLES;

--
-- Table structure for table `menu_locations`
--

DROP TABLE IF EXISTS `menu_locations`;
/*!40101 SET @saved_cs_client     = @@character_set_client */;
/*!40101 SET character_set_client = utf8 */;
CREATE TABLE `menu_locations` (
  `id` bigint(20) unsigned NOT NULL AUTO_INCREMENT,
  `menu_id` int(10) unsigned NOT NULL,
  `location` varchar(120) COLLATE utf8mb4_unicode_ci NOT NULL,
  `created_at` timestamp NULL DEFAULT NULL,
  `updated_at` timestamp NULL DEFAULT NULL,
  PRIMARY KEY (`id`)
) ENGINE=InnoDB AUTO_INCREMENT=3 DEFAULT CHARSET=utf8mb4 COLLATE=utf8mb4_unicode_ci;
/*!40101 SET character_set_client = @saved_cs_client */;

--
-- Dumping data for table `menu_locations`
--

LOCK TABLES `menu_locations` WRITE;
/*!40000 ALTER TABLE `menu_locations` DISABLE KEYS */;
INSERT INTO `menu_locations` VALUES (1,1,'main-menu','2021-09-14 22:29:10','2021-09-14 22:29:10'),(2,5,'main-menu','2021-09-14 22:29:10','2021-09-14 22:29:10');
/*!40000 ALTER TABLE `menu_locations` ENABLE KEYS */;
UNLOCK TABLES;

--
-- Table structure for table `menu_nodes`
--

DROP TABLE IF EXISTS `menu_nodes`;
/*!40101 SET @saved_cs_client     = @@character_set_client */;
/*!40101 SET character_set_client = utf8 */;
CREATE TABLE `menu_nodes` (
  `id` bigint(20) unsigned NOT NULL AUTO_INCREMENT,
  `menu_id` int(10) unsigned NOT NULL,
  `parent_id` int(10) unsigned NOT NULL DEFAULT '0',
  `reference_id` int(10) unsigned DEFAULT NULL,
  `reference_type` varchar(255) COLLATE utf8mb4_unicode_ci DEFAULT NULL,
  `url` varchar(120) COLLATE utf8mb4_unicode_ci DEFAULT NULL,
  `icon_font` varchar(50) COLLATE utf8mb4_unicode_ci DEFAULT NULL,
  `position` tinyint(3) unsigned NOT NULL DEFAULT '0',
  `title` varchar(120) COLLATE utf8mb4_unicode_ci DEFAULT NULL,
  `css_class` varchar(120) COLLATE utf8mb4_unicode_ci DEFAULT NULL,
  `target` varchar(20) COLLATE utf8mb4_unicode_ci NOT NULL DEFAULT '_self',
  `has_child` tinyint(3) unsigned NOT NULL DEFAULT '0',
  `created_at` timestamp NULL DEFAULT NULL,
  `updated_at` timestamp NULL DEFAULT NULL,
  PRIMARY KEY (`id`),
  KEY `menu_nodes_menu_id_index` (`menu_id`),
  KEY `menu_nodes_parent_id_index` (`parent_id`)
) ENGINE=InnoDB AUTO_INCREMENT=55 DEFAULT CHARSET=utf8mb4 COLLATE=utf8mb4_unicode_ci;
/*!40101 SET character_set_client = @saved_cs_client */;

--
-- Dumping data for table `menu_nodes`
--

LOCK TABLES `menu_nodes` WRITE;
/*!40000 ALTER TABLE `menu_nodes` DISABLE KEYS */;
INSERT INTO `menu_nodes` VALUES (1,1,0,NULL,NULL,'/',NULL,0,'Home',NULL,'_self',0,'2021-09-14 22:29:10','2021-09-14 22:29:10'),(2,1,0,NULL,NULL,'/products',NULL,0,'Products',NULL,'_self',0,'2021-09-14 22:29:10','2021-09-14 22:29:10'),(3,1,0,NULL,NULL,'#',NULL,0,'Shop',NULL,'_self',1,'2021-09-14 22:29:10','2021-09-14 22:29:10'),(4,1,3,1,'Botble\\Ecommerce\\Models\\ProductCategory','/product-categories/television',NULL,0,'Product Category',NULL,'_self',0,'2021-09-14 22:29:10','2021-09-14 22:29:10'),(5,1,3,1,'Botble\\Ecommerce\\Models\\Brand','/brands/fashion-live',NULL,0,'Brand',NULL,'_self',0,'2021-09-14 22:29:10','2021-09-14 22:29:10'),(6,1,3,1,'Botble\\Ecommerce\\Models\\ProductTag','/product-tags/electronic',NULL,0,'Product Tag',NULL,'_self',0,'2021-09-14 22:29:10','2021-09-14 22:29:10'),(7,1,3,NULL,NULL,'products/beat-headphone',NULL,0,'Product Single',NULL,'_self',0,'2021-09-14 22:29:10','2021-09-14 22:29:10'),(8,1,0,3,'Botble\\Page\\Models\\Page','/blog',NULL,0,'Blog',NULL,'_self',1,'2021-09-14 22:29:10','2021-09-14 22:29:10'),(9,1,8,3,'Botble\\Page\\Models\\Page','/blog',NULL,0,'Blog Left Sidebar',NULL,'_self',0,'2021-09-14 22:29:10','2021-09-14 22:29:10'),(10,1,8,1,'Botble\\Blog\\Models\\Category','/news/ecommerce',NULL,0,'Blog Category',NULL,'_self',0,'2021-09-14 22:29:10','2021-09-14 22:29:10'),(11,1,8,1,'Botble\\Blog\\Models\\Tag','/tags/general',NULL,0,'Blog Tag',NULL,'_self',0,'2021-09-14 22:29:10','2021-09-14 22:29:10'),(12,1,8,NULL,NULL,'news/4-expert-tips-on-how-to-choose-the-right-mens-wallet',NULL,0,'Blog Single',NULL,'_self',0,'2021-09-14 22:29:10','2021-09-14 22:29:10'),(13,1,0,2,'Botble\\Page\\Models\\Page','/contact-us',NULL,0,'Contact us',NULL,'_self',0,'2021-09-14 22:29:10','2021-09-14 22:29:10'),(14,2,0,4,'Botble\\Page\\Models\\Page','/about-us',NULL,0,'About Us',NULL,'_self',0,'2021-09-14 22:29:10','2021-09-14 22:29:10'),(15,2,0,5,'Botble\\Page\\Models\\Page','/faq',NULL,0,'FAQ',NULL,'_self',0,'2021-09-14 22:29:10','2021-09-14 22:29:10'),(16,2,0,6,'Botble\\Page\\Models\\Page','/location',NULL,0,'Location',NULL,'_self',0,'2021-09-14 22:29:10','2021-09-14 22:29:10'),(17,2,0,7,'Botble\\Page\\Models\\Page','/affiliates',NULL,0,'Affiliates',NULL,'_self',0,'2021-09-14 22:29:10','2021-09-14 22:29:10'),(18,2,0,2,'Botble\\Page\\Models\\Page','/contact-us',NULL,0,'Contact',NULL,'_self',0,'2021-09-14 22:29:10','2021-09-14 22:29:10'),(19,3,0,1,'Botble\\Ecommerce\\Models\\ProductCategory','/product-categories/television',NULL,0,'Television',NULL,'_self',0,'2021-09-14 22:29:10','2021-09-14 22:29:10'),(20,3,0,2,'Botble\\Ecommerce\\Models\\ProductCategory','/product-categories/home-audio-theaters',NULL,0,'Mobile',NULL,'_self',0,'2021-09-14 22:29:10','2021-09-14 22:29:10'),(21,3,0,3,'Botble\\Ecommerce\\Models\\ProductCategory','/product-categories/tv-videos',NULL,0,'Headphone',NULL,'_self',0,'2021-09-14 22:29:10','2021-09-14 22:29:10'),(22,3,0,4,'Botble\\Ecommerce\\Models\\ProductCategory','/product-categories/camera-photos-videos',NULL,0,'Watches',NULL,'_self',0,'2021-09-14 22:29:10','2021-09-14 22:29:10'),(23,3,0,5,'Botble\\Ecommerce\\Models\\ProductCategory','/product-categories/cellphones-accessories',NULL,0,'Game',NULL,'_self',0,'2021-09-14 22:29:10','2021-09-14 22:29:10'),(24,4,0,NULL,NULL,'/customer/overview',NULL,0,'My profile',NULL,'_self',0,'2021-09-14 22:29:10','2021-09-14 22:29:10'),(25,4,0,NULL,NULL,'/wishlist',NULL,0,'Wishlist',NULL,'_self',0,'2021-09-14 22:29:10','2021-09-14 22:29:10'),(26,4,0,NULL,NULL,'customer/orders',NULL,0,'Orders',NULL,'_self',0,'2021-09-14 22:29:10','2021-09-14 22:29:10'),(27,4,0,NULL,NULL,'/orders/tracking',NULL,0,'Order tracking',NULL,'_self',0,'2021-09-14 22:29:10','2021-09-14 22:29:10'),(28,5,0,NULL,NULL,'/',NULL,0,'Trang chủ',NULL,'_self',0,'2021-09-14 22:29:10','2021-09-14 22:29:10'),(29,5,0,NULL,NULL,'/products',NULL,0,'Sản phẩm',NULL,'_self',0,'2021-09-14 22:29:10','2021-09-14 22:29:10'),(30,5,0,NULL,NULL,'#',NULL,0,'Cửa hàng',NULL,'_self',1,'2021-09-14 22:29:10','2021-09-14 22:29:10'),(31,5,30,1,'Botble\\Ecommerce\\Models\\ProductCategory','/product-categories/television',NULL,0,'Danh mục sản phẩm',NULL,'_self',0,'2021-09-14 22:29:10','2021-09-14 22:29:10'),(32,5,30,1,'Botble\\Ecommerce\\Models\\Brand','/brands/fashion-live',NULL,0,'Thương hiệu',NULL,'_self',0,'2021-09-14 22:29:10','2021-09-14 22:29:10'),(33,5,30,1,'Botble\\Ecommerce\\Models\\ProductTag','/product-tags/electronic',NULL,0,'Tag sản phẩm',NULL,'_self',0,'2021-09-14 22:29:10','2021-09-14 22:29:10'),(34,5,30,NULL,NULL,'products/beat-headphone',NULL,0,'Sản phẩm chi tiết',NULL,'_self',0,'2021-09-14 22:29:10','2021-09-14 22:29:10'),(35,5,0,12,'Botble\\Page\\Models\\Page','/tin-tuc',NULL,0,'Tin tức',NULL,'_self',1,'2021-09-14 22:29:10','2021-09-14 22:29:10'),(36,5,35,12,'Botble\\Page\\Models\\Page','/tin-tuc',NULL,0,'Blog Left Sidebar',NULL,'_self',0,'2021-09-14 22:29:10','2021-09-14 22:29:10'),(37,5,35,5,'Botble\\Blog\\Models\\Category','/news/thuong-mai-dien-tu',NULL,0,'Danh mục',NULL,'_self',0,'2021-09-14 22:29:10','2021-09-14 22:29:10'),(38,5,35,6,'Botble\\Blog\\Models\\Tag','/tags/chung',NULL,0,'Tag bài viết',NULL,'_self',0,'2021-09-14 22:29:10','2021-09-14 22:29:10'),(39,5,35,NULL,NULL,'news/vi/4-expert-tips-on-how-to-choose-the-right-mens-wallet',NULL,0,'Bài viết chi tiết',NULL,'_self',0,'2021-09-14 22:29:10','2021-09-14 22:29:10'),(40,5,0,11,'Botble\\Page\\Models\\Page','/lien-he',NULL,0,'Liên hệ',NULL,'_self',0,'2021-09-14 22:29:10','2021-09-14 22:29:10'),(41,6,0,13,'Botble\\Page\\Models\\Page','/ve-chung-toi',NULL,0,'Về chúng tôi',NULL,'_self',0,'2021-09-14 22:29:10','2021-09-14 22:29:10'),(42,6,0,14,'Botble\\Page\\Models\\Page','/hoi-dap',NULL,0,'Hỏi đáp',NULL,'_self',0,'2021-09-14 22:29:10','2021-09-14 22:29:10'),(43,6,0,15,'Botble\\Page\\Models\\Page','/vi-tri',NULL,0,'Vị trí',NULL,'_self',0,'2021-09-14 22:29:10','2021-09-14 22:29:10'),(44,6,0,16,'Botble\\Page\\Models\\Page','/chi-nhanh',NULL,0,'Chi nhánh',NULL,'_self',0,'2021-09-14 22:29:10','2021-09-14 22:29:10'),(45,6,0,11,'Botble\\Page\\Models\\Page','/lien-he',NULL,0,'Liên hệ',NULL,'_self',0,'2021-09-14 22:29:10','2021-09-14 22:29:10'),(46,7,0,1,'Botble\\Ecommerce\\Models\\ProductCategory','/product-categories/television',NULL,0,'Tivi',NULL,'_self',0,'2021-09-14 22:29:10','2021-09-14 22:29:10'),(47,7,0,2,'Botble\\Ecommerce\\Models\\ProductCategory','/product-categories/home-audio-theaters',NULL,0,'Di động',NULL,'_self',0,'2021-09-14 22:29:10','2021-09-14 22:29:10'),(48,7,0,3,'Botble\\Ecommerce\\Models\\ProductCategory','/product-categories/tv-videos',NULL,0,'Tai nghe',NULL,'_self',0,'2021-09-14 22:29:10','2021-09-14 22:29:10'),(49,7,0,4,'Botble\\Ecommerce\\Models\\ProductCategory','/product-categories/camera-photos-videos',NULL,0,'Đồng hồ',NULL,'_self',0,'2021-09-14 22:29:10','2021-09-14 22:29:10'),(50,7,0,5,'Botble\\Ecommerce\\Models\\ProductCategory','/product-categories/cellphones-accessories',NULL,0,'Trò chơi',NULL,'_self',0,'2021-09-14 22:29:10','2021-09-14 22:29:10'),(51,8,0,NULL,NULL,'/customer/overview',NULL,0,'Tài khoản của tôi',NULL,'_self',0,'2021-09-14 22:29:10','2021-09-14 22:29:10'),(52,8,0,NULL,NULL,'/wishlist',NULL,0,'Danh sách yêu thích',NULL,'_self',0,'2021-09-14 22:29:10','2021-09-14 22:29:10'),(53,8,0,NULL,NULL,'customer/orders',NULL,0,'Đơn hàng',NULL,'_self',0,'2021-09-14 22:29:10','2021-09-14 22:29:10'),(54,8,0,NULL,NULL,'/orders/tracking',NULL,0,'Theo dõi đơn hàng',NULL,'_self',0,'2021-09-14 22:29:10','2021-09-14 22:29:10');
/*!40000 ALTER TABLE `menu_nodes` ENABLE KEYS */;
UNLOCK TABLES;

--
-- Table structure for table `menus`
--

DROP TABLE IF EXISTS `menus`;
/*!40101 SET @saved_cs_client     = @@character_set_client */;
/*!40101 SET character_set_client = utf8 */;
CREATE TABLE `menus` (
  `id` bigint(20) unsigned NOT NULL AUTO_INCREMENT,
  `name` varchar(120) COLLATE utf8mb4_unicode_ci NOT NULL,
  `slug` varchar(120) COLLATE utf8mb4_unicode_ci DEFAULT NULL,
  `status` varchar(60) COLLATE utf8mb4_unicode_ci NOT NULL DEFAULT 'published',
  `created_at` timestamp NULL DEFAULT NULL,
  `updated_at` timestamp NULL DEFAULT NULL,
  PRIMARY KEY (`id`),
  UNIQUE KEY `menus_slug_unique` (`slug`)
) ENGINE=InnoDB AUTO_INCREMENT=9 DEFAULT CHARSET=utf8mb4 COLLATE=utf8mb4_unicode_ci;
/*!40101 SET character_set_client = @saved_cs_client */;

--
-- Dumping data for table `menus`
--

LOCK TABLES `menus` WRITE;
/*!40000 ALTER TABLE `menus` DISABLE KEYS */;
INSERT INTO `menus` VALUES (1,'Main menu','main-menu','published','2021-09-14 22:29:10','2021-09-14 22:29:10'),(2,'Useful Links','useful-links','published','2021-09-14 22:29:10','2021-09-14 22:29:10'),(3,'Categories','categories','published','2021-09-14 22:29:10','2021-09-14 22:29:10'),(4,'My Account','my-account','published','2021-09-14 22:29:10','2021-09-14 22:29:10'),(5,'Menu chính','menu-chinh','published','2021-09-14 22:29:10','2021-09-14 22:29:10'),(6,'Liên kết hữu ích','lien-ket-huu-ich','published','2021-09-14 22:29:10','2021-09-14 22:29:10'),(7,'Danh mục','danh-muc','published','2021-09-14 22:29:10','2021-09-14 22:29:10'),(8,'Tài khoản','tai-khoan','published','2021-09-14 22:29:10','2021-09-14 22:29:10');
/*!40000 ALTER TABLE `menus` ENABLE KEYS */;
UNLOCK TABLES;

--
-- Table structure for table `meta_boxes`
--

DROP TABLE IF EXISTS `meta_boxes`;
/*!40101 SET @saved_cs_client     = @@character_set_client */;
/*!40101 SET character_set_client = utf8 */;
CREATE TABLE `meta_boxes` (
  `id` bigint(20) unsigned NOT NULL AUTO_INCREMENT,
  `meta_key` varchar(255) COLLATE utf8mb4_unicode_ci NOT NULL,
  `meta_value` text COLLATE utf8mb4_unicode_ci,
  `reference_id` int(10) unsigned NOT NULL,
  `reference_type` varchar(120) COLLATE utf8mb4_unicode_ci NOT NULL,
  `created_at` timestamp NULL DEFAULT NULL,
  `updated_at` timestamp NULL DEFAULT NULL,
  PRIMARY KEY (`id`),
  KEY `meta_boxes_reference_id_index` (`reference_id`)
) ENGINE=InnoDB AUTO_INCREMENT=22 DEFAULT CHARSET=utf8mb4 COLLATE=utf8mb4_unicode_ci;
/*!40101 SET character_set_client = @saved_cs_client */;

--
-- Dumping data for table `meta_boxes`
--

LOCK TABLES `meta_boxes` WRITE;
/*!40000 ALTER TABLE `meta_boxes` DISABLE KEYS */;
INSERT INTO `meta_boxes` VALUES (1,'icon','[\"flaticon-tv\"]',1,'Botble\\Ecommerce\\Models\\ProductCategory','2021-09-14 22:28:11','2021-09-14 22:28:11'),(2,'icon','[\"flaticon-responsive\"]',10,'Botble\\Ecommerce\\Models\\ProductCategory','2021-09-14 22:28:11','2021-09-14 22:28:11'),(3,'icon','[\"flaticon-headphones\"]',14,'Botble\\Ecommerce\\Models\\ProductCategory','2021-09-14 22:28:11','2021-09-14 22:28:11'),(4,'icon','[\"flaticon-watch\"]',19,'Botble\\Ecommerce\\Models\\ProductCategory','2021-09-14 22:28:11','2021-09-14 22:28:11'),(5,'icon','[\"flaticon-console\"]',24,'Botble\\Ecommerce\\Models\\ProductCategory','2021-09-14 22:28:11','2021-09-14 22:28:11'),(6,'icon','[\"flaticon-camera\"]',25,'Botble\\Ecommerce\\Models\\ProductCategory','2021-09-14 22:28:11','2021-09-14 22:28:11'),(7,'icon','[\"flaticon-music-system\"]',26,'Botble\\Ecommerce\\Models\\ProductCategory','2021-09-14 22:28:11','2021-09-14 22:28:11'),(8,'icon','[\"flaticon-responsive\"]',27,'Botble\\Ecommerce\\Models\\ProductCategory','2021-09-14 22:28:11','2021-09-14 22:28:11'),(9,'icon','[\"flaticon-plugins\"]',28,'Botble\\Ecommerce\\Models\\ProductCategory','2021-09-14 22:28:11','2021-09-14 22:28:11'),(10,'icon','[\"flaticon-music-system\"]',29,'Botble\\Ecommerce\\Models\\ProductCategory','2021-09-14 22:28:11','2021-09-14 22:28:11'),(11,'icon','[\"flaticon-monitor\"]',30,'Botble\\Ecommerce\\Models\\ProductCategory','2021-09-14 22:28:11','2021-09-14 22:28:11'),(12,'icon','[\"flaticon-printer\"]',31,'Botble\\Ecommerce\\Models\\ProductCategory','2021-09-14 22:28:11','2021-09-14 22:28:11'),(13,'icon','[\"flaticon-tv\"]',32,'Botble\\Ecommerce\\Models\\ProductCategory','2021-09-14 22:28:11','2021-09-14 22:28:11'),(14,'icon','[\"flaticon-fax\"]',33,'Botble\\Ecommerce\\Models\\ProductCategory','2021-09-14 22:28:11','2021-09-14 22:28:11'),(15,'icon','[\"flaticon-mouse\"]',34,'Botble\\Ecommerce\\Models\\ProductCategory','2021-09-14 22:28:11','2021-09-14 22:28:11'),(16,'button_text','[\"Shop now\"]',1,'Botble\\SimpleSlider\\Models\\SimpleSliderItem','2021-09-14 22:29:09','2021-09-14 22:29:09'),(17,'button_text','[\"Discover now\"]',2,'Botble\\SimpleSlider\\Models\\SimpleSliderItem','2021-09-14 22:29:09','2021-09-14 22:29:09'),(18,'button_text','[\"Shop now\"]',3,'Botble\\SimpleSlider\\Models\\SimpleSliderItem','2021-09-14 22:29:10','2021-09-14 22:29:10'),(19,'button_text','[\"Mua ngay\"]',4,'Botble\\SimpleSlider\\Models\\SimpleSliderItem','2021-09-14 22:29:10','2021-09-14 22:29:10'),(20,'button_text','[\"Kh\\u00e1m ph\\u00e1 ngay\"]',5,'Botble\\SimpleSlider\\Models\\SimpleSliderItem','2021-09-14 22:29:10','2021-09-14 22:29:10'),(21,'button_text','[\"Mua ngay\"]',6,'Botble\\SimpleSlider\\Models\\SimpleSliderItem','2021-09-14 22:29:10','2021-09-14 22:29:10');
/*!40000 ALTER TABLE `meta_boxes` ENABLE KEYS */;
UNLOCK TABLES;

--
-- Table structure for table `migrations`
--

DROP TABLE IF EXISTS `migrations`;
/*!40101 SET @saved_cs_client     = @@character_set_client */;
/*!40101 SET character_set_client = utf8 */;
CREATE TABLE `migrations` (
  `id` int(10) unsigned NOT NULL AUTO_INCREMENT,
  `migration` varchar(191) COLLATE utf8mb4_unicode_ci NOT NULL,
  `batch` int(11) NOT NULL,
  PRIMARY KEY (`id`)
) ENGINE=InnoDB AUTO_INCREMENT=55 DEFAULT CHARSET=utf8mb4 COLLATE=utf8mb4_unicode_ci;
/*!40101 SET character_set_client = @saved_cs_client */;

--
-- Dumping data for table `migrations`
--

LOCK TABLES `migrations` WRITE;
/*!40000 ALTER TABLE `migrations` DISABLE KEYS */;
INSERT INTO `migrations` VALUES (1,'2013_04_09_032329_create_base_tables',1),(2,'2013_04_09_062329_create_revisions_table',1),(3,'2014_10_12_000000_create_users_table',1),(4,'2014_10_12_100000_create_password_resets_table',1),(5,'2015_06_18_033822_create_blog_table',1),(6,'2015_06_29_025744_create_audit_history',1),(7,'2016_06_10_230148_create_acl_tables',1),(8,'2016_06_14_230857_create_menus_table',1),(9,'2016_06_17_091537_create_contacts_table',1),(10,'2016_06_28_221418_create_pages_table',1),(11,'2016_10_03_032336_create_languages_table',1),(12,'2016_10_05_074239_create_setting_table',1),(13,'2016_10_07_193005_create_translations_table',1),(14,'2016_11_28_032840_create_dashboard_widget_tables',1),(15,'2016_12_16_084601_create_widgets_table',1),(16,'2017_05_09_070343_create_media_tables',1),(17,'2017_05_18_080441_create_payment_tables',1),(18,'2017_07_11_140018_create_simple_slider_table',1),(19,'2017_10_24_154832_create_newsletter_table',1),(20,'2017_11_03_070450_create_slug_table',1),(21,'2018_07_09_214610_create_testimonial_table',1),(22,'2019_01_05_053554_create_jobs_table',1),(23,'2019_08_19_000000_create_failed_jobs_table',1),(24,'2020_03_05_041139_create_ecommerce_tables',1),(25,'2020_09_22_135635_update_taxes_table',1),(26,'2020_09_29_101006_add_views_into_ec_products_table',1),(27,'2020_10_01_152311_make_column_image_in_product_attributes_table_nullable',1),(28,'2020_10_06_073439_improve_ecommerce_database',1),(29,'2020_11_01_040415_update_table_ec_order_addresses',1),(30,'2020_11_04_091510_make_column_phone_in_order_addresses_nullable',1),(31,'2020_11_18_150916_ads_create_ads_table',1),(32,'2020_11_30_015801_update_table_ec_product_categories',1),(33,'2021_01_01_044147_ecommerce_create_flash_sale_table',1),(34,'2021_01_17_082713_add_column_is_featured_to_product_collections_table',1),(35,'2021_01_18_024333_add_zip_code_into_table_customer_addresses',1),(36,'2021_02_16_092633_remove_default_value_for_author_type',1),(37,'2021_02_18_073505_update_table_ec_reviews',1),(38,'2021_03_10_024419_add_column_confirmed_at_to_table_ec_customers',1),(39,'2021_03_10_025153_change_column_tax_amount',1),(40,'2021_03_20_033103_add_column_availability_to_table_ec_products',1),(41,'2021_03_27_144913_add_customer_type_into_table_payments',1),(42,'2021_04_28_074008_ecommerce_create_product_label_table',1),(43,'2021_05_24_034720_make_column_currency_nullable',1),(44,'2021_05_31_173037_ecommerce_create_ec_products_translations',1),(45,'2021_06_28_153141_correct_slugs_data',1),(46,'2021_07_18_101839_fix_old_theme_options',1),(47,'2021_08_09_161302_add_metadata_column_to_payments_table',1),(48,'2021_08_17_105016_remove_column_currency_id_in_some_tables',1),(49,'2021_08_30_142128_add_images_column_to_ec_reviews_table',1),(50,'2021_09_01_115151_remove_unused_fields_in_ec_products',1),(51,'2021_10_04_030050_add_column_created_by_to_table_ec_products',2),(52,'2021_10_05_122616_add_status_column_to_ec_customers_table',2),(53,'2021_10_19_020859_update_metadata_field',3),(54,'2021_10_25_021023_fix-priority-load-for-language-advanced',4);
/*!40000 ALTER TABLE `migrations` ENABLE KEYS */;
UNLOCK TABLES;

--
-- Table structure for table `newsletters`
--

DROP TABLE IF EXISTS `newsletters`;
/*!40101 SET @saved_cs_client     = @@character_set_client */;
/*!40101 SET character_set_client = utf8 */;
CREATE TABLE `newsletters` (
  `id` bigint(20) unsigned NOT NULL AUTO_INCREMENT,
  `email` varchar(120) COLLATE utf8mb4_unicode_ci NOT NULL,
  `name` varchar(120) COLLATE utf8mb4_unicode_ci DEFAULT NULL,
  `status` varchar(60) COLLATE utf8mb4_unicode_ci NOT NULL DEFAULT 'subscribed',
  `created_at` timestamp NULL DEFAULT NULL,
  `updated_at` timestamp NULL DEFAULT NULL,
  PRIMARY KEY (`id`)
) ENGINE=InnoDB DEFAULT CHARSET=utf8mb4 COLLATE=utf8mb4_unicode_ci;
/*!40101 SET character_set_client = @saved_cs_client */;

--
-- Dumping data for table `newsletters`
--

LOCK TABLES `newsletters` WRITE;
/*!40000 ALTER TABLE `newsletters` DISABLE KEYS */;
/*!40000 ALTER TABLE `newsletters` ENABLE KEYS */;
UNLOCK TABLES;

--
-- Table structure for table `pages`
--

DROP TABLE IF EXISTS `pages`;
/*!40101 SET @saved_cs_client     = @@character_set_client */;
/*!40101 SET character_set_client = utf8 */;
CREATE TABLE `pages` (
  `id` bigint(20) unsigned NOT NULL AUTO_INCREMENT,
  `name` varchar(120) COLLATE utf8mb4_unicode_ci NOT NULL,
  `content` longtext COLLATE utf8mb4_unicode_ci,
  `user_id` int(11) NOT NULL,
  `image` varchar(255) COLLATE utf8mb4_unicode_ci DEFAULT NULL,
  `template` varchar(60) COLLATE utf8mb4_unicode_ci DEFAULT NULL,
  `is_featured` tinyint(4) NOT NULL DEFAULT '0',
  `description` varchar(400) COLLATE utf8mb4_unicode_ci DEFAULT NULL,
  `status` varchar(60) COLLATE utf8mb4_unicode_ci NOT NULL DEFAULT 'published',
  `created_at` timestamp NULL DEFAULT NULL,
  `updated_at` timestamp NULL DEFAULT NULL,
  PRIMARY KEY (`id`)
) ENGINE=InnoDB AUTO_INCREMENT=19 DEFAULT CHARSET=utf8mb4 COLLATE=utf8mb4_unicode_ci;
/*!40101 SET character_set_client = @saved_cs_client */;

--
-- Dumping data for table `pages`
--

LOCK TABLES `pages` WRITE;
/*!40000 ALTER TABLE `pages` DISABLE KEYS */;
INSERT INTO `pages` VALUES (1,'Homepage','<div>[simple-slider key=\"home-slider\"][/simple-slider]</div><div>[featured-product-categories title=\"Top Categories\" subtitle=\"Lorem ipsum dolor sit amet, consectetur adipiscing elit. Phasellus blandit massa enim Nullam nunc varius.\"][/featured-product-categories]</div><div>[flash-sale title=\"Best deals for you\"][/flash-sale]</div><div>[product-collections title=\"Exclusive Products\"][/product-collections]</div><div>[theme-ads key_1=\"IZ6WU8KUALYD\" key_2=\"ILSFJVYFGCPZ\" key_3=\"ZDOZUZZIU7FT\"][/theme-ads]</div><div>[trending-products title=\"Trending Products\"][[/trending-products]</div><div>[product-blocks featured_product_title=\"Featured Products\" top_rated_product_title=\"Top Rated Products\" on_sale_product_title=\"On Sale Products\"][/product-blocks]</div><div>[featured-brands title=\"Our Brands\"][/featured-brands]</div><div>[featured-news title=\"Visit Our Blog\" subtitle=\"Our Blog updated the newest trend of the world regularly\"][/featured-news]</div><div>[testimonials title=\"Our Client Say!\"][/testimonials]</div><div>[our-features icon1=\"flaticon-shipped\" title1=\"Free Delivery\" subtitle1=\"Free shipping on all US order or order above $200\" icon2=\"flaticon-money-back\" title2=\"30 Day Returns Guarantee\" subtitle2=\"Simply return it within 30 days for an exchange\" icon3=\"flaticon-support\" title3=\"27/4 Online Support\" subtitle3=\"Contact us 24 hours a day, 7 days a week\"][/our-features]</div><div>[newsletter-form title=\"Join Our Newsletter Now\" subtitle=\"Register now to get updates on promotions.\"][/newsletter-form]</div>',1,NULL,'homepage',0,NULL,'published','2021-09-14 22:29:10','2021-09-14 22:29:10'),(2,'Contact us','<p>[contact-form][/contact-form]</p>',1,NULL,'default',0,NULL,'published','2021-09-14 22:29:10','2021-09-14 22:29:10'),(3,'Blog','<p>---</p>',1,NULL,'blog-sidebar',0,NULL,'published','2021-09-14 22:29:10','2021-09-14 22:29:10'),(4,'About us','<p>ALL RETURNED FROM HIM TO YOU,\"\' said Alice. \'And be quick about it,\' said Alice to herself, \'it would be so kind,\' Alice replied, so eagerly that the reason of that?\' \'In my youth,\' Father William replied to his son, \'I feared it might injure the brain; But, now that I\'m perfectly sure I can\'t tell you how the game was in the direction it pointed to, without trying to invent something!\' \'I--I\'m a little recovered from the Gryphon, the squeaking of the hall: in fact she was talking. Alice could.</p>',1,NULL,'default',0,NULL,'published','2021-09-14 22:29:10','2021-09-14 22:29:10'),(5,'FAQ','<p>King. \'Nothing whatever,\' said Alice. \'Off with his head!\' or \'Off with his head!\' she said, as politely as she picked her way into that beautiful garden--how IS that to be no use going back to my jaw, Has lasted the rest were quite dry again, the cook was busily stirring the soup, and seemed to think that very few little girls of her skirt, upsetting all the while, and fighting for the first question, you know.\' \'Not at first, perhaps,\' said the Mock Turtle. \'And how many miles I\'ve fallen by.</p>',1,NULL,'default',0,NULL,'published','2021-09-14 22:29:10','2021-09-14 22:29:10'),(6,'Location','<p>Gryphon replied very gravely. \'What else have you executed, whether you\'re nervous or not.\' \'I\'m a poor man, your Majesty,\' said the King. On this the whole pack of cards, after all. I needn\'t be afraid of them!\' \'And who are THESE?\' said the Mock Turtle with a whiting. Now you know.\' Alice had never before seen a cat without a great many more than that, if you don\'t even know what \"it\" means well enough, when I get SOMEWHERE,\' Alice added as an unusually large saucepan flew close by it, and.</p>',1,NULL,'default',0,NULL,'published','2021-09-14 22:29:10','2021-09-14 22:29:10'),(7,'Affiliates','<p>The master was an immense length of neck, which seemed to be sure; but I shall be a lesson to you to get dry again: they had to double themselves up and down looking for it, you know.\' Alice had never heard before, \'Sure then I\'m here! Digging for apples, yer honour!\' \'Digging for apples, yer honour!\' \'Digging for apples, yer honour!\' (He pronounced it \'arrum.\') \'An arm, you goose! Who ever saw one that size? Why, it fills the whole she thought it must be off, and Alice looked all round the.</p>',1,NULL,'default',0,NULL,'published','2021-09-14 22:29:10','2021-09-14 22:29:10'),(8,'Brands','<p>[all-brands][/all-brands]</p>',1,NULL,'default',0,NULL,'published','2021-09-14 22:29:10','2021-09-14 22:29:10'),(9,'Cookie Policy','<h3>EU Cookie Consent</h3><p>To use this website we are using Cookies and collecting some data. To be compliant with the EU GDPR we give you to choose if you allow us to use certain Cookies and to collect some Data.</p><h4>Essential Data</h4><p>The Essential Data is needed to run the Site you are visiting technically. You can not deactivate them.</p><p>- Session Cookie: PHP uses a Cookie to identify user sessions. Without this Cookie the Website is not working.</p><p>- XSRF-Token Cookie: Laravel automatically generates a CSRF \"token\" for each active user session managed by the application. This token is used to verify that the authenticated user is the one actually making the requests to the application.</p>',1,NULL,'default',0,NULL,'published','2021-09-14 22:29:10','2021-09-14 22:29:10'),(10,'Trang chủ','<div>[simple-slider key=\"slider-trang-chu\"][/simple-slider]</div><div>[featured-product-categories title=\"Danh mục nổi bật\" subtitle=\"Lorem ipsum dolor sit amet, consectetur adipiscing elit. Phasellus blandit massa enim Nullam nunc varius.\"][/featured-product-categories]</div><div>[flash-sale title=\"Khuyến mãi tốt nhất cho bạn\"][/flash-sale]</div><div>[product-collections title=\"Sản phẩm độc quyền\"][/product-collections]</div><div>[theme-ads key_1=\"IZ6WU8KUALYD\" key_2=\"ILSFJVYFGCPZ\" key_3=\"ZDOZUZZIU7FT\"][/theme-ads]</div><div>[trending-products title=\"Sản phẩm xu hướng\"][[/trending-products]</div><div>[product-blocks featured_product_title=\"Nổi bật\" top_rated_product_title=\"Xếp hạng cao nhất\" on_sale_product_title=\"Đang khuyến mãi\"][/product-blocks]</div><div>[featured-brands title=\"Thương hiệu\"][/featured-brands]</div><div>[featured-news title=\"Tin tức\" subtitle=\"Blog của chúng tôi cập nhật các xu hướng mới nhất của thế giới thường xuyên\"][/featured-news]</div><div>[testimonials title=\"Nhận xét từ khách hàng!\"][/testimonials]</div><div>[our-features icon1=\"flaticon-shipped\" title1=\"Miễn phí vận chuyển\" subtitle1=\"Giao hàng miễn phí cho tất cả các đơn đặt hàng tại Hoa Kỳ hoặc đơn hàng trên $200\" icon2=\"flaticon-money-back\" title2=\"Đảm bảo hoàn trả trong 30 ngày\" subtitle2=\"Chỉ cần trả lại nó trong vòng 30 ngày để đổi\" icon3=\"flaticon-support\" title3=\"Hỗ trợ trực tuyến 27/4\" subtitle3=\"Liên hệ với chúng tôi 24 giờ một ngày, 7 ngày một tuần\"][/our-features]</div><div>[newsletter-form title=\"Theo dõi bản tin ngay bây giờ\" subtitle=\"Đăng ký ngay để cập nhật các chương trình khuyến mãi.\"][/newsletter-form]</div>',1,NULL,'homepage',0,NULL,'published','2021-09-14 22:29:10','2021-09-14 22:29:10'),(11,'Liên hệ','<p>[contact-form][/contact-form]</p>',1,NULL,'default',0,NULL,'published','2021-09-14 22:29:10','2021-09-14 22:29:10'),(12,'Tin tức','<p>---</p>',1,NULL,'blog-sidebar',0,NULL,'published','2021-09-14 22:29:10','2021-09-14 22:29:10'),(13,'Về chúng tôi','<p>Duchess; \'I never said I could say if I like being that person, I\'ll come up: if not, I\'ll stay down here with me! There are no mice in the distance, screaming with passion. She had already heard her voice close to the Knave was standing before them, in chains, with a little pattering of footsteps in the after-time, be herself a grown woman; and how she would gather about her any more HERE.\' \'But then,\' thought she, \'what would become of me?\' Luckily for Alice, the little passage: and.</p>',1,NULL,'default',0,NULL,'published','2021-09-14 22:29:10','2021-09-14 22:29:10'),(14,'Hỏi Đáp','<p>Alice doubtfully: \'it means--to--make--anything--prettier.\' \'Well, then,\' the Cat in a whisper.) \'That would be QUITE as much as she could not stand, and she went on muttering over the edge of the Lobster Quadrille?\' the Gryphon said to Alice; and Alice looked at them with one finger, as he shook his head mournfully. \'Not I!\' said the King, and he poured a little more conversation with her friend. When she got into the garden. Then she went on, \'What\'s your name, child?\' \'My name is Alice, so.</p>',1,NULL,'default',0,NULL,'published','2021-09-14 22:29:10','2021-09-14 22:29:10'),(15,'Vị trí','<p>Rabbit asked. \'No, I didn\'t,\' said Alice: \'--where\'s the Duchess?\' \'Hush! Hush!\' said the Duchess. An invitation for the Dormouse,\' thought Alice; but she felt sure she would feel very queer indeed:-- \'\'Tis the voice of the players to be in a sulky tone; \'Seven jogged my elbow.\' On which Seven looked up eagerly, half hoping that the mouse doesn\'t get out.\" Only I don\'t want to get in?\' \'There might be some sense in your pocket?\' he went on growing, and, as there was hardly room to open them.</p>',1,NULL,'default',0,NULL,'published','2021-09-14 22:29:10','2021-09-14 22:29:10'),(16,'Chi nhánh','<p>After a while she was always ready to make herself useful, and looking anxiously round to see a little recovered from the change: and Alice called out as loud as she could not even room for YOU, and no more to do this, so that altogether, for the hot day made her feel very sleepy and stupid), whether the pleasure of making a daisy-chain would be only rustling in the long hall, and wander about among those beds of bright flowers and the happy summer days. THE.</p>',1,NULL,'default',0,NULL,'published','2021-09-14 22:29:10','2021-09-14 22:29:10'),(17,'Thương hiệu','<p>[all-brands][/all-brands]</p>',1,NULL,'default',0,NULL,'published','2021-09-14 22:29:10','2021-09-14 22:29:10'),(18,'Chính sách cookie','<h3>EU Cookie Consent</h3><p>To use this website we are using Cookies and collecting some data. To be compliant with the EU GDPR we give you to choose if you allow us to use certain Cookies and to collect some Data.</p><h4>Essential Data</h4><p>The Essential Data is needed to run the Site you are visiting technically. You can not deactivate them.</p><p>- Session Cookie: PHP uses a Cookie to identify user sessions. Without this Cookie the Website is not working.</p><p>- XSRF-Token Cookie: Laravel automatically generates a CSRF \"token\" for each active user session managed by the application. This token is used to verify that the authenticated user is the one actually making the requests to the application.</p>',1,NULL,'default',0,NULL,'published','2021-09-14 22:29:10','2021-09-14 22:29:10');
/*!40000 ALTER TABLE `pages` ENABLE KEYS */;
UNLOCK TABLES;

--
-- Table structure for table `password_resets`
--

DROP TABLE IF EXISTS `password_resets`;
/*!40101 SET @saved_cs_client     = @@character_set_client */;
/*!40101 SET character_set_client = utf8 */;
CREATE TABLE `password_resets` (
  `email` varchar(191) COLLATE utf8mb4_unicode_ci NOT NULL,
  `token` varchar(191) COLLATE utf8mb4_unicode_ci NOT NULL,
  `created_at` timestamp NULL DEFAULT NULL,
  KEY `password_resets_email_index` (`email`)
) ENGINE=InnoDB DEFAULT CHARSET=utf8mb4 COLLATE=utf8mb4_unicode_ci;
/*!40101 SET character_set_client = @saved_cs_client */;

--
-- Dumping data for table `password_resets`
--

LOCK TABLES `password_resets` WRITE;
/*!40000 ALTER TABLE `password_resets` DISABLE KEYS */;
/*!40000 ALTER TABLE `password_resets` ENABLE KEYS */;
UNLOCK TABLES;

--
-- Table structure for table `payments`
--

DROP TABLE IF EXISTS `payments`;
/*!40101 SET @saved_cs_client     = @@character_set_client */;
/*!40101 SET character_set_client = utf8 */;
CREATE TABLE `payments` (
  `id` bigint(20) unsigned NOT NULL AUTO_INCREMENT,
  `currency` varchar(120) COLLATE utf8mb4_unicode_ci DEFAULT NULL,
  `user_id` int(10) unsigned NOT NULL DEFAULT '0',
  `charge_id` varchar(60) COLLATE utf8mb4_unicode_ci DEFAULT NULL,
  `payment_channel` varchar(60) COLLATE utf8mb4_unicode_ci DEFAULT NULL,
  `description` varchar(255) COLLATE utf8mb4_unicode_ci DEFAULT NULL,
  `amount` decimal(15,2) unsigned NOT NULL,
  `order_id` int(10) unsigned DEFAULT NULL,
  `status` varchar(60) COLLATE utf8mb4_unicode_ci DEFAULT 'pending',
  `payment_type` varchar(191) COLLATE utf8mb4_unicode_ci DEFAULT 'confirm',
  `customer_id` int(10) unsigned DEFAULT NULL,
  `refunded_amount` decimal(15,2) unsigned DEFAULT NULL,
  `refund_note` varchar(255) COLLATE utf8mb4_unicode_ci DEFAULT NULL,
  `created_at` timestamp NULL DEFAULT NULL,
  `updated_at` timestamp NULL DEFAULT NULL,
  `customer_type` varchar(255) COLLATE utf8mb4_unicode_ci DEFAULT NULL,
  `metadata` mediumtext COLLATE utf8mb4_unicode_ci,
  PRIMARY KEY (`id`)
) ENGINE=InnoDB AUTO_INCREMENT=21 DEFAULT CHARSET=utf8mb4 COLLATE=utf8mb4_unicode_ci;
/*!40101 SET character_set_client = @saved_cs_client */;

--
-- Dumping data for table `payments`
--

LOCK TABLES `payments` WRITE;
/*!40000 ALTER TABLE `payments` DISABLE KEYS */;
INSERT INTO `payments` VALUES (1,'USD',0,'L9SVF0V8VL','razorpay',NULL,895.40,1,'completed','confirm',2,NULL,NULL,'2021-09-14 22:29:02','2021-09-14 22:29:02','Botble\\Ecommerce\\Models\\Customer',NULL),(2,'USD',0,'H3POOSDSFD','cod',NULL,692.35,2,'pending','confirm',4,NULL,NULL,'2021-09-14 22:29:02','2021-09-14 22:29:02','Botble\\Ecommerce\\Models\\Customer',NULL),(3,'USD',0,'CB0BKYRFHK','stripe',NULL,977.90,3,'completed','confirm',11,NULL,NULL,'2021-09-14 22:29:02','2021-09-14 22:29:02','Botble\\Ecommerce\\Models\\Customer',NULL),(4,'USD',0,'UGSSPTVSZB','razorpay',NULL,2022.90,4,'completed','confirm',3,NULL,NULL,'2021-09-14 22:29:02','2021-09-14 22:29:02','Botble\\Ecommerce\\Models\\Customer',NULL),(5,'USD',0,'3UC51DMJEC','stripe',NULL,1134.60,5,'completed','confirm',10,NULL,NULL,'2021-09-14 22:29:02','2021-09-14 22:29:02','Botble\\Ecommerce\\Models\\Customer',NULL),(6,'USD',0,'HOMB4EZ85R','stripe',NULL,1941.50,6,'completed','confirm',5,NULL,NULL,'2021-09-14 22:29:02','2021-09-14 22:29:02','Botble\\Ecommerce\\Models\\Customer',NULL),(7,'USD',0,'NTW2USU7MS','mollie',NULL,839.93,7,'completed','confirm',3,NULL,NULL,'2021-09-14 22:29:02','2021-09-14 22:29:02','Botble\\Ecommerce\\Models\\Customer',NULL),(8,'USD',0,'SDPADJUJFE','stripe',NULL,1066.95,8,'completed','confirm',6,NULL,NULL,'2021-09-14 22:29:02','2021-09-14 22:29:02','Botble\\Ecommerce\\Models\\Customer',NULL),(9,'USD',0,'G8HDXHMAR8','stripe',NULL,716.40,9,'completed','confirm',9,NULL,NULL,'2021-09-14 22:29:02','2021-09-14 22:29:02','Botble\\Ecommerce\\Models\\Customer',NULL),(10,'USD',0,'MF2EI5EKPZ','razorpay',NULL,935.83,10,'completed','confirm',9,NULL,NULL,'2021-09-14 22:29:03','2021-09-14 22:29:03','Botble\\Ecommerce\\Models\\Customer',NULL),(11,'USD',0,'JBFXK1TB3P','bank_transfer',NULL,669.00,11,'pending','confirm',7,NULL,NULL,'2021-09-14 22:29:03','2021-09-14 22:29:03','Botble\\Ecommerce\\Models\\Customer',NULL),(12,'USD',0,'I7PFBUFZMQ','razorpay',NULL,1041.80,12,'completed','confirm',4,NULL,NULL,'2021-09-14 22:29:03','2021-09-14 22:29:03','Botble\\Ecommerce\\Models\\Customer',NULL),(13,'USD',0,'CVYFA0LPNF','sslcommerz',NULL,2213.40,13,'completed','confirm',2,NULL,NULL,'2021-09-14 22:29:03','2021-09-14 22:29:03','Botble\\Ecommerce\\Models\\Customer',NULL),(14,'USD',0,'MVMTYXLBQ0','bank_transfer',NULL,685.40,14,'pending','confirm',10,NULL,NULL,'2021-09-14 22:29:03','2021-09-14 22:29:03','Botble\\Ecommerce\\Models\\Customer',NULL),(15,'USD',0,'LSP9OCYRHC','cod',NULL,369.60,15,'pending','confirm',4,NULL,NULL,'2021-09-14 22:29:03','2021-09-14 22:29:03','Botble\\Ecommerce\\Models\\Customer',NULL),(16,'USD',0,'O5EHJHYPIY','bank_transfer',NULL,728.15,16,'pending','confirm',11,NULL,NULL,'2021-09-14 22:29:03','2021-09-14 22:29:03','Botble\\Ecommerce\\Models\\Customer',NULL),(17,'USD',0,'4LTAQK2MPD','bank_transfer',NULL,1083.60,17,'pending','confirm',10,NULL,NULL,'2021-09-14 22:29:03','2021-09-14 22:29:03','Botble\\Ecommerce\\Models\\Customer',NULL),(18,'USD',0,'LDOBVKXUKU','paystack',NULL,1062.20,18,'completed','confirm',4,NULL,NULL,'2021-09-14 22:29:03','2021-09-14 22:29:03','Botble\\Ecommerce\\Models\\Customer',NULL),(19,'USD',0,'HDBPCN75X9','razorpay',NULL,725.03,19,'completed','confirm',7,NULL,NULL,'2021-09-14 22:29:03','2021-09-14 22:29:03','Botble\\Ecommerce\\Models\\Customer',NULL),(20,'USD',0,'NSJWHEB47H','mollie',NULL,1215.20,20,'completed','confirm',6,NULL,NULL,'2021-09-14 22:29:03','2021-09-14 22:29:03','Botble\\Ecommerce\\Models\\Customer',NULL);
/*!40000 ALTER TABLE `payments` ENABLE KEYS */;
UNLOCK TABLES;

--
-- Table structure for table `post_categories`
--

DROP TABLE IF EXISTS `post_categories`;
/*!40101 SET @saved_cs_client     = @@character_set_client */;
/*!40101 SET character_set_client = utf8 */;
CREATE TABLE `post_categories` (
  `id` bigint(20) unsigned NOT NULL AUTO_INCREMENT,
  `category_id` int(10) unsigned NOT NULL,
  `post_id` int(10) unsigned NOT NULL,
  PRIMARY KEY (`id`)
) ENGINE=InnoDB AUTO_INCREMENT=45 DEFAULT CHARSET=utf8mb4 COLLATE=utf8mb4_unicode_ci;
/*!40101 SET character_set_client = @saved_cs_client */;

--
-- Dumping data for table `post_categories`
--

LOCK TABLES `post_categories` WRITE;
/*!40000 ALTER TABLE `post_categories` DISABLE KEYS */;
INSERT INTO `post_categories` VALUES (1,1,1),(2,3,1),(3,2,2),(4,4,2),(5,1,3),(6,4,3),(7,1,4),(8,3,4),(9,1,5),(10,4,5),(11,2,6),(12,3,6),(13,1,7),(14,3,7),(15,1,8),(16,4,8),(17,1,9),(18,3,9),(19,2,10),(20,3,10),(21,1,11),(22,4,11),(23,6,12),(24,8,12),(25,5,13),(26,7,13),(27,6,14),(28,8,14),(29,6,15),(30,8,15),(31,6,16),(32,7,16),(33,6,17),(34,7,17),(35,6,18),(36,8,18),(37,5,19),(38,8,19),(39,5,20),(40,7,20),(41,5,21),(42,8,21),(43,6,22),(44,8,22);
/*!40000 ALTER TABLE `post_categories` ENABLE KEYS */;
UNLOCK TABLES;

--
-- Table structure for table `post_tags`
--

DROP TABLE IF EXISTS `post_tags`;
/*!40101 SET @saved_cs_client     = @@character_set_client */;
/*!40101 SET character_set_client = utf8 */;
CREATE TABLE `post_tags` (
  `id` bigint(20) unsigned NOT NULL AUTO_INCREMENT,
  `tag_id` int(10) unsigned NOT NULL,
  `post_id` int(10) unsigned NOT NULL,
  PRIMARY KEY (`id`)
) ENGINE=InnoDB AUTO_INCREMENT=111 DEFAULT CHARSET=utf8mb4 COLLATE=utf8mb4_unicode_ci;
/*!40101 SET character_set_client = @saved_cs_client */;

--
-- Dumping data for table `post_tags`
--

LOCK TABLES `post_tags` WRITE;
/*!40000 ALTER TABLE `post_tags` DISABLE KEYS */;
INSERT INTO `post_tags` VALUES (1,1,1),(2,2,1),(3,3,1),(4,4,1),(5,5,1),(6,1,2),(7,2,2),(8,3,2),(9,4,2),(10,5,2),(11,1,3),(12,2,3),(13,3,3),(14,4,3),(15,5,3),(16,1,4),(17,2,4),(18,3,4),(19,4,4),(20,5,4),(21,1,5),(22,2,5),(23,3,5),(24,4,5),(25,5,5),(26,1,6),(27,2,6),(28,3,6),(29,4,6),(30,5,6),(31,1,7),(32,2,7),(33,3,7),(34,4,7),(35,5,7),(36,1,8),(37,2,8),(38,3,8),(39,4,8),(40,5,8),(41,1,9),(42,2,9),(43,3,9),(44,4,9),(45,5,9),(46,1,10),(47,2,10),(48,3,10),(49,4,10),(50,5,10),(51,1,11),(52,2,11),(53,3,11),(54,4,11),(55,5,11),(56,6,12),(57,7,12),(58,8,12),(59,9,12),(60,10,12),(61,6,13),(62,7,13),(63,8,13),(64,9,13),(65,10,13),(66,6,14),(67,7,14),(68,8,14),(69,9,14),(70,10,14),(71,6,15),(72,7,15),(73,8,15),(74,9,15),(75,10,15),(76,6,16),(77,7,16),(78,8,16),(79,9,16),(80,10,16),(81,6,17),(82,7,17),(83,8,17),(84,9,17),(85,10,17),(86,6,18),(87,7,18),(88,8,18),(89,9,18),(90,10,18),(91,6,19),(92,7,19),(93,8,19),(94,9,19),(95,10,19),(96,6,20),(97,7,20),(98,8,20),(99,9,20),(100,10,20),(101,6,21),(102,7,21),(103,8,21),(104,9,21),(105,10,21),(106,6,22),(107,7,22),(108,8,22),(109,9,22),(110,10,22);
/*!40000 ALTER TABLE `post_tags` ENABLE KEYS */;
UNLOCK TABLES;

--
-- Table structure for table `posts`
--

DROP TABLE IF EXISTS `posts`;
/*!40101 SET @saved_cs_client     = @@character_set_client */;
/*!40101 SET character_set_client = utf8 */;
CREATE TABLE `posts` (
  `id` bigint(20) unsigned NOT NULL AUTO_INCREMENT,
  `name` varchar(255) COLLATE utf8mb4_unicode_ci NOT NULL,
  `description` varchar(400) COLLATE utf8mb4_unicode_ci DEFAULT NULL,
  `content` longtext COLLATE utf8mb4_unicode_ci,
  `status` varchar(60) COLLATE utf8mb4_unicode_ci NOT NULL DEFAULT 'published',
  `author_id` int(11) NOT NULL,
  `author_type` varchar(255) COLLATE utf8mb4_unicode_ci NOT NULL DEFAULT 'Botble\\ACL\\Models\\User',
  `is_featured` tinyint(3) unsigned NOT NULL DEFAULT '0',
  `image` varchar(255) COLLATE utf8mb4_unicode_ci DEFAULT NULL,
  `views` int(10) unsigned NOT NULL DEFAULT '0',
  `format_type` varchar(30) COLLATE utf8mb4_unicode_ci DEFAULT NULL,
  `created_at` timestamp NULL DEFAULT NULL,
  `updated_at` timestamp NULL DEFAULT NULL,
  PRIMARY KEY (`id`)
) ENGINE=InnoDB AUTO_INCREMENT=23 DEFAULT CHARSET=utf8mb4 COLLATE=utf8mb4_unicode_ci;
/*!40101 SET character_set_client = @saved_cs_client */;

--
-- Dumping data for table `posts`
--

LOCK TABLES `posts` WRITE;
/*!40000 ALTER TABLE `posts` DISABLE KEYS */;
INSERT INTO `posts` VALUES (1,'4 Expert Tips On How To Choose The Right Men’s Wallet','You should pay more attention when you choose your wallets. There are a lot of them on the market with the different designs and styles. When you choose carefully, you would be able to buy a wallet that is catered to your needs. Not to mention that it will help to enhance your style significantly.','<p>I have seen many people underestimating the power of their wallets. To them, they are just a functional item they use to carry. As a result, they often end up with the wallets which are not really suitable for them.</p>\n\n<p>You should pay more attention when you choose your wallets. There are a lot of them on the market with the different designs and styles. When you choose carefully, you would be able to buy a wallet that is catered to your needs. Not to mention that it will help to enhance your style significantly.</p>\n\n<p style=\"text-align:center\"><img alt=\"f4\" src=\"/storage/news/1.jpg\" /></p>\n\n<p><br />\n&nbsp;</p>\n\n<p><strong><em>For all of the reason above, here are 7 expert tips to help you pick up the right men&rsquo;s wallet for you:</em></strong></p>\n\n<h4><strong>Number 1: Choose A Neat Wallet</strong></h4>\n\n<p>The wallet is an essential accessory that you should go simple. Simplicity is the best in this case. A simple and neat wallet with the plain color and even&nbsp;<strong>minimalist style</strong>&nbsp;is versatile. It can be used for both formal and casual events. In addition, that wallet will go well with most of the clothes in your wardrobe.</p>\n\n<p>Keep in mind that a wallet will tell other people about your personality and your fashion sense as much as other clothes you put on. Hence, don&rsquo;t go cheesy on your wallet or else people will think that you have a funny and particular style.</p>\n\n<p style=\"text-align:center\"><img alt=\"f5\" src=\"/storage/news/2.jpg\" /></p>\n\n<p><br />\n&nbsp;</p>\n<hr />\n<h4><strong>Number 2: Choose The Right Size For Your Wallet</strong></h4>\n\n<p>You should avoid having an over-sized wallet. Don&rsquo;t think that you need to buy a big wallet because you have a lot to carry with you. In addition, a fat wallet is very ugly. It will make it harder for you to slide the wallet into your trousers&rsquo; pocket. In addition, it will create a bulge and ruin your look.</p>\n\n<p>Before you go on to buy a new wallet, clean out your wallet and place all of the items from your wallet on a table. Throw away things that you would never need any more such as the old bills or the expired gift cards. Remember to check your wallet on a frequent basis to get rid of all of the old stuff that you don&rsquo;t need anymore.</p>\n\n<p style=\"text-align:center\"><img alt=\"f1\" src=\"/storage/news/3.jpg\" /></p>\n\n<p><br />\n&nbsp;</p>\n\n<hr />\n<h4><strong>Number 3: Don&rsquo;t Limit Your Options Of Materials</strong></h4>\n\n<p>The types and designs of wallets are not the only things that you should consider when you go out searching for your best wallet. You have more than 1 option of material rather than leather to choose from as well.</p>\n\n<p>You can experiment with other available options such as cotton, polyester and canvas. They all have their own pros and cons. As a result, they will be suitable for different needs and requirements. You should think about them all in order to choose the material which you would like the most.</p>\n\n<p style=\"text-align:center\"><img alt=\"f6\" height=\"375\" src=\"/storage/news/4.jpg\" /></p>\n\n<p><br />\n&nbsp;</p>\n\n<hr />\n<h4><strong>Number 4: Consider A Wallet As A Long Term Investment</strong></h4>\n\n<p>Your wallet is indeed an investment that you should consider spending a decent amount of time and effort on it. Another factor that you need to consider is how much you want to spend on your wallet. The price ranges of wallets on the market vary a great deal. You can find a wallet which is as cheap as about 5 to 7 dollars. On the other hand, you should expect to pay around 250 to 300 dollars for a high-quality wallet.</p>\n\n<p>In case you need a wallet to use for a long time, it is a good idea that you should invest a decent amount of money on a wallet. A high quality wallet from a reputational brand with the premium quality such as cowhide leather will last for a long time. In addition, it is an accessory to show off your fashion sense and your social status.</p>\n\n<p style=\"text-align:center\"><img alt=\"f2\" height=\"400\" src=\"/storage/news/5.jpg\" /></p>\n\n<p>&nbsp;</p>\n','published',1,'Botble\\ACL\\Models\\User',1,'news/1.jpg',535,NULL,'2021-09-14 22:29:08','2021-09-14 22:29:08'),(2,'Sexy Clutches: How to Buy & Wear a Designer Clutch Bag','You should pay more attention when you choose your wallets. There are a lot of them on the market with the different designs and styles. When you choose carefully, you would be able to buy a wallet that is catered to your needs. Not to mention that it will help to enhance your style significantly.','<p>I have seen many people underestimating the power of their wallets. To them, they are just a functional item they use to carry. As a result, they often end up with the wallets which are not really suitable for them.</p>\n\n<p>You should pay more attention when you choose your wallets. There are a lot of them on the market with the different designs and styles. When you choose carefully, you would be able to buy a wallet that is catered to your needs. Not to mention that it will help to enhance your style significantly.</p>\n\n<p style=\"text-align:center\"><img alt=\"f4\" src=\"/storage/news/1.jpg\" /></p>\n\n<p><br />\n&nbsp;</p>\n\n<p><strong><em>For all of the reason above, here are 7 expert tips to help you pick up the right men&rsquo;s wallet for you:</em></strong></p>\n\n<h4><strong>Number 1: Choose A Neat Wallet</strong></h4>\n\n<p>The wallet is an essential accessory that you should go simple. Simplicity is the best in this case. A simple and neat wallet with the plain color and even&nbsp;<strong>minimalist style</strong>&nbsp;is versatile. It can be used for both formal and casual events. In addition, that wallet will go well with most of the clothes in your wardrobe.</p>\n\n<p>Keep in mind that a wallet will tell other people about your personality and your fashion sense as much as other clothes you put on. Hence, don&rsquo;t go cheesy on your wallet or else people will think that you have a funny and particular style.</p>\n\n<p style=\"text-align:center\"><img alt=\"f5\" src=\"/storage/news/2.jpg\" /></p>\n\n<p><br />\n&nbsp;</p>\n<hr />\n<h4><strong>Number 2: Choose The Right Size For Your Wallet</strong></h4>\n\n<p>You should avoid having an over-sized wallet. Don&rsquo;t think that you need to buy a big wallet because you have a lot to carry with you. In addition, a fat wallet is very ugly. It will make it harder for you to slide the wallet into your trousers&rsquo; pocket. In addition, it will create a bulge and ruin your look.</p>\n\n<p>Before you go on to buy a new wallet, clean out your wallet and place all of the items from your wallet on a table. Throw away things that you would never need any more such as the old bills or the expired gift cards. Remember to check your wallet on a frequent basis to get rid of all of the old stuff that you don&rsquo;t need anymore.</p>\n\n<p style=\"text-align:center\"><img alt=\"f1\" src=\"/storage/news/3.jpg\" /></p>\n\n<p><br />\n&nbsp;</p>\n\n<hr />\n<h4><strong>Number 3: Don&rsquo;t Limit Your Options Of Materials</strong></h4>\n\n<p>The types and designs of wallets are not the only things that you should consider when you go out searching for your best wallet. You have more than 1 option of material rather than leather to choose from as well.</p>\n\n<p>You can experiment with other available options such as cotton, polyester and canvas. They all have their own pros and cons. As a result, they will be suitable for different needs and requirements. You should think about them all in order to choose the material which you would like the most.</p>\n\n<p style=\"text-align:center\"><img alt=\"f6\" height=\"375\" src=\"/storage/news/4.jpg\" /></p>\n\n<p><br />\n&nbsp;</p>\n\n<hr />\n<h4><strong>Number 4: Consider A Wallet As A Long Term Investment</strong></h4>\n\n<p>Your wallet is indeed an investment that you should consider spending a decent amount of time and effort on it. Another factor that you need to consider is how much you want to spend on your wallet. The price ranges of wallets on the market vary a great deal. You can find a wallet which is as cheap as about 5 to 7 dollars. On the other hand, you should expect to pay around 250 to 300 dollars for a high-quality wallet.</p>\n\n<p>In case you need a wallet to use for a long time, it is a good idea that you should invest a decent amount of money on a wallet. A high quality wallet from a reputational brand with the premium quality such as cowhide leather will last for a long time. In addition, it is an accessory to show off your fashion sense and your social status.</p>\n\n<p style=\"text-align:center\"><img alt=\"f2\" height=\"400\" src=\"/storage/news/5.jpg\" /></p>\n\n<p>&nbsp;</p>\n','published',1,'Botble\\ACL\\Models\\User',1,'news/2.jpg',1310,NULL,'2021-09-14 22:29:08','2021-09-14 22:29:08'),(3,'The Top 2020 Handbag Trends to Know','You should pay more attention when you choose your wallets. There are a lot of them on the market with the different designs and styles. When you choose carefully, you would be able to buy a wallet that is catered to your needs. Not to mention that it will help to enhance your style significantly.','<p>I have seen many people underestimating the power of their wallets. To them, they are just a functional item they use to carry. As a result, they often end up with the wallets which are not really suitable for them.</p>\n\n<p>You should pay more attention when you choose your wallets. There are a lot of them on the market with the different designs and styles. When you choose carefully, you would be able to buy a wallet that is catered to your needs. Not to mention that it will help to enhance your style significantly.</p>\n\n<p style=\"text-align:center\"><img alt=\"f4\" src=\"/storage/news/1.jpg\" /></p>\n\n<p><br />\n&nbsp;</p>\n\n<p><strong><em>For all of the reason above, here are 7 expert tips to help you pick up the right men&rsquo;s wallet for you:</em></strong></p>\n\n<h4><strong>Number 1: Choose A Neat Wallet</strong></h4>\n\n<p>The wallet is an essential accessory that you should go simple. Simplicity is the best in this case. A simple and neat wallet with the plain color and even&nbsp;<strong>minimalist style</strong>&nbsp;is versatile. It can be used for both formal and casual events. In addition, that wallet will go well with most of the clothes in your wardrobe.</p>\n\n<p>Keep in mind that a wallet will tell other people about your personality and your fashion sense as much as other clothes you put on. Hence, don&rsquo;t go cheesy on your wallet or else people will think that you have a funny and particular style.</p>\n\n<p style=\"text-align:center\"><img alt=\"f5\" src=\"/storage/news/2.jpg\" /></p>\n\n<p><br />\n&nbsp;</p>\n<hr />\n<h4><strong>Number 2: Choose The Right Size For Your Wallet</strong></h4>\n\n<p>You should avoid having an over-sized wallet. Don&rsquo;t think that you need to buy a big wallet because you have a lot to carry with you. In addition, a fat wallet is very ugly. It will make it harder for you to slide the wallet into your trousers&rsquo; pocket. In addition, it will create a bulge and ruin your look.</p>\n\n<p>Before you go on to buy a new wallet, clean out your wallet and place all of the items from your wallet on a table. Throw away things that you would never need any more such as the old bills or the expired gift cards. Remember to check your wallet on a frequent basis to get rid of all of the old stuff that you don&rsquo;t need anymore.</p>\n\n<p style=\"text-align:center\"><img alt=\"f1\" src=\"/storage/news/3.jpg\" /></p>\n\n<p><br />\n&nbsp;</p>\n\n<hr />\n<h4><strong>Number 3: Don&rsquo;t Limit Your Options Of Materials</strong></h4>\n\n<p>The types and designs of wallets are not the only things that you should consider when you go out searching for your best wallet. You have more than 1 option of material rather than leather to choose from as well.</p>\n\n<p>You can experiment with other available options such as cotton, polyester and canvas. They all have their own pros and cons. As a result, they will be suitable for different needs and requirements. You should think about them all in order to choose the material which you would like the most.</p>\n\n<p style=\"text-align:center\"><img alt=\"f6\" height=\"375\" src=\"/storage/news/4.jpg\" /></p>\n\n<p><br />\n&nbsp;</p>\n\n<hr />\n<h4><strong>Number 4: Consider A Wallet As A Long Term Investment</strong></h4>\n\n<p>Your wallet is indeed an investment that you should consider spending a decent amount of time and effort on it. Another factor that you need to consider is how much you want to spend on your wallet. The price ranges of wallets on the market vary a great deal. You can find a wallet which is as cheap as about 5 to 7 dollars. On the other hand, you should expect to pay around 250 to 300 dollars for a high-quality wallet.</p>\n\n<p>In case you need a wallet to use for a long time, it is a good idea that you should invest a decent amount of money on a wallet. A high quality wallet from a reputational brand with the premium quality such as cowhide leather will last for a long time. In addition, it is an accessory to show off your fashion sense and your social status.</p>\n\n<p style=\"text-align:center\"><img alt=\"f2\" height=\"400\" src=\"/storage/news/5.jpg\" /></p>\n\n<p>&nbsp;</p>\n','published',1,'Botble\\ACL\\Models\\User',1,'news/3.jpg',795,NULL,'2021-09-14 22:29:08','2021-09-14 22:29:08'),(4,'How to Match the Color of Your Handbag With an Outfit','You should pay more attention when you choose your wallets. There are a lot of them on the market with the different designs and styles. When you choose carefully, you would be able to buy a wallet that is catered to your needs. Not to mention that it will help to enhance your style significantly.','<p>I have seen many people underestimating the power of their wallets. To them, they are just a functional item they use to carry. As a result, they often end up with the wallets which are not really suitable for them.</p>\n\n<p>You should pay more attention when you choose your wallets. There are a lot of them on the market with the different designs and styles. When you choose carefully, you would be able to buy a wallet that is catered to your needs. Not to mention that it will help to enhance your style significantly.</p>\n\n<p style=\"text-align:center\"><img alt=\"f4\" src=\"/storage/news/1.jpg\" /></p>\n\n<p><br />\n&nbsp;</p>\n\n<p><strong><em>For all of the reason above, here are 7 expert tips to help you pick up the right men&rsquo;s wallet for you:</em></strong></p>\n\n<h4><strong>Number 1: Choose A Neat Wallet</strong></h4>\n\n<p>The wallet is an essential accessory that you should go simple. Simplicity is the best in this case. A simple and neat wallet with the plain color and even&nbsp;<strong>minimalist style</strong>&nbsp;is versatile. It can be used for both formal and casual events. In addition, that wallet will go well with most of the clothes in your wardrobe.</p>\n\n<p>Keep in mind that a wallet will tell other people about your personality and your fashion sense as much as other clothes you put on. Hence, don&rsquo;t go cheesy on your wallet or else people will think that you have a funny and particular style.</p>\n\n<p style=\"text-align:center\"><img alt=\"f5\" src=\"/storage/news/2.jpg\" /></p>\n\n<p><br />\n&nbsp;</p>\n<hr />\n<h4><strong>Number 2: Choose The Right Size For Your Wallet</strong></h4>\n\n<p>You should avoid having an over-sized wallet. Don&rsquo;t think that you need to buy a big wallet because you have a lot to carry with you. In addition, a fat wallet is very ugly. It will make it harder for you to slide the wallet into your trousers&rsquo; pocket. In addition, it will create a bulge and ruin your look.</p>\n\n<p>Before you go on to buy a new wallet, clean out your wallet and place all of the items from your wallet on a table. Throw away things that you would never need any more such as the old bills or the expired gift cards. Remember to check your wallet on a frequent basis to get rid of all of the old stuff that you don&rsquo;t need anymore.</p>\n\n<p style=\"text-align:center\"><img alt=\"f1\" src=\"/storage/news/3.jpg\" /></p>\n\n<p><br />\n&nbsp;</p>\n\n<hr />\n<h4><strong>Number 3: Don&rsquo;t Limit Your Options Of Materials</strong></h4>\n\n<p>The types and designs of wallets are not the only things that you should consider when you go out searching for your best wallet. You have more than 1 option of material rather than leather to choose from as well.</p>\n\n<p>You can experiment with other available options such as cotton, polyester and canvas. They all have their own pros and cons. As a result, they will be suitable for different needs and requirements. You should think about them all in order to choose the material which you would like the most.</p>\n\n<p style=\"text-align:center\"><img alt=\"f6\" height=\"375\" src=\"/storage/news/4.jpg\" /></p>\n\n<p><br />\n&nbsp;</p>\n\n<hr />\n<h4><strong>Number 4: Consider A Wallet As A Long Term Investment</strong></h4>\n\n<p>Your wallet is indeed an investment that you should consider spending a decent amount of time and effort on it. Another factor that you need to consider is how much you want to spend on your wallet. The price ranges of wallets on the market vary a great deal. You can find a wallet which is as cheap as about 5 to 7 dollars. On the other hand, you should expect to pay around 250 to 300 dollars for a high-quality wallet.</p>\n\n<p>In case you need a wallet to use for a long time, it is a good idea that you should invest a decent amount of money on a wallet. A high quality wallet from a reputational brand with the premium quality such as cowhide leather will last for a long time. In addition, it is an accessory to show off your fashion sense and your social status.</p>\n\n<p style=\"text-align:center\"><img alt=\"f2\" height=\"400\" src=\"/storage/news/5.jpg\" /></p>\n\n<p>&nbsp;</p>\n','published',1,'Botble\\ACL\\Models\\User',1,'news/4.jpg',1963,NULL,'2021-09-14 22:29:08','2021-09-14 22:29:08'),(5,'How to Care for Leather Bags','You should pay more attention when you choose your wallets. There are a lot of them on the market with the different designs and styles. When you choose carefully, you would be able to buy a wallet that is catered to your needs. Not to mention that it will help to enhance your style significantly.','<p>I have seen many people underestimating the power of their wallets. To them, they are just a functional item they use to carry. As a result, they often end up with the wallets which are not really suitable for them.</p>\n\n<p>You should pay more attention when you choose your wallets. There are a lot of them on the market with the different designs and styles. When you choose carefully, you would be able to buy a wallet that is catered to your needs. Not to mention that it will help to enhance your style significantly.</p>\n\n<p style=\"text-align:center\"><img alt=\"f4\" src=\"/storage/news/1.jpg\" /></p>\n\n<p><br />\n&nbsp;</p>\n\n<p><strong><em>For all of the reason above, here are 7 expert tips to help you pick up the right men&rsquo;s wallet for you:</em></strong></p>\n\n<h4><strong>Number 1: Choose A Neat Wallet</strong></h4>\n\n<p>The wallet is an essential accessory that you should go simple. Simplicity is the best in this case. A simple and neat wallet with the plain color and even&nbsp;<strong>minimalist style</strong>&nbsp;is versatile. It can be used for both formal and casual events. In addition, that wallet will go well with most of the clothes in your wardrobe.</p>\n\n<p>Keep in mind that a wallet will tell other people about your personality and your fashion sense as much as other clothes you put on. Hence, don&rsquo;t go cheesy on your wallet or else people will think that you have a funny and particular style.</p>\n\n<p style=\"text-align:center\"><img alt=\"f5\" src=\"/storage/news/2.jpg\" /></p>\n\n<p><br />\n&nbsp;</p>\n<hr />\n<h4><strong>Number 2: Choose The Right Size For Your Wallet</strong></h4>\n\n<p>You should avoid having an over-sized wallet. Don&rsquo;t think that you need to buy a big wallet because you have a lot to carry with you. In addition, a fat wallet is very ugly. It will make it harder for you to slide the wallet into your trousers&rsquo; pocket. In addition, it will create a bulge and ruin your look.</p>\n\n<p>Before you go on to buy a new wallet, clean out your wallet and place all of the items from your wallet on a table. Throw away things that you would never need any more such as the old bills or the expired gift cards. Remember to check your wallet on a frequent basis to get rid of all of the old stuff that you don&rsquo;t need anymore.</p>\n\n<p style=\"text-align:center\"><img alt=\"f1\" src=\"/storage/news/3.jpg\" /></p>\n\n<p><br />\n&nbsp;</p>\n\n<hr />\n<h4><strong>Number 3: Don&rsquo;t Limit Your Options Of Materials</strong></h4>\n\n<p>The types and designs of wallets are not the only things that you should consider when you go out searching for your best wallet. You have more than 1 option of material rather than leather to choose from as well.</p>\n\n<p>You can experiment with other available options such as cotton, polyester and canvas. They all have their own pros and cons. As a result, they will be suitable for different needs and requirements. You should think about them all in order to choose the material which you would like the most.</p>\n\n<p style=\"text-align:center\"><img alt=\"f6\" height=\"375\" src=\"/storage/news/4.jpg\" /></p>\n\n<p><br />\n&nbsp;</p>\n\n<hr />\n<h4><strong>Number 4: Consider A Wallet As A Long Term Investment</strong></h4>\n\n<p>Your wallet is indeed an investment that you should consider spending a decent amount of time and effort on it. Another factor that you need to consider is how much you want to spend on your wallet. The price ranges of wallets on the market vary a great deal. You can find a wallet which is as cheap as about 5 to 7 dollars. On the other hand, you should expect to pay around 250 to 300 dollars for a high-quality wallet.</p>\n\n<p>In case you need a wallet to use for a long time, it is a good idea that you should invest a decent amount of money on a wallet. A high quality wallet from a reputational brand with the premium quality such as cowhide leather will last for a long time. In addition, it is an accessory to show off your fashion sense and your social status.</p>\n\n<p style=\"text-align:center\"><img alt=\"f2\" height=\"400\" src=\"/storage/news/5.jpg\" /></p>\n\n<p>&nbsp;</p>\n','published',1,'Botble\\ACL\\Models\\User',1,'news/5.jpg',2206,NULL,'2021-09-14 22:29:08','2021-09-14 22:29:08'),(6,'We\'re Crushing Hard on Summer\'s 10 Biggest Bag Trends','You should pay more attention when you choose your wallets. There are a lot of them on the market with the different designs and styles. When you choose carefully, you would be able to buy a wallet that is catered to your needs. Not to mention that it will help to enhance your style significantly.','<p>I have seen many people underestimating the power of their wallets. To them, they are just a functional item they use to carry. As a result, they often end up with the wallets which are not really suitable for them.</p>\n\n<p>You should pay more attention when you choose your wallets. There are a lot of them on the market with the different designs and styles. When you choose carefully, you would be able to buy a wallet that is catered to your needs. Not to mention that it will help to enhance your style significantly.</p>\n\n<p style=\"text-align:center\"><img alt=\"f4\" src=\"/storage/news/1.jpg\" /></p>\n\n<p><br />\n&nbsp;</p>\n\n<p><strong><em>For all of the reason above, here are 7 expert tips to help you pick up the right men&rsquo;s wallet for you:</em></strong></p>\n\n<h4><strong>Number 1: Choose A Neat Wallet</strong></h4>\n\n<p>The wallet is an essential accessory that you should go simple. Simplicity is the best in this case. A simple and neat wallet with the plain color and even&nbsp;<strong>minimalist style</strong>&nbsp;is versatile. It can be used for both formal and casual events. In addition, that wallet will go well with most of the clothes in your wardrobe.</p>\n\n<p>Keep in mind that a wallet will tell other people about your personality and your fashion sense as much as other clothes you put on. Hence, don&rsquo;t go cheesy on your wallet or else people will think that you have a funny and particular style.</p>\n\n<p style=\"text-align:center\"><img alt=\"f5\" src=\"/storage/news/2.jpg\" /></p>\n\n<p><br />\n&nbsp;</p>\n<hr />\n<h4><strong>Number 2: Choose The Right Size For Your Wallet</strong></h4>\n\n<p>You should avoid having an over-sized wallet. Don&rsquo;t think that you need to buy a big wallet because you have a lot to carry with you. In addition, a fat wallet is very ugly. It will make it harder for you to slide the wallet into your trousers&rsquo; pocket. In addition, it will create a bulge and ruin your look.</p>\n\n<p>Before you go on to buy a new wallet, clean out your wallet and place all of the items from your wallet on a table. Throw away things that you would never need any more such as the old bills or the expired gift cards. Remember to check your wallet on a frequent basis to get rid of all of the old stuff that you don&rsquo;t need anymore.</p>\n\n<p style=\"text-align:center\"><img alt=\"f1\" src=\"/storage/news/3.jpg\" /></p>\n\n<p><br />\n&nbsp;</p>\n\n<hr />\n<h4><strong>Number 3: Don&rsquo;t Limit Your Options Of Materials</strong></h4>\n\n<p>The types and designs of wallets are not the only things that you should consider when you go out searching for your best wallet. You have more than 1 option of material rather than leather to choose from as well.</p>\n\n<p>You can experiment with other available options such as cotton, polyester and canvas. They all have their own pros and cons. As a result, they will be suitable for different needs and requirements. You should think about them all in order to choose the material which you would like the most.</p>\n\n<p style=\"text-align:center\"><img alt=\"f6\" height=\"375\" src=\"/storage/news/4.jpg\" /></p>\n\n<p><br />\n&nbsp;</p>\n\n<hr />\n<h4><strong>Number 4: Consider A Wallet As A Long Term Investment</strong></h4>\n\n<p>Your wallet is indeed an investment that you should consider spending a decent amount of time and effort on it. Another factor that you need to consider is how much you want to spend on your wallet. The price ranges of wallets on the market vary a great deal. You can find a wallet which is as cheap as about 5 to 7 dollars. On the other hand, you should expect to pay around 250 to 300 dollars for a high-quality wallet.</p>\n\n<p>In case you need a wallet to use for a long time, it is a good idea that you should invest a decent amount of money on a wallet. A high quality wallet from a reputational brand with the premium quality such as cowhide leather will last for a long time. In addition, it is an accessory to show off your fashion sense and your social status.</p>\n\n<p style=\"text-align:center\"><img alt=\"f2\" height=\"400\" src=\"/storage/news/5.jpg\" /></p>\n\n<p>&nbsp;</p>\n','published',1,'Botble\\ACL\\Models\\User',1,'news/6.jpg',1188,NULL,'2021-09-14 22:29:08','2021-09-14 22:29:08'),(7,'Essential Qualities of Highly Successful Music','You should pay more attention when you choose your wallets. There are a lot of them on the market with the different designs and styles. When you choose carefully, you would be able to buy a wallet that is catered to your needs. Not to mention that it will help to enhance your style significantly.','<p>I have seen many people underestimating the power of their wallets. To them, they are just a functional item they use to carry. As a result, they often end up with the wallets which are not really suitable for them.</p>\n\n<p>You should pay more attention when you choose your wallets. There are a lot of them on the market with the different designs and styles. When you choose carefully, you would be able to buy a wallet that is catered to your needs. Not to mention that it will help to enhance your style significantly.</p>\n\n<p style=\"text-align:center\"><img alt=\"f4\" src=\"/storage/news/1.jpg\" /></p>\n\n<p><br />\n&nbsp;</p>\n\n<p><strong><em>For all of the reason above, here are 7 expert tips to help you pick up the right men&rsquo;s wallet for you:</em></strong></p>\n\n<h4><strong>Number 1: Choose A Neat Wallet</strong></h4>\n\n<p>The wallet is an essential accessory that you should go simple. Simplicity is the best in this case. A simple and neat wallet with the plain color and even&nbsp;<strong>minimalist style</strong>&nbsp;is versatile. It can be used for both formal and casual events. In addition, that wallet will go well with most of the clothes in your wardrobe.</p>\n\n<p>Keep in mind that a wallet will tell other people about your personality and your fashion sense as much as other clothes you put on. Hence, don&rsquo;t go cheesy on your wallet or else people will think that you have a funny and particular style.</p>\n\n<p style=\"text-align:center\"><img alt=\"f5\" src=\"/storage/news/2.jpg\" /></p>\n\n<p><br />\n&nbsp;</p>\n<hr />\n<h4><strong>Number 2: Choose The Right Size For Your Wallet</strong></h4>\n\n<p>You should avoid having an over-sized wallet. Don&rsquo;t think that you need to buy a big wallet because you have a lot to carry with you. In addition, a fat wallet is very ugly. It will make it harder for you to slide the wallet into your trousers&rsquo; pocket. In addition, it will create a bulge and ruin your look.</p>\n\n<p>Before you go on to buy a new wallet, clean out your wallet and place all of the items from your wallet on a table. Throw away things that you would never need any more such as the old bills or the expired gift cards. Remember to check your wallet on a frequent basis to get rid of all of the old stuff that you don&rsquo;t need anymore.</p>\n\n<p style=\"text-align:center\"><img alt=\"f1\" src=\"/storage/news/3.jpg\" /></p>\n\n<p><br />\n&nbsp;</p>\n\n<hr />\n<h4><strong>Number 3: Don&rsquo;t Limit Your Options Of Materials</strong></h4>\n\n<p>The types and designs of wallets are not the only things that you should consider when you go out searching for your best wallet. You have more than 1 option of material rather than leather to choose from as well.</p>\n\n<p>You can experiment with other available options such as cotton, polyester and canvas. They all have their own pros and cons. As a result, they will be suitable for different needs and requirements. You should think about them all in order to choose the material which you would like the most.</p>\n\n<p style=\"text-align:center\"><img alt=\"f6\" height=\"375\" src=\"/storage/news/4.jpg\" /></p>\n\n<p><br />\n&nbsp;</p>\n\n<hr />\n<h4><strong>Number 4: Consider A Wallet As A Long Term Investment</strong></h4>\n\n<p>Your wallet is indeed an investment that you should consider spending a decent amount of time and effort on it. Another factor that you need to consider is how much you want to spend on your wallet. The price ranges of wallets on the market vary a great deal. You can find a wallet which is as cheap as about 5 to 7 dollars. On the other hand, you should expect to pay around 250 to 300 dollars for a high-quality wallet.</p>\n\n<p>In case you need a wallet to use for a long time, it is a good idea that you should invest a decent amount of money on a wallet. A high quality wallet from a reputational brand with the premium quality such as cowhide leather will last for a long time. In addition, it is an accessory to show off your fashion sense and your social status.</p>\n\n<p style=\"text-align:center\"><img alt=\"f2\" height=\"400\" src=\"/storage/news/5.jpg\" /></p>\n\n<p>&nbsp;</p>\n','published',1,'Botble\\ACL\\Models\\User',1,'news/7.jpg',2085,NULL,'2021-09-14 22:29:08','2021-09-14 22:29:08'),(8,'9 Things I Love About Shaving My Head','You should pay more attention when you choose your wallets. There are a lot of them on the market with the different designs and styles. When you choose carefully, you would be able to buy a wallet that is catered to your needs. Not to mention that it will help to enhance your style significantly.','<p>I have seen many people underestimating the power of their wallets. To them, they are just a functional item they use to carry. As a result, they often end up with the wallets which are not really suitable for them.</p>\n\n<p>You should pay more attention when you choose your wallets. There are a lot of them on the market with the different designs and styles. When you choose carefully, you would be able to buy a wallet that is catered to your needs. Not to mention that it will help to enhance your style significantly.</p>\n\n<p style=\"text-align:center\"><img alt=\"f4\" src=\"/storage/news/1.jpg\" /></p>\n\n<p><br />\n&nbsp;</p>\n\n<p><strong><em>For all of the reason above, here are 7 expert tips to help you pick up the right men&rsquo;s wallet for you:</em></strong></p>\n\n<h4><strong>Number 1: Choose A Neat Wallet</strong></h4>\n\n<p>The wallet is an essential accessory that you should go simple. Simplicity is the best in this case. A simple and neat wallet with the plain color and even&nbsp;<strong>minimalist style</strong>&nbsp;is versatile. It can be used for both formal and casual events. In addition, that wallet will go well with most of the clothes in your wardrobe.</p>\n\n<p>Keep in mind that a wallet will tell other people about your personality and your fashion sense as much as other clothes you put on. Hence, don&rsquo;t go cheesy on your wallet or else people will think that you have a funny and particular style.</p>\n\n<p style=\"text-align:center\"><img alt=\"f5\" src=\"/storage/news/2.jpg\" /></p>\n\n<p><br />\n&nbsp;</p>\n<hr />\n<h4><strong>Number 2: Choose The Right Size For Your Wallet</strong></h4>\n\n<p>You should avoid having an over-sized wallet. Don&rsquo;t think that you need to buy a big wallet because you have a lot to carry with you. In addition, a fat wallet is very ugly. It will make it harder for you to slide the wallet into your trousers&rsquo; pocket. In addition, it will create a bulge and ruin your look.</p>\n\n<p>Before you go on to buy a new wallet, clean out your wallet and place all of the items from your wallet on a table. Throw away things that you would never need any more such as the old bills or the expired gift cards. Remember to check your wallet on a frequent basis to get rid of all of the old stuff that you don&rsquo;t need anymore.</p>\n\n<p style=\"text-align:center\"><img alt=\"f1\" src=\"/storage/news/3.jpg\" /></p>\n\n<p><br />\n&nbsp;</p>\n\n<hr />\n<h4><strong>Number 3: Don&rsquo;t Limit Your Options Of Materials</strong></h4>\n\n<p>The types and designs of wallets are not the only things that you should consider when you go out searching for your best wallet. You have more than 1 option of material rather than leather to choose from as well.</p>\n\n<p>You can experiment with other available options such as cotton, polyester and canvas. They all have their own pros and cons. As a result, they will be suitable for different needs and requirements. You should think about them all in order to choose the material which you would like the most.</p>\n\n<p style=\"text-align:center\"><img alt=\"f6\" height=\"375\" src=\"/storage/news/4.jpg\" /></p>\n\n<p><br />\n&nbsp;</p>\n\n<hr />\n<h4><strong>Number 4: Consider A Wallet As A Long Term Investment</strong></h4>\n\n<p>Your wallet is indeed an investment that you should consider spending a decent amount of time and effort on it. Another factor that you need to consider is how much you want to spend on your wallet. The price ranges of wallets on the market vary a great deal. You can find a wallet which is as cheap as about 5 to 7 dollars. On the other hand, you should expect to pay around 250 to 300 dollars for a high-quality wallet.</p>\n\n<p>In case you need a wallet to use for a long time, it is a good idea that you should invest a decent amount of money on a wallet. A high quality wallet from a reputational brand with the premium quality such as cowhide leather will last for a long time. In addition, it is an accessory to show off your fashion sense and your social status.</p>\n\n<p style=\"text-align:center\"><img alt=\"f2\" height=\"400\" src=\"/storage/news/5.jpg\" /></p>\n\n<p>&nbsp;</p>\n','published',1,'Botble\\ACL\\Models\\User',1,'news/8.jpg',595,NULL,'2021-09-14 22:29:08','2021-09-14 22:29:08'),(9,'Why Teamwork Really Makes The Dream Work','You should pay more attention when you choose your wallets. There are a lot of them on the market with the different designs and styles. When you choose carefully, you would be able to buy a wallet that is catered to your needs. Not to mention that it will help to enhance your style significantly.','<p>I have seen many people underestimating the power of their wallets. To them, they are just a functional item they use to carry. As a result, they often end up with the wallets which are not really suitable for them.</p>\n\n<p>You should pay more attention when you choose your wallets. There are a lot of them on the market with the different designs and styles. When you choose carefully, you would be able to buy a wallet that is catered to your needs. Not to mention that it will help to enhance your style significantly.</p>\n\n<p style=\"text-align:center\"><img alt=\"f4\" src=\"/storage/news/1.jpg\" /></p>\n\n<p><br />\n&nbsp;</p>\n\n<p><strong><em>For all of the reason above, here are 7 expert tips to help you pick up the right men&rsquo;s wallet for you:</em></strong></p>\n\n<h4><strong>Number 1: Choose A Neat Wallet</strong></h4>\n\n<p>The wallet is an essential accessory that you should go simple. Simplicity is the best in this case. A simple and neat wallet with the plain color and even&nbsp;<strong>minimalist style</strong>&nbsp;is versatile. It can be used for both formal and casual events. In addition, that wallet will go well with most of the clothes in your wardrobe.</p>\n\n<p>Keep in mind that a wallet will tell other people about your personality and your fashion sense as much as other clothes you put on. Hence, don&rsquo;t go cheesy on your wallet or else people will think that you have a funny and particular style.</p>\n\n<p style=\"text-align:center\"><img alt=\"f5\" src=\"/storage/news/2.jpg\" /></p>\n\n<p><br />\n&nbsp;</p>\n<hr />\n<h4><strong>Number 2: Choose The Right Size For Your Wallet</strong></h4>\n\n<p>You should avoid having an over-sized wallet. Don&rsquo;t think that you need to buy a big wallet because you have a lot to carry with you. In addition, a fat wallet is very ugly. It will make it harder for you to slide the wallet into your trousers&rsquo; pocket. In addition, it will create a bulge and ruin your look.</p>\n\n<p>Before you go on to buy a new wallet, clean out your wallet and place all of the items from your wallet on a table. Throw away things that you would never need any more such as the old bills or the expired gift cards. Remember to check your wallet on a frequent basis to get rid of all of the old stuff that you don&rsquo;t need anymore.</p>\n\n<p style=\"text-align:center\"><img alt=\"f1\" src=\"/storage/news/3.jpg\" /></p>\n\n<p><br />\n&nbsp;</p>\n\n<hr />\n<h4><strong>Number 3: Don&rsquo;t Limit Your Options Of Materials</strong></h4>\n\n<p>The types and designs of wallets are not the only things that you should consider when you go out searching for your best wallet. You have more than 1 option of material rather than leather to choose from as well.</p>\n\n<p>You can experiment with other available options such as cotton, polyester and canvas. They all have their own pros and cons. As a result, they will be suitable for different needs and requirements. You should think about them all in order to choose the material which you would like the most.</p>\n\n<p style=\"text-align:center\"><img alt=\"f6\" height=\"375\" src=\"/storage/news/4.jpg\" /></p>\n\n<p><br />\n&nbsp;</p>\n\n<hr />\n<h4><strong>Number 4: Consider A Wallet As A Long Term Investment</strong></h4>\n\n<p>Your wallet is indeed an investment that you should consider spending a decent amount of time and effort on it. Another factor that you need to consider is how much you want to spend on your wallet. The price ranges of wallets on the market vary a great deal. You can find a wallet which is as cheap as about 5 to 7 dollars. On the other hand, you should expect to pay around 250 to 300 dollars for a high-quality wallet.</p>\n\n<p>In case you need a wallet to use for a long time, it is a good idea that you should invest a decent amount of money on a wallet. A high quality wallet from a reputational brand with the premium quality such as cowhide leather will last for a long time. In addition, it is an accessory to show off your fashion sense and your social status.</p>\n\n<p style=\"text-align:center\"><img alt=\"f2\" height=\"400\" src=\"/storage/news/5.jpg\" /></p>\n\n<p>&nbsp;</p>\n','published',1,'Botble\\ACL\\Models\\User',1,'news/9.jpg',323,NULL,'2021-09-14 22:29:08','2021-09-14 22:29:08'),(10,'The World Caters to Average People','You should pay more attention when you choose your wallets. There are a lot of them on the market with the different designs and styles. When you choose carefully, you would be able to buy a wallet that is catered to your needs. Not to mention that it will help to enhance your style significantly.','<p>I have seen many people underestimating the power of their wallets. To them, they are just a functional item they use to carry. As a result, they often end up with the wallets which are not really suitable for them.</p>\n\n<p>You should pay more attention when you choose your wallets. There are a lot of them on the market with the different designs and styles. When you choose carefully, you would be able to buy a wallet that is catered to your needs. Not to mention that it will help to enhance your style significantly.</p>\n\n<p style=\"text-align:center\"><img alt=\"f4\" src=\"/storage/news/1.jpg\" /></p>\n\n<p><br />\n&nbsp;</p>\n\n<p><strong><em>For all of the reason above, here are 7 expert tips to help you pick up the right men&rsquo;s wallet for you:</em></strong></p>\n\n<h4><strong>Number 1: Choose A Neat Wallet</strong></h4>\n\n<p>The wallet is an essential accessory that you should go simple. Simplicity is the best in this case. A simple and neat wallet with the plain color and even&nbsp;<strong>minimalist style</strong>&nbsp;is versatile. It can be used for both formal and casual events. In addition, that wallet will go well with most of the clothes in your wardrobe.</p>\n\n<p>Keep in mind that a wallet will tell other people about your personality and your fashion sense as much as other clothes you put on. Hence, don&rsquo;t go cheesy on your wallet or else people will think that you have a funny and particular style.</p>\n\n<p style=\"text-align:center\"><img alt=\"f5\" src=\"/storage/news/2.jpg\" /></p>\n\n<p><br />\n&nbsp;</p>\n<hr />\n<h4><strong>Number 2: Choose The Right Size For Your Wallet</strong></h4>\n\n<p>You should avoid having an over-sized wallet. Don&rsquo;t think that you need to buy a big wallet because you have a lot to carry with you. In addition, a fat wallet is very ugly. It will make it harder for you to slide the wallet into your trousers&rsquo; pocket. In addition, it will create a bulge and ruin your look.</p>\n\n<p>Before you go on to buy a new wallet, clean out your wallet and place all of the items from your wallet on a table. Throw away things that you would never need any more such as the old bills or the expired gift cards. Remember to check your wallet on a frequent basis to get rid of all of the old stuff that you don&rsquo;t need anymore.</p>\n\n<p style=\"text-align:center\"><img alt=\"f1\" src=\"/storage/news/3.jpg\" /></p>\n\n<p><br />\n&nbsp;</p>\n\n<hr />\n<h4><strong>Number 3: Don&rsquo;t Limit Your Options Of Materials</strong></h4>\n\n<p>The types and designs of wallets are not the only things that you should consider when you go out searching for your best wallet. You have more than 1 option of material rather than leather to choose from as well.</p>\n\n<p>You can experiment with other available options such as cotton, polyester and canvas. They all have their own pros and cons. As a result, they will be suitable for different needs and requirements. You should think about them all in order to choose the material which you would like the most.</p>\n\n<p style=\"text-align:center\"><img alt=\"f6\" height=\"375\" src=\"/storage/news/4.jpg\" /></p>\n\n<p><br />\n&nbsp;</p>\n\n<hr />\n<h4><strong>Number 4: Consider A Wallet As A Long Term Investment</strong></h4>\n\n<p>Your wallet is indeed an investment that you should consider spending a decent amount of time and effort on it. Another factor that you need to consider is how much you want to spend on your wallet. The price ranges of wallets on the market vary a great deal. You can find a wallet which is as cheap as about 5 to 7 dollars. On the other hand, you should expect to pay around 250 to 300 dollars for a high-quality wallet.</p>\n\n<p>In case you need a wallet to use for a long time, it is a good idea that you should invest a decent amount of money on a wallet. A high quality wallet from a reputational brand with the premium quality such as cowhide leather will last for a long time. In addition, it is an accessory to show off your fashion sense and your social status.</p>\n\n<p style=\"text-align:center\"><img alt=\"f2\" height=\"400\" src=\"/storage/news/5.jpg\" /></p>\n\n<p>&nbsp;</p>\n','published',1,'Botble\\ACL\\Models\\User',1,'news/10.jpg',2483,NULL,'2021-09-14 22:29:08','2021-09-14 22:29:08'),(11,'The litigants on the screen are not actors','You should pay more attention when you choose your wallets. There are a lot of them on the market with the different designs and styles. When you choose carefully, you would be able to buy a wallet that is catered to your needs. Not to mention that it will help to enhance your style significantly.','<p>I have seen many people underestimating the power of their wallets. To them, they are just a functional item they use to carry. As a result, they often end up with the wallets which are not really suitable for them.</p>\n\n<p>You should pay more attention when you choose your wallets. There are a lot of them on the market with the different designs and styles. When you choose carefully, you would be able to buy a wallet that is catered to your needs. Not to mention that it will help to enhance your style significantly.</p>\n\n<p style=\"text-align:center\"><img alt=\"f4\" src=\"/storage/news/1.jpg\" /></p>\n\n<p><br />\n&nbsp;</p>\n\n<p><strong><em>For all of the reason above, here are 7 expert tips to help you pick up the right men&rsquo;s wallet for you:</em></strong></p>\n\n<h4><strong>Number 1: Choose A Neat Wallet</strong></h4>\n\n<p>The wallet is an essential accessory that you should go simple. Simplicity is the best in this case. A simple and neat wallet with the plain color and even&nbsp;<strong>minimalist style</strong>&nbsp;is versatile. It can be used for both formal and casual events. In addition, that wallet will go well with most of the clothes in your wardrobe.</p>\n\n<p>Keep in mind that a wallet will tell other people about your personality and your fashion sense as much as other clothes you put on. Hence, don&rsquo;t go cheesy on your wallet or else people will think that you have a funny and particular style.</p>\n\n<p style=\"text-align:center\"><img alt=\"f5\" src=\"/storage/news/2.jpg\" /></p>\n\n<p><br />\n&nbsp;</p>\n<hr />\n<h4><strong>Number 2: Choose The Right Size For Your Wallet</strong></h4>\n\n<p>You should avoid having an over-sized wallet. Don&rsquo;t think that you need to buy a big wallet because you have a lot to carry with you. In addition, a fat wallet is very ugly. It will make it harder for you to slide the wallet into your trousers&rsquo; pocket. In addition, it will create a bulge and ruin your look.</p>\n\n<p>Before you go on to buy a new wallet, clean out your wallet and place all of the items from your wallet on a table. Throw away things that you would never need any more such as the old bills or the expired gift cards. Remember to check your wallet on a frequent basis to get rid of all of the old stuff that you don&rsquo;t need anymore.</p>\n\n<p style=\"text-align:center\"><img alt=\"f1\" src=\"/storage/news/3.jpg\" /></p>\n\n<p><br />\n&nbsp;</p>\n\n<hr />\n<h4><strong>Number 3: Don&rsquo;t Limit Your Options Of Materials</strong></h4>\n\n<p>The types and designs of wallets are not the only things that you should consider when you go out searching for your best wallet. You have more than 1 option of material rather than leather to choose from as well.</p>\n\n<p>You can experiment with other available options such as cotton, polyester and canvas. They all have their own pros and cons. As a result, they will be suitable for different needs and requirements. You should think about them all in order to choose the material which you would like the most.</p>\n\n<p style=\"text-align:center\"><img alt=\"f6\" height=\"375\" src=\"/storage/news/4.jpg\" /></p>\n\n<p><br />\n&nbsp;</p>\n\n<hr />\n<h4><strong>Number 4: Consider A Wallet As A Long Term Investment</strong></h4>\n\n<p>Your wallet is indeed an investment that you should consider spending a decent amount of time and effort on it. Another factor that you need to consider is how much you want to spend on your wallet. The price ranges of wallets on the market vary a great deal. You can find a wallet which is as cheap as about 5 to 7 dollars. On the other hand, you should expect to pay around 250 to 300 dollars for a high-quality wallet.</p>\n\n<p>In case you need a wallet to use for a long time, it is a good idea that you should invest a decent amount of money on a wallet. A high quality wallet from a reputational brand with the premium quality such as cowhide leather will last for a long time. In addition, it is an accessory to show off your fashion sense and your social status.</p>\n\n<p style=\"text-align:center\"><img alt=\"f2\" height=\"400\" src=\"/storage/news/5.jpg\" /></p>\n\n<p>&nbsp;</p>\n','published',1,'Botble\\ACL\\Models\\User',0,'news/11.jpg',941,NULL,'2021-09-14 22:29:08','2021-09-14 22:29:08'),(12,'4 Lời khuyên của Chuyên gia về Cách Chọn Ví Nam Phù hợp','Bạn nên chú ý hơn khi chọn ví. Có rất nhiều trong số chúng trên thị trường với các mẫu mã và phong cách khác nhau. Khi bạn lựa chọn cẩn thận, bạn sẽ có thể mua một chiếc ví phù hợp với nhu cầu của bạn. Chưa kể nó sẽ giúp nâng tầm phong cách của bạn một cách đáng kể.','<p>I have seen many people underestimating the power of their wallets. To them, they are just a functional item they use to carry. As a result, they often end up with the wallets which are not really suitable for them.</p>\n\n<p>You should pay more attention when you choose your wallets. There are a lot of them on the market with the different designs and styles. When you choose carefully, you would be able to buy a wallet that is catered to your needs. Not to mention that it will help to enhance your style significantly.</p>\n\n<p style=\"text-align:center\"><img alt=\"f4\" src=\"/storage/news/1.jpg\" /></p>\n\n<p><br />\n&nbsp;</p>\n\n<p><strong><em>For all of the reason above, here are 7 expert tips to help you pick up the right men&rsquo;s wallet for you:</em></strong></p>\n\n<h4><strong>Number 1: Choose A Neat Wallet</strong></h4>\n\n<p>The wallet is an essential accessory that you should go simple. Simplicity is the best in this case. A simple and neat wallet with the plain color and even&nbsp;<strong>minimalist style</strong>&nbsp;is versatile. It can be used for both formal and casual events. In addition, that wallet will go well with most of the clothes in your wardrobe.</p>\n\n<p>Keep in mind that a wallet will tell other people about your personality and your fashion sense as much as other clothes you put on. Hence, don&rsquo;t go cheesy on your wallet or else people will think that you have a funny and particular style.</p>\n\n<p style=\"text-align:center\"><img alt=\"f5\" src=\"/storage/news/2.jpg\" /></p>\n\n<p><br />\n&nbsp;</p>\n<hr />\n<h4><strong>Number 2: Choose The Right Size For Your Wallet</strong></h4>\n\n<p>You should avoid having an over-sized wallet. Don&rsquo;t think that you need to buy a big wallet because you have a lot to carry with you. In addition, a fat wallet is very ugly. It will make it harder for you to slide the wallet into your trousers&rsquo; pocket. In addition, it will create a bulge and ruin your look.</p>\n\n<p>Before you go on to buy a new wallet, clean out your wallet and place all of the items from your wallet on a table. Throw away things that you would never need any more such as the old bills or the expired gift cards. Remember to check your wallet on a frequent basis to get rid of all of the old stuff that you don&rsquo;t need anymore.</p>\n\n<p style=\"text-align:center\"><img alt=\"f1\" src=\"/storage/news/3.jpg\" /></p>\n\n<p><br />\n&nbsp;</p>\n\n<hr />\n<h4><strong>Number 3: Don&rsquo;t Limit Your Options Of Materials</strong></h4>\n\n<p>The types and designs of wallets are not the only things that you should consider when you go out searching for your best wallet. You have more than 1 option of material rather than leather to choose from as well.</p>\n\n<p>You can experiment with other available options such as cotton, polyester and canvas. They all have their own pros and cons. As a result, they will be suitable for different needs and requirements. You should think about them all in order to choose the material which you would like the most.</p>\n\n<p style=\"text-align:center\"><img alt=\"f6\" height=\"375\" src=\"/storage/news/4.jpg\" /></p>\n\n<p><br />\n&nbsp;</p>\n\n<hr />\n<h4><strong>Number 4: Consider A Wallet As A Long Term Investment</strong></h4>\n\n<p>Your wallet is indeed an investment that you should consider spending a decent amount of time and effort on it. Another factor that you need to consider is how much you want to spend on your wallet. The price ranges of wallets on the market vary a great deal. You can find a wallet which is as cheap as about 5 to 7 dollars. On the other hand, you should expect to pay around 250 to 300 dollars for a high-quality wallet.</p>\n\n<p>In case you need a wallet to use for a long time, it is a good idea that you should invest a decent amount of money on a wallet. A high quality wallet from a reputational brand with the premium quality such as cowhide leather will last for a long time. In addition, it is an accessory to show off your fashion sense and your social status.</p>\n\n<p style=\"text-align:center\"><img alt=\"f2\" height=\"400\" src=\"/storage/news/5.jpg\" /></p>\n\n<p>&nbsp;</p>\n','published',1,'Botble\\ACL\\Models\\User',1,'news/1.jpg',1923,NULL,'2021-09-14 22:29:08','2021-09-14 22:29:08'),(13,'Sexy Clutches: Cách Mua & Đeo Túi Clutch Thiết kế','Bạn nên chú ý hơn khi chọn ví. Có rất nhiều trong số chúng trên thị trường với các mẫu mã và phong cách khác nhau. Khi bạn lựa chọn cẩn thận, bạn sẽ có thể mua một chiếc ví phù hợp với nhu cầu của bạn. Chưa kể nó sẽ giúp nâng tầm phong cách của bạn một cách đáng kể.','<p>I have seen many people underestimating the power of their wallets. To them, they are just a functional item they use to carry. As a result, they often end up with the wallets which are not really suitable for them.</p>\n\n<p>You should pay more attention when you choose your wallets. There are a lot of them on the market with the different designs and styles. When you choose carefully, you would be able to buy a wallet that is catered to your needs. Not to mention that it will help to enhance your style significantly.</p>\n\n<p style=\"text-align:center\"><img alt=\"f4\" src=\"/storage/news/1.jpg\" /></p>\n\n<p><br />\n&nbsp;</p>\n\n<p><strong><em>For all of the reason above, here are 7 expert tips to help you pick up the right men&rsquo;s wallet for you:</em></strong></p>\n\n<h4><strong>Number 1: Choose A Neat Wallet</strong></h4>\n\n<p>The wallet is an essential accessory that you should go simple. Simplicity is the best in this case. A simple and neat wallet with the plain color and even&nbsp;<strong>minimalist style</strong>&nbsp;is versatile. It can be used for both formal and casual events. In addition, that wallet will go well with most of the clothes in your wardrobe.</p>\n\n<p>Keep in mind that a wallet will tell other people about your personality and your fashion sense as much as other clothes you put on. Hence, don&rsquo;t go cheesy on your wallet or else people will think that you have a funny and particular style.</p>\n\n<p style=\"text-align:center\"><img alt=\"f5\" src=\"/storage/news/2.jpg\" /></p>\n\n<p><br />\n&nbsp;</p>\n<hr />\n<h4><strong>Number 2: Choose The Right Size For Your Wallet</strong></h4>\n\n<p>You should avoid having an over-sized wallet. Don&rsquo;t think that you need to buy a big wallet because you have a lot to carry with you. In addition, a fat wallet is very ugly. It will make it harder for you to slide the wallet into your trousers&rsquo; pocket. In addition, it will create a bulge and ruin your look.</p>\n\n<p>Before you go on to buy a new wallet, clean out your wallet and place all of the items from your wallet on a table. Throw away things that you would never need any more such as the old bills or the expired gift cards. Remember to check your wallet on a frequent basis to get rid of all of the old stuff that you don&rsquo;t need anymore.</p>\n\n<p style=\"text-align:center\"><img alt=\"f1\" src=\"/storage/news/3.jpg\" /></p>\n\n<p><br />\n&nbsp;</p>\n\n<hr />\n<h4><strong>Number 3: Don&rsquo;t Limit Your Options Of Materials</strong></h4>\n\n<p>The types and designs of wallets are not the only things that you should consider when you go out searching for your best wallet. You have more than 1 option of material rather than leather to choose from as well.</p>\n\n<p>You can experiment with other available options such as cotton, polyester and canvas. They all have their own pros and cons. As a result, they will be suitable for different needs and requirements. You should think about them all in order to choose the material which you would like the most.</p>\n\n<p style=\"text-align:center\"><img alt=\"f6\" height=\"375\" src=\"/storage/news/4.jpg\" /></p>\n\n<p><br />\n&nbsp;</p>\n\n<hr />\n<h4><strong>Number 4: Consider A Wallet As A Long Term Investment</strong></h4>\n\n<p>Your wallet is indeed an investment that you should consider spending a decent amount of time and effort on it. Another factor that you need to consider is how much you want to spend on your wallet. The price ranges of wallets on the market vary a great deal. You can find a wallet which is as cheap as about 5 to 7 dollars. On the other hand, you should expect to pay around 250 to 300 dollars for a high-quality wallet.</p>\n\n<p>In case you need a wallet to use for a long time, it is a good idea that you should invest a decent amount of money on a wallet. A high quality wallet from a reputational brand with the premium quality such as cowhide leather will last for a long time. In addition, it is an accessory to show off your fashion sense and your social status.</p>\n\n<p style=\"text-align:center\"><img alt=\"f2\" height=\"400\" src=\"/storage/news/5.jpg\" /></p>\n\n<p>&nbsp;</p>\n','published',1,'Botble\\ACL\\Models\\User',1,'news/2.jpg',1823,NULL,'2021-09-14 22:29:08','2021-09-14 22:29:08'),(14,'Xu hướng túi xách hàng đầu năm 2020 cần biết','Bạn nên chú ý hơn khi chọn ví. Có rất nhiều trong số chúng trên thị trường với các mẫu mã và phong cách khác nhau. Khi bạn lựa chọn cẩn thận, bạn sẽ có thể mua một chiếc ví phù hợp với nhu cầu của bạn. Chưa kể nó sẽ giúp nâng tầm phong cách của bạn một cách đáng kể.','<p>I have seen many people underestimating the power of their wallets. To them, they are just a functional item they use to carry. As a result, they often end up with the wallets which are not really suitable for them.</p>\n\n<p>You should pay more attention when you choose your wallets. There are a lot of them on the market with the different designs and styles. When you choose carefully, you would be able to buy a wallet that is catered to your needs. Not to mention that it will help to enhance your style significantly.</p>\n\n<p style=\"text-align:center\"><img alt=\"f4\" src=\"/storage/news/1.jpg\" /></p>\n\n<p><br />\n&nbsp;</p>\n\n<p><strong><em>For all of the reason above, here are 7 expert tips to help you pick up the right men&rsquo;s wallet for you:</em></strong></p>\n\n<h4><strong>Number 1: Choose A Neat Wallet</strong></h4>\n\n<p>The wallet is an essential accessory that you should go simple. Simplicity is the best in this case. A simple and neat wallet with the plain color and even&nbsp;<strong>minimalist style</strong>&nbsp;is versatile. It can be used for both formal and casual events. In addition, that wallet will go well with most of the clothes in your wardrobe.</p>\n\n<p>Keep in mind that a wallet will tell other people about your personality and your fashion sense as much as other clothes you put on. Hence, don&rsquo;t go cheesy on your wallet or else people will think that you have a funny and particular style.</p>\n\n<p style=\"text-align:center\"><img alt=\"f5\" src=\"/storage/news/2.jpg\" /></p>\n\n<p><br />\n&nbsp;</p>\n<hr />\n<h4><strong>Number 2: Choose The Right Size For Your Wallet</strong></h4>\n\n<p>You should avoid having an over-sized wallet. Don&rsquo;t think that you need to buy a big wallet because you have a lot to carry with you. In addition, a fat wallet is very ugly. It will make it harder for you to slide the wallet into your trousers&rsquo; pocket. In addition, it will create a bulge and ruin your look.</p>\n\n<p>Before you go on to buy a new wallet, clean out your wallet and place all of the items from your wallet on a table. Throw away things that you would never need any more such as the old bills or the expired gift cards. Remember to check your wallet on a frequent basis to get rid of all of the old stuff that you don&rsquo;t need anymore.</p>\n\n<p style=\"text-align:center\"><img alt=\"f1\" src=\"/storage/news/3.jpg\" /></p>\n\n<p><br />\n&nbsp;</p>\n\n<hr />\n<h4><strong>Number 3: Don&rsquo;t Limit Your Options Of Materials</strong></h4>\n\n<p>The types and designs of wallets are not the only things that you should consider when you go out searching for your best wallet. You have more than 1 option of material rather than leather to choose from as well.</p>\n\n<p>You can experiment with other available options such as cotton, polyester and canvas. They all have their own pros and cons. As a result, they will be suitable for different needs and requirements. You should think about them all in order to choose the material which you would like the most.</p>\n\n<p style=\"text-align:center\"><img alt=\"f6\" height=\"375\" src=\"/storage/news/4.jpg\" /></p>\n\n<p><br />\n&nbsp;</p>\n\n<hr />\n<h4><strong>Number 4: Consider A Wallet As A Long Term Investment</strong></h4>\n\n<p>Your wallet is indeed an investment that you should consider spending a decent amount of time and effort on it. Another factor that you need to consider is how much you want to spend on your wallet. The price ranges of wallets on the market vary a great deal. You can find a wallet which is as cheap as about 5 to 7 dollars. On the other hand, you should expect to pay around 250 to 300 dollars for a high-quality wallet.</p>\n\n<p>In case you need a wallet to use for a long time, it is a good idea that you should invest a decent amount of money on a wallet. A high quality wallet from a reputational brand with the premium quality such as cowhide leather will last for a long time. In addition, it is an accessory to show off your fashion sense and your social status.</p>\n\n<p style=\"text-align:center\"><img alt=\"f2\" height=\"400\" src=\"/storage/news/5.jpg\" /></p>\n\n<p>&nbsp;</p>\n','published',1,'Botble\\ACL\\Models\\User',1,'news/3.jpg',1101,NULL,'2021-09-14 22:29:08','2021-09-14 22:29:08'),(15,'Cách Phối Màu Túi Xách Của Bạn Với Trang Phục','Bạn nên chú ý hơn khi chọn ví. Có rất nhiều trong số chúng trên thị trường với các mẫu mã và phong cách khác nhau. Khi bạn lựa chọn cẩn thận, bạn sẽ có thể mua một chiếc ví phù hợp với nhu cầu của bạn. Chưa kể nó sẽ giúp nâng tầm phong cách của bạn một cách đáng kể.','<p>I have seen many people underestimating the power of their wallets. To them, they are just a functional item they use to carry. As a result, they often end up with the wallets which are not really suitable for them.</p>\n\n<p>You should pay more attention when you choose your wallets. There are a lot of them on the market with the different designs and styles. When you choose carefully, you would be able to buy a wallet that is catered to your needs. Not to mention that it will help to enhance your style significantly.</p>\n\n<p style=\"text-align:center\"><img alt=\"f4\" src=\"/storage/news/1.jpg\" /></p>\n\n<p><br />\n&nbsp;</p>\n\n<p><strong><em>For all of the reason above, here are 7 expert tips to help you pick up the right men&rsquo;s wallet for you:</em></strong></p>\n\n<h4><strong>Number 1: Choose A Neat Wallet</strong></h4>\n\n<p>The wallet is an essential accessory that you should go simple. Simplicity is the best in this case. A simple and neat wallet with the plain color and even&nbsp;<strong>minimalist style</strong>&nbsp;is versatile. It can be used for both formal and casual events. In addition, that wallet will go well with most of the clothes in your wardrobe.</p>\n\n<p>Keep in mind that a wallet will tell other people about your personality and your fashion sense as much as other clothes you put on. Hence, don&rsquo;t go cheesy on your wallet or else people will think that you have a funny and particular style.</p>\n\n<p style=\"text-align:center\"><img alt=\"f5\" src=\"/storage/news/2.jpg\" /></p>\n\n<p><br />\n&nbsp;</p>\n<hr />\n<h4><strong>Number 2: Choose The Right Size For Your Wallet</strong></h4>\n\n<p>You should avoid having an over-sized wallet. Don&rsquo;t think that you need to buy a big wallet because you have a lot to carry with you. In addition, a fat wallet is very ugly. It will make it harder for you to slide the wallet into your trousers&rsquo; pocket. In addition, it will create a bulge and ruin your look.</p>\n\n<p>Before you go on to buy a new wallet, clean out your wallet and place all of the items from your wallet on a table. Throw away things that you would never need any more such as the old bills or the expired gift cards. Remember to check your wallet on a frequent basis to get rid of all of the old stuff that you don&rsquo;t need anymore.</p>\n\n<p style=\"text-align:center\"><img alt=\"f1\" src=\"/storage/news/3.jpg\" /></p>\n\n<p><br />\n&nbsp;</p>\n\n<hr />\n<h4><strong>Number 3: Don&rsquo;t Limit Your Options Of Materials</strong></h4>\n\n<p>The types and designs of wallets are not the only things that you should consider when you go out searching for your best wallet. You have more than 1 option of material rather than leather to choose from as well.</p>\n\n<p>You can experiment with other available options such as cotton, polyester and canvas. They all have their own pros and cons. As a result, they will be suitable for different needs and requirements. You should think about them all in order to choose the material which you would like the most.</p>\n\n<p style=\"text-align:center\"><img alt=\"f6\" height=\"375\" src=\"/storage/news/4.jpg\" /></p>\n\n<p><br />\n&nbsp;</p>\n\n<hr />\n<h4><strong>Number 4: Consider A Wallet As A Long Term Investment</strong></h4>\n\n<p>Your wallet is indeed an investment that you should consider spending a decent amount of time and effort on it. Another factor that you need to consider is how much you want to spend on your wallet. The price ranges of wallets on the market vary a great deal. You can find a wallet which is as cheap as about 5 to 7 dollars. On the other hand, you should expect to pay around 250 to 300 dollars for a high-quality wallet.</p>\n\n<p>In case you need a wallet to use for a long time, it is a good idea that you should invest a decent amount of money on a wallet. A high quality wallet from a reputational brand with the premium quality such as cowhide leather will last for a long time. In addition, it is an accessory to show off your fashion sense and your social status.</p>\n\n<p style=\"text-align:center\"><img alt=\"f2\" height=\"400\" src=\"/storage/news/5.jpg\" /></p>\n\n<p>&nbsp;</p>\n','published',1,'Botble\\ACL\\Models\\User',1,'news/4.jpg',1421,NULL,'2021-09-14 22:29:08','2021-09-14 22:29:08'),(16,'Cách Chăm sóc Túi Da','Bạn nên chú ý hơn khi chọn ví. Có rất nhiều trong số chúng trên thị trường với các mẫu mã và phong cách khác nhau. Khi bạn lựa chọn cẩn thận, bạn sẽ có thể mua một chiếc ví phù hợp với nhu cầu của bạn. Chưa kể nó sẽ giúp nâng tầm phong cách của bạn một cách đáng kể.','<p>I have seen many people underestimating the power of their wallets. To them, they are just a functional item they use to carry. As a result, they often end up with the wallets which are not really suitable for them.</p>\n\n<p>You should pay more attention when you choose your wallets. There are a lot of them on the market with the different designs and styles. When you choose carefully, you would be able to buy a wallet that is catered to your needs. Not to mention that it will help to enhance your style significantly.</p>\n\n<p style=\"text-align:center\"><img alt=\"f4\" src=\"/storage/news/1.jpg\" /></p>\n\n<p><br />\n&nbsp;</p>\n\n<p><strong><em>For all of the reason above, here are 7 expert tips to help you pick up the right men&rsquo;s wallet for you:</em></strong></p>\n\n<h4><strong>Number 1: Choose A Neat Wallet</strong></h4>\n\n<p>The wallet is an essential accessory that you should go simple. Simplicity is the best in this case. A simple and neat wallet with the plain color and even&nbsp;<strong>minimalist style</strong>&nbsp;is versatile. It can be used for both formal and casual events. In addition, that wallet will go well with most of the clothes in your wardrobe.</p>\n\n<p>Keep in mind that a wallet will tell other people about your personality and your fashion sense as much as other clothes you put on. Hence, don&rsquo;t go cheesy on your wallet or else people will think that you have a funny and particular style.</p>\n\n<p style=\"text-align:center\"><img alt=\"f5\" src=\"/storage/news/2.jpg\" /></p>\n\n<p><br />\n&nbsp;</p>\n<hr />\n<h4><strong>Number 2: Choose The Right Size For Your Wallet</strong></h4>\n\n<p>You should avoid having an over-sized wallet. Don&rsquo;t think that you need to buy a big wallet because you have a lot to carry with you. In addition, a fat wallet is very ugly. It will make it harder for you to slide the wallet into your trousers&rsquo; pocket. In addition, it will create a bulge and ruin your look.</p>\n\n<p>Before you go on to buy a new wallet, clean out your wallet and place all of the items from your wallet on a table. Throw away things that you would never need any more such as the old bills or the expired gift cards. Remember to check your wallet on a frequent basis to get rid of all of the old stuff that you don&rsquo;t need anymore.</p>\n\n<p style=\"text-align:center\"><img alt=\"f1\" src=\"/storage/news/3.jpg\" /></p>\n\n<p><br />\n&nbsp;</p>\n\n<hr />\n<h4><strong>Number 3: Don&rsquo;t Limit Your Options Of Materials</strong></h4>\n\n<p>The types and designs of wallets are not the only things that you should consider when you go out searching for your best wallet. You have more than 1 option of material rather than leather to choose from as well.</p>\n\n<p>You can experiment with other available options such as cotton, polyester and canvas. They all have their own pros and cons. As a result, they will be suitable for different needs and requirements. You should think about them all in order to choose the material which you would like the most.</p>\n\n<p style=\"text-align:center\"><img alt=\"f6\" height=\"375\" src=\"/storage/news/4.jpg\" /></p>\n\n<p><br />\n&nbsp;</p>\n\n<hr />\n<h4><strong>Number 4: Consider A Wallet As A Long Term Investment</strong></h4>\n\n<p>Your wallet is indeed an investment that you should consider spending a decent amount of time and effort on it. Another factor that you need to consider is how much you want to spend on your wallet. The price ranges of wallets on the market vary a great deal. You can find a wallet which is as cheap as about 5 to 7 dollars. On the other hand, you should expect to pay around 250 to 300 dollars for a high-quality wallet.</p>\n\n<p>In case you need a wallet to use for a long time, it is a good idea that you should invest a decent amount of money on a wallet. A high quality wallet from a reputational brand with the premium quality such as cowhide leather will last for a long time. In addition, it is an accessory to show off your fashion sense and your social status.</p>\n\n<p style=\"text-align:center\"><img alt=\"f2\" height=\"400\" src=\"/storage/news/5.jpg\" /></p>\n\n<p>&nbsp;</p>\n','published',1,'Botble\\ACL\\Models\\User',1,'news/5.jpg',1174,NULL,'2021-09-14 22:29:08','2021-09-14 22:29:08'),(17,'Chúng tôi đang nghiền ngẫm 10 xu hướng túi lớn nhất của mùa hè','Bạn nên chú ý hơn khi chọn ví. Có rất nhiều trong số chúng trên thị trường với các mẫu mã và phong cách khác nhau. Khi bạn lựa chọn cẩn thận, bạn sẽ có thể mua một chiếc ví phù hợp với nhu cầu của bạn. Chưa kể nó sẽ giúp nâng tầm phong cách của bạn một cách đáng kể.','<p>I have seen many people underestimating the power of their wallets. To them, they are just a functional item they use to carry. As a result, they often end up with the wallets which are not really suitable for them.</p>\n\n<p>You should pay more attention when you choose your wallets. There are a lot of them on the market with the different designs and styles. When you choose carefully, you would be able to buy a wallet that is catered to your needs. Not to mention that it will help to enhance your style significantly.</p>\n\n<p style=\"text-align:center\"><img alt=\"f4\" src=\"/storage/news/1.jpg\" /></p>\n\n<p><br />\n&nbsp;</p>\n\n<p><strong><em>For all of the reason above, here are 7 expert tips to help you pick up the right men&rsquo;s wallet for you:</em></strong></p>\n\n<h4><strong>Number 1: Choose A Neat Wallet</strong></h4>\n\n<p>The wallet is an essential accessory that you should go simple. Simplicity is the best in this case. A simple and neat wallet with the plain color and even&nbsp;<strong>minimalist style</strong>&nbsp;is versatile. It can be used for both formal and casual events. In addition, that wallet will go well with most of the clothes in your wardrobe.</p>\n\n<p>Keep in mind that a wallet will tell other people about your personality and your fashion sense as much as other clothes you put on. Hence, don&rsquo;t go cheesy on your wallet or else people will think that you have a funny and particular style.</p>\n\n<p style=\"text-align:center\"><img alt=\"f5\" src=\"/storage/news/2.jpg\" /></p>\n\n<p><br />\n&nbsp;</p>\n<hr />\n<h4><strong>Number 2: Choose The Right Size For Your Wallet</strong></h4>\n\n<p>You should avoid having an over-sized wallet. Don&rsquo;t think that you need to buy a big wallet because you have a lot to carry with you. In addition, a fat wallet is very ugly. It will make it harder for you to slide the wallet into your trousers&rsquo; pocket. In addition, it will create a bulge and ruin your look.</p>\n\n<p>Before you go on to buy a new wallet, clean out your wallet and place all of the items from your wallet on a table. Throw away things that you would never need any more such as the old bills or the expired gift cards. Remember to check your wallet on a frequent basis to get rid of all of the old stuff that you don&rsquo;t need anymore.</p>\n\n<p style=\"text-align:center\"><img alt=\"f1\" src=\"/storage/news/3.jpg\" /></p>\n\n<p><br />\n&nbsp;</p>\n\n<hr />\n<h4><strong>Number 3: Don&rsquo;t Limit Your Options Of Materials</strong></h4>\n\n<p>The types and designs of wallets are not the only things that you should consider when you go out searching for your best wallet. You have more than 1 option of material rather than leather to choose from as well.</p>\n\n<p>You can experiment with other available options such as cotton, polyester and canvas. They all have their own pros and cons. As a result, they will be suitable for different needs and requirements. You should think about them all in order to choose the material which you would like the most.</p>\n\n<p style=\"text-align:center\"><img alt=\"f6\" height=\"375\" src=\"/storage/news/4.jpg\" /></p>\n\n<p><br />\n&nbsp;</p>\n\n<hr />\n<h4><strong>Number 4: Consider A Wallet As A Long Term Investment</strong></h4>\n\n<p>Your wallet is indeed an investment that you should consider spending a decent amount of time and effort on it. Another factor that you need to consider is how much you want to spend on your wallet. The price ranges of wallets on the market vary a great deal. You can find a wallet which is as cheap as about 5 to 7 dollars. On the other hand, you should expect to pay around 250 to 300 dollars for a high-quality wallet.</p>\n\n<p>In case you need a wallet to use for a long time, it is a good idea that you should invest a decent amount of money on a wallet. A high quality wallet from a reputational brand with the premium quality such as cowhide leather will last for a long time. In addition, it is an accessory to show off your fashion sense and your social status.</p>\n\n<p style=\"text-align:center\"><img alt=\"f2\" height=\"400\" src=\"/storage/news/5.jpg\" /></p>\n\n<p>&nbsp;</p>\n','published',1,'Botble\\ACL\\Models\\User',1,'news/6.jpg',1937,NULL,'2021-09-14 22:29:08','2021-09-14 22:29:08'),(18,'Những phẩm chất cần thiết của âm nhạc thành công cao','Bạn nên chú ý hơn khi chọn ví. Có rất nhiều trong số chúng trên thị trường với các mẫu mã và phong cách khác nhau. Khi bạn lựa chọn cẩn thận, bạn sẽ có thể mua một chiếc ví phù hợp với nhu cầu của bạn. Chưa kể nó sẽ giúp nâng tầm phong cách của bạn một cách đáng kể.','<p>I have seen many people underestimating the power of their wallets. To them, they are just a functional item they use to carry. As a result, they often end up with the wallets which are not really suitable for them.</p>\n\n<p>You should pay more attention when you choose your wallets. There are a lot of them on the market with the different designs and styles. When you choose carefully, you would be able to buy a wallet that is catered to your needs. Not to mention that it will help to enhance your style significantly.</p>\n\n<p style=\"text-align:center\"><img alt=\"f4\" src=\"/storage/news/1.jpg\" /></p>\n\n<p><br />\n&nbsp;</p>\n\n<p><strong><em>For all of the reason above, here are 7 expert tips to help you pick up the right men&rsquo;s wallet for you:</em></strong></p>\n\n<h4><strong>Number 1: Choose A Neat Wallet</strong></h4>\n\n<p>The wallet is an essential accessory that you should go simple. Simplicity is the best in this case. A simple and neat wallet with the plain color and even&nbsp;<strong>minimalist style</strong>&nbsp;is versatile. It can be used for both formal and casual events. In addition, that wallet will go well with most of the clothes in your wardrobe.</p>\n\n<p>Keep in mind that a wallet will tell other people about your personality and your fashion sense as much as other clothes you put on. Hence, don&rsquo;t go cheesy on your wallet or else people will think that you have a funny and particular style.</p>\n\n<p style=\"text-align:center\"><img alt=\"f5\" src=\"/storage/news/2.jpg\" /></p>\n\n<p><br />\n&nbsp;</p>\n<hr />\n<h4><strong>Number 2: Choose The Right Size For Your Wallet</strong></h4>\n\n<p>You should avoid having an over-sized wallet. Don&rsquo;t think that you need to buy a big wallet because you have a lot to carry with you. In addition, a fat wallet is very ugly. It will make it harder for you to slide the wallet into your trousers&rsquo; pocket. In addition, it will create a bulge and ruin your look.</p>\n\n<p>Before you go on to buy a new wallet, clean out your wallet and place all of the items from your wallet on a table. Throw away things that you would never need any more such as the old bills or the expired gift cards. Remember to check your wallet on a frequent basis to get rid of all of the old stuff that you don&rsquo;t need anymore.</p>\n\n<p style=\"text-align:center\"><img alt=\"f1\" src=\"/storage/news/3.jpg\" /></p>\n\n<p><br />\n&nbsp;</p>\n\n<hr />\n<h4><strong>Number 3: Don&rsquo;t Limit Your Options Of Materials</strong></h4>\n\n<p>The types and designs of wallets are not the only things that you should consider when you go out searching for your best wallet. You have more than 1 option of material rather than leather to choose from as well.</p>\n\n<p>You can experiment with other available options such as cotton, polyester and canvas. They all have their own pros and cons. As a result, they will be suitable for different needs and requirements. You should think about them all in order to choose the material which you would like the most.</p>\n\n<p style=\"text-align:center\"><img alt=\"f6\" height=\"375\" src=\"/storage/news/4.jpg\" /></p>\n\n<p><br />\n&nbsp;</p>\n\n<hr />\n<h4><strong>Number 4: Consider A Wallet As A Long Term Investment</strong></h4>\n\n<p>Your wallet is indeed an investment that you should consider spending a decent amount of time and effort on it. Another factor that you need to consider is how much you want to spend on your wallet. The price ranges of wallets on the market vary a great deal. You can find a wallet which is as cheap as about 5 to 7 dollars. On the other hand, you should expect to pay around 250 to 300 dollars for a high-quality wallet.</p>\n\n<p>In case you need a wallet to use for a long time, it is a good idea that you should invest a decent amount of money on a wallet. A high quality wallet from a reputational brand with the premium quality such as cowhide leather will last for a long time. In addition, it is an accessory to show off your fashion sense and your social status.</p>\n\n<p style=\"text-align:center\"><img alt=\"f2\" height=\"400\" src=\"/storage/news/5.jpg\" /></p>\n\n<p>&nbsp;</p>\n','published',1,'Botble\\ACL\\Models\\User',1,'news/7.jpg',1348,NULL,'2021-09-14 22:29:08','2021-09-14 22:29:08'),(19,'9 điều tôi thích khi cạo đầu','Bạn nên chú ý hơn khi chọn ví. Có rất nhiều trong số chúng trên thị trường với các mẫu mã và phong cách khác nhau. Khi bạn lựa chọn cẩn thận, bạn sẽ có thể mua một chiếc ví phù hợp với nhu cầu của bạn. Chưa kể nó sẽ giúp nâng tầm phong cách của bạn một cách đáng kể.','<p>I have seen many people underestimating the power of their wallets. To them, they are just a functional item they use to carry. As a result, they often end up with the wallets which are not really suitable for them.</p>\n\n<p>You should pay more attention when you choose your wallets. There are a lot of them on the market with the different designs and styles. When you choose carefully, you would be able to buy a wallet that is catered to your needs. Not to mention that it will help to enhance your style significantly.</p>\n\n<p style=\"text-align:center\"><img alt=\"f4\" src=\"/storage/news/1.jpg\" /></p>\n\n<p><br />\n&nbsp;</p>\n\n<p><strong><em>For all of the reason above, here are 7 expert tips to help you pick up the right men&rsquo;s wallet for you:</em></strong></p>\n\n<h4><strong>Number 1: Choose A Neat Wallet</strong></h4>\n\n<p>The wallet is an essential accessory that you should go simple. Simplicity is the best in this case. A simple and neat wallet with the plain color and even&nbsp;<strong>minimalist style</strong>&nbsp;is versatile. It can be used for both formal and casual events. In addition, that wallet will go well with most of the clothes in your wardrobe.</p>\n\n<p>Keep in mind that a wallet will tell other people about your personality and your fashion sense as much as other clothes you put on. Hence, don&rsquo;t go cheesy on your wallet or else people will think that you have a funny and particular style.</p>\n\n<p style=\"text-align:center\"><img alt=\"f5\" src=\"/storage/news/2.jpg\" /></p>\n\n<p><br />\n&nbsp;</p>\n<hr />\n<h4><strong>Number 2: Choose The Right Size For Your Wallet</strong></h4>\n\n<p>You should avoid having an over-sized wallet. Don&rsquo;t think that you need to buy a big wallet because you have a lot to carry with you. In addition, a fat wallet is very ugly. It will make it harder for you to slide the wallet into your trousers&rsquo; pocket. In addition, it will create a bulge and ruin your look.</p>\n\n<p>Before you go on to buy a new wallet, clean out your wallet and place all of the items from your wallet on a table. Throw away things that you would never need any more such as the old bills or the expired gift cards. Remember to check your wallet on a frequent basis to get rid of all of the old stuff that you don&rsquo;t need anymore.</p>\n\n<p style=\"text-align:center\"><img alt=\"f1\" src=\"/storage/news/3.jpg\" /></p>\n\n<p><br />\n&nbsp;</p>\n\n<hr />\n<h4><strong>Number 3: Don&rsquo;t Limit Your Options Of Materials</strong></h4>\n\n<p>The types and designs of wallets are not the only things that you should consider when you go out searching for your best wallet. You have more than 1 option of material rather than leather to choose from as well.</p>\n\n<p>You can experiment with other available options such as cotton, polyester and canvas. They all have their own pros and cons. As a result, they will be suitable for different needs and requirements. You should think about them all in order to choose the material which you would like the most.</p>\n\n<p style=\"text-align:center\"><img alt=\"f6\" height=\"375\" src=\"/storage/news/4.jpg\" /></p>\n\n<p><br />\n&nbsp;</p>\n\n<hr />\n<h4><strong>Number 4: Consider A Wallet As A Long Term Investment</strong></h4>\n\n<p>Your wallet is indeed an investment that you should consider spending a decent amount of time and effort on it. Another factor that you need to consider is how much you want to spend on your wallet. The price ranges of wallets on the market vary a great deal. You can find a wallet which is as cheap as about 5 to 7 dollars. On the other hand, you should expect to pay around 250 to 300 dollars for a high-quality wallet.</p>\n\n<p>In case you need a wallet to use for a long time, it is a good idea that you should invest a decent amount of money on a wallet. A high quality wallet from a reputational brand with the premium quality such as cowhide leather will last for a long time. In addition, it is an accessory to show off your fashion sense and your social status.</p>\n\n<p style=\"text-align:center\"><img alt=\"f2\" height=\"400\" src=\"/storage/news/5.jpg\" /></p>\n\n<p>&nbsp;</p>\n','published',1,'Botble\\ACL\\Models\\User',1,'news/8.jpg',2451,NULL,'2021-09-14 22:29:08','2021-09-14 22:29:08'),(20,'Tại sao làm việc theo nhóm thực sự biến giấc mơ thành công','Bạn nên chú ý hơn khi chọn ví. Có rất nhiều trong số chúng trên thị trường với các mẫu mã và phong cách khác nhau. Khi bạn lựa chọn cẩn thận, bạn sẽ có thể mua một chiếc ví phù hợp với nhu cầu của bạn. Chưa kể nó sẽ giúp nâng tầm phong cách của bạn một cách đáng kể.','<p>I have seen many people underestimating the power of their wallets. To them, they are just a functional item they use to carry. As a result, they often end up with the wallets which are not really suitable for them.</p>\n\n<p>You should pay more attention when you choose your wallets. There are a lot of them on the market with the different designs and styles. When you choose carefully, you would be able to buy a wallet that is catered to your needs. Not to mention that it will help to enhance your style significantly.</p>\n\n<p style=\"text-align:center\"><img alt=\"f4\" src=\"/storage/news/1.jpg\" /></p>\n\n<p><br />\n&nbsp;</p>\n\n<p><strong><em>For all of the reason above, here are 7 expert tips to help you pick up the right men&rsquo;s wallet for you:</em></strong></p>\n\n<h4><strong>Number 1: Choose A Neat Wallet</strong></h4>\n\n<p>The wallet is an essential accessory that you should go simple. Simplicity is the best in this case. A simple and neat wallet with the plain color and even&nbsp;<strong>minimalist style</strong>&nbsp;is versatile. It can be used for both formal and casual events. In addition, that wallet will go well with most of the clothes in your wardrobe.</p>\n\n<p>Keep in mind that a wallet will tell other people about your personality and your fashion sense as much as other clothes you put on. Hence, don&rsquo;t go cheesy on your wallet or else people will think that you have a funny and particular style.</p>\n\n<p style=\"text-align:center\"><img alt=\"f5\" src=\"/storage/news/2.jpg\" /></p>\n\n<p><br />\n&nbsp;</p>\n<hr />\n<h4><strong>Number 2: Choose The Right Size For Your Wallet</strong></h4>\n\n<p>You should avoid having an over-sized wallet. Don&rsquo;t think that you need to buy a big wallet because you have a lot to carry with you. In addition, a fat wallet is very ugly. It will make it harder for you to slide the wallet into your trousers&rsquo; pocket. In addition, it will create a bulge and ruin your look.</p>\n\n<p>Before you go on to buy a new wallet, clean out your wallet and place all of the items from your wallet on a table. Throw away things that you would never need any more such as the old bills or the expired gift cards. Remember to check your wallet on a frequent basis to get rid of all of the old stuff that you don&rsquo;t need anymore.</p>\n\n<p style=\"text-align:center\"><img alt=\"f1\" src=\"/storage/news/3.jpg\" /></p>\n\n<p><br />\n&nbsp;</p>\n\n<hr />\n<h4><strong>Number 3: Don&rsquo;t Limit Your Options Of Materials</strong></h4>\n\n<p>The types and designs of wallets are not the only things that you should consider when you go out searching for your best wallet. You have more than 1 option of material rather than leather to choose from as well.</p>\n\n<p>You can experiment with other available options such as cotton, polyester and canvas. They all have their own pros and cons. As a result, they will be suitable for different needs and requirements. You should think about them all in order to choose the material which you would like the most.</p>\n\n<p style=\"text-align:center\"><img alt=\"f6\" height=\"375\" src=\"/storage/news/4.jpg\" /></p>\n\n<p><br />\n&nbsp;</p>\n\n<hr />\n<h4><strong>Number 4: Consider A Wallet As A Long Term Investment</strong></h4>\n\n<p>Your wallet is indeed an investment that you should consider spending a decent amount of time and effort on it. Another factor that you need to consider is how much you want to spend on your wallet. The price ranges of wallets on the market vary a great deal. You can find a wallet which is as cheap as about 5 to 7 dollars. On the other hand, you should expect to pay around 250 to 300 dollars for a high-quality wallet.</p>\n\n<p>In case you need a wallet to use for a long time, it is a good idea that you should invest a decent amount of money on a wallet. A high quality wallet from a reputational brand with the premium quality such as cowhide leather will last for a long time. In addition, it is an accessory to show off your fashion sense and your social status.</p>\n\n<p style=\"text-align:center\"><img alt=\"f2\" height=\"400\" src=\"/storage/news/5.jpg\" /></p>\n\n<p>&nbsp;</p>\n','published',1,'Botble\\ACL\\Models\\User',1,'news/9.jpg',1901,NULL,'2021-09-14 22:29:08','2021-09-14 22:29:08'),(21,'Thế giới phục vụ cho những người trung bình','Bạn nên chú ý hơn khi chọn ví. Có rất nhiều trong số chúng trên thị trường với các mẫu mã và phong cách khác nhau. Khi bạn lựa chọn cẩn thận, bạn sẽ có thể mua một chiếc ví phù hợp với nhu cầu của bạn. Chưa kể nó sẽ giúp nâng tầm phong cách của bạn một cách đáng kể.','<p>I have seen many people underestimating the power of their wallets. To them, they are just a functional item they use to carry. As a result, they often end up with the wallets which are not really suitable for them.</p>\n\n<p>You should pay more attention when you choose your wallets. There are a lot of them on the market with the different designs and styles. When you choose carefully, you would be able to buy a wallet that is catered to your needs. Not to mention that it will help to enhance your style significantly.</p>\n\n<p style=\"text-align:center\"><img alt=\"f4\" src=\"/storage/news/1.jpg\" /></p>\n\n<p><br />\n&nbsp;</p>\n\n<p><strong><em>For all of the reason above, here are 7 expert tips to help you pick up the right men&rsquo;s wallet for you:</em></strong></p>\n\n<h4><strong>Number 1: Choose A Neat Wallet</strong></h4>\n\n<p>The wallet is an essential accessory that you should go simple. Simplicity is the best in this case. A simple and neat wallet with the plain color and even&nbsp;<strong>minimalist style</strong>&nbsp;is versatile. It can be used for both formal and casual events. In addition, that wallet will go well with most of the clothes in your wardrobe.</p>\n\n<p>Keep in mind that a wallet will tell other people about your personality and your fashion sense as much as other clothes you put on. Hence, don&rsquo;t go cheesy on your wallet or else people will think that you have a funny and particular style.</p>\n\n<p style=\"text-align:center\"><img alt=\"f5\" src=\"/storage/news/2.jpg\" /></p>\n\n<p><br />\n&nbsp;</p>\n<hr />\n<h4><strong>Number 2: Choose The Right Size For Your Wallet</strong></h4>\n\n<p>You should avoid having an over-sized wallet. Don&rsquo;t think that you need to buy a big wallet because you have a lot to carry with you. In addition, a fat wallet is very ugly. It will make it harder for you to slide the wallet into your trousers&rsquo; pocket. In addition, it will create a bulge and ruin your look.</p>\n\n<p>Before you go on to buy a new wallet, clean out your wallet and place all of the items from your wallet on a table. Throw away things that you would never need any more such as the old bills or the expired gift cards. Remember to check your wallet on a frequent basis to get rid of all of the old stuff that you don&rsquo;t need anymore.</p>\n\n<p style=\"text-align:center\"><img alt=\"f1\" src=\"/storage/news/3.jpg\" /></p>\n\n<p><br />\n&nbsp;</p>\n\n<hr />\n<h4><strong>Number 3: Don&rsquo;t Limit Your Options Of Materials</strong></h4>\n\n<p>The types and designs of wallets are not the only things that you should consider when you go out searching for your best wallet. You have more than 1 option of material rather than leather to choose from as well.</p>\n\n<p>You can experiment with other available options such as cotton, polyester and canvas. They all have their own pros and cons. As a result, they will be suitable for different needs and requirements. You should think about them all in order to choose the material which you would like the most.</p>\n\n<p style=\"text-align:center\"><img alt=\"f6\" height=\"375\" src=\"/storage/news/4.jpg\" /></p>\n\n<p><br />\n&nbsp;</p>\n\n<hr />\n<h4><strong>Number 4: Consider A Wallet As A Long Term Investment</strong></h4>\n\n<p>Your wallet is indeed an investment that you should consider spending a decent amount of time and effort on it. Another factor that you need to consider is how much you want to spend on your wallet. The price ranges of wallets on the market vary a great deal. You can find a wallet which is as cheap as about 5 to 7 dollars. On the other hand, you should expect to pay around 250 to 300 dollars for a high-quality wallet.</p>\n\n<p>In case you need a wallet to use for a long time, it is a good idea that you should invest a decent amount of money on a wallet. A high quality wallet from a reputational brand with the premium quality such as cowhide leather will last for a long time. In addition, it is an accessory to show off your fashion sense and your social status.</p>\n\n<p style=\"text-align:center\"><img alt=\"f2\" height=\"400\" src=\"/storage/news/5.jpg\" /></p>\n\n<p>&nbsp;</p>\n','published',1,'Botble\\ACL\\Models\\User',1,'news/10.jpg',878,NULL,'2021-09-14 22:29:08','2021-09-14 22:29:08'),(22,'Các đương sự trên màn hình không phải là diễn viên','Bạn nên chú ý hơn khi chọn ví. Có rất nhiều trong số chúng trên thị trường với các mẫu mã và phong cách khác nhau. Khi bạn lựa chọn cẩn thận, bạn sẽ có thể mua một chiếc ví phù hợp với nhu cầu của bạn. Chưa kể nó sẽ giúp nâng tầm phong cách của bạn một cách đáng kể.','<p>I have seen many people underestimating the power of their wallets. To them, they are just a functional item they use to carry. As a result, they often end up with the wallets which are not really suitable for them.</p>\n\n<p>You should pay more attention when you choose your wallets. There are a lot of them on the market with the different designs and styles. When you choose carefully, you would be able to buy a wallet that is catered to your needs. Not to mention that it will help to enhance your style significantly.</p>\n\n<p style=\"text-align:center\"><img alt=\"f4\" src=\"/storage/news/1.jpg\" /></p>\n\n<p><br />\n&nbsp;</p>\n\n<p><strong><em>For all of the reason above, here are 7 expert tips to help you pick up the right men&rsquo;s wallet for you:</em></strong></p>\n\n<h4><strong>Number 1: Choose A Neat Wallet</strong></h4>\n\n<p>The wallet is an essential accessory that you should go simple. Simplicity is the best in this case. A simple and neat wallet with the plain color and even&nbsp;<strong>minimalist style</strong>&nbsp;is versatile. It can be used for both formal and casual events. In addition, that wallet will go well with most of the clothes in your wardrobe.</p>\n\n<p>Keep in mind that a wallet will tell other people about your personality and your fashion sense as much as other clothes you put on. Hence, don&rsquo;t go cheesy on your wallet or else people will think that you have a funny and particular style.</p>\n\n<p style=\"text-align:center\"><img alt=\"f5\" src=\"/storage/news/2.jpg\" /></p>\n\n<p><br />\n&nbsp;</p>\n<hr />\n<h4><strong>Number 2: Choose The Right Size For Your Wallet</strong></h4>\n\n<p>You should avoid having an over-sized wallet. Don&rsquo;t think that you need to buy a big wallet because you have a lot to carry with you. In addition, a fat wallet is very ugly. It will make it harder for you to slide the wallet into your trousers&rsquo; pocket. In addition, it will create a bulge and ruin your look.</p>\n\n<p>Before you go on to buy a new wallet, clean out your wallet and place all of the items from your wallet on a table. Throw away things that you would never need any more such as the old bills or the expired gift cards. Remember to check your wallet on a frequent basis to get rid of all of the old stuff that you don&rsquo;t need anymore.</p>\n\n<p style=\"text-align:center\"><img alt=\"f1\" src=\"/storage/news/3.jpg\" /></p>\n\n<p><br />\n&nbsp;</p>\n\n<hr />\n<h4><strong>Number 3: Don&rsquo;t Limit Your Options Of Materials</strong></h4>\n\n<p>The types and designs of wallets are not the only things that you should consider when you go out searching for your best wallet. You have more than 1 option of material rather than leather to choose from as well.</p>\n\n<p>You can experiment with other available options such as cotton, polyester and canvas. They all have their own pros and cons. As a result, they will be suitable for different needs and requirements. You should think about them all in order to choose the material which you would like the most.</p>\n\n<p style=\"text-align:center\"><img alt=\"f6\" height=\"375\" src=\"/storage/news/4.jpg\" /></p>\n\n<p><br />\n&nbsp;</p>\n\n<hr />\n<h4><strong>Number 4: Consider A Wallet As A Long Term Investment</strong></h4>\n\n<p>Your wallet is indeed an investment that you should consider spending a decent amount of time and effort on it. Another factor that you need to consider is how much you want to spend on your wallet. The price ranges of wallets on the market vary a great deal. You can find a wallet which is as cheap as about 5 to 7 dollars. On the other hand, you should expect to pay around 250 to 300 dollars for a high-quality wallet.</p>\n\n<p>In case you need a wallet to use for a long time, it is a good idea that you should invest a decent amount of money on a wallet. A high quality wallet from a reputational brand with the premium quality such as cowhide leather will last for a long time. In addition, it is an accessory to show off your fashion sense and your social status.</p>\n\n<p style=\"text-align:center\"><img alt=\"f2\" height=\"400\" src=\"/storage/news/5.jpg\" /></p>\n\n<p>&nbsp;</p>\n','published',1,'Botble\\ACL\\Models\\User',0,'news/11.jpg',2427,NULL,'2021-09-14 22:29:08','2021-09-14 22:29:08');
/*!40000 ALTER TABLE `posts` ENABLE KEYS */;
UNLOCK TABLES;

--
-- Table structure for table `revisions`
--

DROP TABLE IF EXISTS `revisions`;
/*!40101 SET @saved_cs_client     = @@character_set_client */;
/*!40101 SET character_set_client = utf8 */;
CREATE TABLE `revisions` (
  `id` bigint(20) unsigned NOT NULL AUTO_INCREMENT,
  `revisionable_type` varchar(191) COLLATE utf8mb4_unicode_ci NOT NULL,
  `revisionable_id` int(11) NOT NULL,
  `user_id` int(11) DEFAULT NULL,
  `key` varchar(191) COLLATE utf8mb4_unicode_ci NOT NULL,
  `old_value` text COLLATE utf8mb4_unicode_ci,
  `new_value` text COLLATE utf8mb4_unicode_ci,
  `created_at` timestamp NULL DEFAULT NULL,
  `updated_at` timestamp NULL DEFAULT NULL,
  PRIMARY KEY (`id`),
  KEY `revisions_revisionable_id_revisionable_type_index` (`revisionable_id`,`revisionable_type`)
) ENGINE=InnoDB DEFAULT CHARSET=utf8mb4 COLLATE=utf8mb4_unicode_ci;
/*!40101 SET character_set_client = @saved_cs_client */;

--
-- Dumping data for table `revisions`
--

LOCK TABLES `revisions` WRITE;
/*!40000 ALTER TABLE `revisions` DISABLE KEYS */;
/*!40000 ALTER TABLE `revisions` ENABLE KEYS */;
UNLOCK TABLES;

--
-- Table structure for table `role_users`
--

DROP TABLE IF EXISTS `role_users`;
/*!40101 SET @saved_cs_client     = @@character_set_client */;
/*!40101 SET character_set_client = utf8 */;
CREATE TABLE `role_users` (
  `id` bigint(20) unsigned NOT NULL AUTO_INCREMENT,
  `user_id` int(10) unsigned NOT NULL,
  `role_id` int(10) unsigned NOT NULL,
  `created_at` timestamp NULL DEFAULT NULL,
  `updated_at` timestamp NULL DEFAULT NULL,
  PRIMARY KEY (`id`),
  KEY `role_users_user_id_index` (`user_id`),
  KEY `role_users_role_id_index` (`role_id`)
) ENGINE=InnoDB DEFAULT CHARSET=utf8mb4 COLLATE=utf8mb4_unicode_ci;
/*!40101 SET character_set_client = @saved_cs_client */;

--
-- Dumping data for table `role_users`
--

LOCK TABLES `role_users` WRITE;
/*!40000 ALTER TABLE `role_users` DISABLE KEYS */;
/*!40000 ALTER TABLE `role_users` ENABLE KEYS */;
UNLOCK TABLES;

--
-- Table structure for table `roles`
--

DROP TABLE IF EXISTS `roles`;
/*!40101 SET @saved_cs_client     = @@character_set_client */;
/*!40101 SET character_set_client = utf8 */;
CREATE TABLE `roles` (
  `id` bigint(20) unsigned NOT NULL AUTO_INCREMENT,
  `slug` varchar(120) COLLATE utf8mb4_unicode_ci NOT NULL,
  `name` varchar(120) COLLATE utf8mb4_unicode_ci NOT NULL,
  `permissions` text COLLATE utf8mb4_unicode_ci,
  `description` varchar(255) COLLATE utf8mb4_unicode_ci DEFAULT NULL,
  `is_default` tinyint(3) unsigned NOT NULL DEFAULT '0',
  `created_by` int(10) unsigned NOT NULL,
  `updated_by` int(10) unsigned NOT NULL,
  `created_at` timestamp NULL DEFAULT NULL,
  `updated_at` timestamp NULL DEFAULT NULL,
  PRIMARY KEY (`id`),
  UNIQUE KEY `roles_slug_unique` (`slug`),
  KEY `roles_created_by_index` (`created_by`),
  KEY `roles_updated_by_index` (`updated_by`)
) ENGINE=InnoDB DEFAULT CHARSET=utf8mb4 COLLATE=utf8mb4_unicode_ci;
/*!40101 SET character_set_client = @saved_cs_client */;

--
-- Dumping data for table `roles`
--

LOCK TABLES `roles` WRITE;
/*!40000 ALTER TABLE `roles` DISABLE KEYS */;
/*!40000 ALTER TABLE `roles` ENABLE KEYS */;
UNLOCK TABLES;

--
-- Table structure for table `settings`
--

DROP TABLE IF EXISTS `settings`;
/*!40101 SET @saved_cs_client     = @@character_set_client */;
/*!40101 SET character_set_client = utf8 */;
CREATE TABLE `settings` (
  `id` bigint(20) unsigned NOT NULL AUTO_INCREMENT,
  `key` varchar(191) COLLATE utf8mb4_unicode_ci NOT NULL,
  `value` text COLLATE utf8mb4_unicode_ci,
  `created_at` timestamp NULL DEFAULT NULL,
  `updated_at` timestamp NULL DEFAULT NULL,
  PRIMARY KEY (`id`),
  UNIQUE KEY `settings_key_unique` (`key`)
) ENGINE=InnoDB AUTO_INCREMENT=60 DEFAULT CHARSET=utf8mb4 COLLATE=utf8mb4_unicode_ci;
/*!40101 SET character_set_client = @saved_cs_client */;

--
-- Dumping data for table `settings`
--

LOCK TABLES `settings` WRITE;
/*!40000 ALTER TABLE `settings` DISABLE KEYS */;
INSERT INTO `settings` VALUES (1,'theme','shopwise',NULL,NULL),(2,'activated_plugins','[\"language\",\"language-advanced\",\"ads\",\"analytics\",\"audit-log\",\"backup\",\"blog\",\"captcha\",\"contact\",\"cookie-consent\",\"ecommerce\",\"mollie\",\"newsletter\",\"payment\",\"paystack\",\"razorpay\",\"simple-slider\",\"social-login\",\"sslcommerz\",\"testimonial\",\"translation\"]',NULL,NULL),(3,'payment_cod_status','1',NULL,NULL),(4,'payment_bank_transfer_status','1',NULL,NULL),(5,'language_hide_default','1',NULL,NULL),(6,'language_switcher_display','dropdown',NULL,NULL),(7,'language_display','all',NULL,NULL),(8,'language_hide_languages','[]',NULL,NULL),(9,'media_random_hash','9a16b4b20e17469d730f5e08f1c1898b',NULL,NULL),(10,'permalink-botble-blog-models-post','news',NULL,NULL),(11,'permalink-botble-blog-models-category','news',NULL,NULL),(12,'permalink-botble-blog-models-tag','tags',NULL,NULL),(13,'payment_cod_description','Please pay money directly to the postman, if you choose cash on delivery method (COD).',NULL,NULL),(14,'payment_bank_transfer_description','Please send money to our bank account: ACB - 1990 404 19.',NULL,NULL),(15,'plugins_ecommerce_customer_new_order_status','0',NULL,NULL),(16,'plugins_ecommerce_admin_new_order_status','0',NULL,NULL),(20,'New York','Singapore',NULL,NULL),(25,'ecommerce_store_name','Shopwise',NULL,NULL),(26,'ecommerce_store_phone','123-456-7890',NULL,NULL),(27,'ecommerce_store_address','123 Street, Old Trafford',NULL,NULL),(28,'ecommerce_store_state','New York',NULL,NULL),(29,'ecommerce_store_city','New York',NULL,NULL),(30,'ecommerce_store_country','US',NULL,NULL),(31,'admin_logo','general/logo-light.png',NULL,NULL),(32,'admin_favicon','general/favicon.png',NULL,NULL),(33,'theme-shopwise-site_title','Shopwise - Laravel Ecommerce system',NULL,NULL),(34,'theme-shopwise-copyright','© 2021 Botble Technologies. All Rights Reserved.',NULL,NULL),(35,'theme-shopwise-favicon','general/favicon.png',NULL,NULL),(36,'theme-shopwise-logo','general/logo.png',NULL,NULL),(37,'theme-shopwise-logo_footer','general/logo-light.png',NULL,NULL),(38,'theme-shopwise-address','123 Street, Old Trafford, NewYork, USA',NULL,NULL),(39,'theme-shopwise-hotline','123-456-7890',NULL,NULL),(40,'theme-shopwise-email','info@sitename.com',NULL,NULL),(41,'theme-shopwise-facebook','https://facebook.com',NULL,NULL),(42,'theme-shopwise-twitter','https://twitter.com',NULL,NULL),(43,'theme-shopwise-youtube','https://youtube.com',NULL,NULL),(44,'theme-shopwise-instagram','https://instagram.com',NULL,NULL),(45,'theme-shopwise-payment_methods','[\"general\\/visa.png\",\"general\\/paypal.png\",\"general\\/master-card.png\",\"general\\/discover.png\",\"general\\/american-express.png\"]',NULL,NULL),(46,'theme-shopwise-newsletter_image','general/newsletter.jpg',NULL,NULL),(47,'theme-shopwise-homepage_id','1',NULL,NULL),(48,'theme-shopwise-blog_page_id','3',NULL,NULL),(49,'theme-shopwise-cookie_consent_message','Your experience on this site will be improved by allowing cookies ',NULL,NULL),(50,'theme-shopwise-cookie_consent_learn_more_url','http://shopwise.local/cookie-policy',NULL,NULL),(51,'theme-shopwise-cookie_consent_learn_more_text','Cookie Policy',NULL,NULL),(53,'theme-shopwise-vi-primary_font','Roboto Condensed',NULL,NULL),(54,'theme-shopwise-vi-copyright','© 2021 Botble Technologies. Tất cả quyền đã được bảo hộ.',NULL,NULL),(55,'theme-shopwise-vi-cookie_consent_message','Trải nghiệm của bạn trên trang web này sẽ được cải thiện bằng cách cho phép cookie ',NULL,NULL),(56,'theme-shopwise-vi-cookie_consent_learn_more_url','http://shopwise.local/cookie-policy',NULL,NULL),(57,'theme-shopwise-vi-cookie_consent_learn_more_text','Chính sách cookie',NULL,NULL),(58,'theme-shopwise-vi-homepage_id','10',NULL,NULL),(59,'theme-shopwise-vi-blog_page_id','12',NULL,NULL);
/*!40000 ALTER TABLE `settings` ENABLE KEYS */;
UNLOCK TABLES;

--
-- Table structure for table `simple_slider_items`
--

DROP TABLE IF EXISTS `simple_slider_items`;
/*!40101 SET @saved_cs_client     = @@character_set_client */;
/*!40101 SET character_set_client = utf8 */;
CREATE TABLE `simple_slider_items` (
  `id` bigint(20) unsigned NOT NULL AUTO_INCREMENT,
  `simple_slider_id` int(10) unsigned NOT NULL,
  `title` varchar(255) COLLATE utf8mb4_unicode_ci DEFAULT NULL,
  `image` varchar(255) COLLATE utf8mb4_unicode_ci NOT NULL,
  `link` varchar(255) COLLATE utf8mb4_unicode_ci DEFAULT NULL,
  `description` text COLLATE utf8mb4_unicode_ci,
  `order` int(10) unsigned NOT NULL DEFAULT '0',
  `created_at` timestamp NULL DEFAULT NULL,
  `updated_at` timestamp NULL DEFAULT NULL,
  PRIMARY KEY (`id`)
) ENGINE=InnoDB AUTO_INCREMENT=7 DEFAULT CHARSET=utf8mb4 COLLATE=utf8mb4_unicode_ci;
/*!40101 SET character_set_client = @saved_cs_client */;

--
-- Dumping data for table `simple_slider_items`
--

LOCK TABLES `simple_slider_items` WRITE;
/*!40000 ALTER TABLE `simple_slider_items` DISABLE KEYS */;
INSERT INTO `simple_slider_items` VALUES (1,1,'Woman Fashion','sliders/1.jpg',NULL,'Get up to 50% off Today Only!',1,'2021-09-14 22:29:09','2021-09-14 22:29:09'),(2,1,'Man Fashion','sliders/2.jpg',NULL,'50% off in all products',2,'2021-09-14 22:29:09','2021-09-14 22:29:09'),(3,1,'Summer Sale','sliders/3.jpg',NULL,'Taking your Viewing Experience to Next Level',3,'2021-09-14 22:29:10','2021-09-14 22:29:10'),(4,2,'Thời trang Nam','sliders/1.jpg',NULL,'Được giảm giá tới 50% Chỉ hôm nay!',1,'2021-09-14 22:29:10','2021-09-14 22:29:10'),(5,2,'Thời trang Nữ','sliders/2.jpg',NULL,'Khuyến mãi 50% tất cả sản phẩm',2,'2021-09-14 22:29:10','2021-09-14 22:29:10'),(6,2,'Khuyến mãi hè','sliders/3.jpg',NULL,'Nâng trải nghiệm xem của bạn lên cấp độ tiếp theo',3,'2021-09-14 22:29:10','2021-09-14 22:29:10');
/*!40000 ALTER TABLE `simple_slider_items` ENABLE KEYS */;
UNLOCK TABLES;

--
-- Table structure for table `simple_sliders`
--

DROP TABLE IF EXISTS `simple_sliders`;
/*!40101 SET @saved_cs_client     = @@character_set_client */;
/*!40101 SET character_set_client = utf8 */;
CREATE TABLE `simple_sliders` (
  `id` bigint(20) unsigned NOT NULL AUTO_INCREMENT,
  `name` varchar(120) COLLATE utf8mb4_unicode_ci NOT NULL,
  `key` varchar(120) COLLATE utf8mb4_unicode_ci NOT NULL,
  `description` varchar(255) COLLATE utf8mb4_unicode_ci DEFAULT NULL,
  `status` varchar(60) COLLATE utf8mb4_unicode_ci NOT NULL DEFAULT 'published',
  `created_at` timestamp NULL DEFAULT NULL,
  `updated_at` timestamp NULL DEFAULT NULL,
  PRIMARY KEY (`id`)
) ENGINE=InnoDB AUTO_INCREMENT=3 DEFAULT CHARSET=utf8mb4 COLLATE=utf8mb4_unicode_ci;
/*!40101 SET character_set_client = @saved_cs_client */;

--
-- Dumping data for table `simple_sliders`
--

LOCK TABLES `simple_sliders` WRITE;
/*!40000 ALTER TABLE `simple_sliders` DISABLE KEYS */;
INSERT INTO `simple_sliders` VALUES (1,'Home slider','home-slider',NULL,'published','2021-09-14 22:29:09','2021-09-14 22:29:09'),(2,'Slider trang chủ','slider-trang-chu',NULL,'published','2021-09-14 22:29:10','2021-09-14 22:29:10');
/*!40000 ALTER TABLE `simple_sliders` ENABLE KEYS */;
UNLOCK TABLES;

--
-- Table structure for table `slugs`
--

DROP TABLE IF EXISTS `slugs`;
/*!40101 SET @saved_cs_client     = @@character_set_client */;
/*!40101 SET character_set_client = utf8 */;
CREATE TABLE `slugs` (
  `id` bigint(20) unsigned NOT NULL AUTO_INCREMENT,
  `key` varchar(255) COLLATE utf8mb4_unicode_ci NOT NULL,
  `reference_id` int(10) unsigned NOT NULL,
  `reference_type` varchar(255) COLLATE utf8mb4_unicode_ci NOT NULL,
  `prefix` varchar(120) COLLATE utf8mb4_unicode_ci DEFAULT '',
  `created_at` timestamp NULL DEFAULT NULL,
  `updated_at` timestamp NULL DEFAULT NULL,
  PRIMARY KEY (`id`)
) ENGINE=InnoDB AUTO_INCREMENT=137 DEFAULT CHARSET=utf8mb4 COLLATE=utf8mb4_unicode_ci;
/*!40101 SET character_set_client = @saved_cs_client */;

--
-- Dumping data for table `slugs`
--

LOCK TABLES `slugs` WRITE;
/*!40000 ALTER TABLE `slugs` DISABLE KEYS */;
INSERT INTO `slugs` VALUES (1,'fashion-live',1,'Botble\\Ecommerce\\Models\\Brand','brands','2021-09-14 22:28:08','2021-09-14 22:28:08'),(2,'hand-crafted',2,'Botble\\Ecommerce\\Models\\Brand','brands','2021-09-14 22:28:08','2021-09-14 22:28:08'),(3,'mestonix',3,'Botble\\Ecommerce\\Models\\Brand','brands','2021-09-14 22:28:08','2021-09-14 22:28:08'),(4,'sunshine',4,'Botble\\Ecommerce\\Models\\Brand','brands','2021-09-14 22:28:08','2021-09-14 22:28:08'),(5,'pure',5,'Botble\\Ecommerce\\Models\\Brand','brands','2021-09-14 22:28:08','2021-09-14 22:28:08'),(6,'anfold',6,'Botble\\Ecommerce\\Models\\Brand','brands','2021-09-14 22:28:08','2021-09-14 22:28:08'),(7,'automotive',7,'Botble\\Ecommerce\\Models\\Brand','brands','2021-09-14 22:28:08','2021-09-14 22:28:08'),(8,'television',1,'Botble\\Ecommerce\\Models\\ProductCategory','product-categories','2021-09-14 22:28:11','2021-09-14 22:28:11'),(9,'home-audio-theaters',2,'Botble\\Ecommerce\\Models\\ProductCategory','product-categories','2021-09-14 22:28:11','2021-09-14 22:28:11'),(10,'tv-videos',3,'Botble\\Ecommerce\\Models\\ProductCategory','product-categories','2021-09-14 22:28:11','2021-09-14 22:28:11'),(11,'camera-photos-videos',4,'Botble\\Ecommerce\\Models\\ProductCategory','product-categories','2021-09-14 22:28:11','2021-09-14 22:28:11'),(12,'cellphones-accessories',5,'Botble\\Ecommerce\\Models\\ProductCategory','product-categories','2021-09-14 22:28:11','2021-09-14 22:28:11'),(13,'headphones',6,'Botble\\Ecommerce\\Models\\ProductCategory','product-categories','2021-09-14 22:28:11','2021-09-14 22:28:11'),(14,'videos-games',7,'Botble\\Ecommerce\\Models\\ProductCategory','product-categories','2021-09-14 22:28:11','2021-09-14 22:28:11'),(15,'wireless-speakers',8,'Botble\\Ecommerce\\Models\\ProductCategory','product-categories','2021-09-14 22:28:11','2021-09-14 22:28:11'),(16,'office-electronic',9,'Botble\\Ecommerce\\Models\\ProductCategory','product-categories','2021-09-14 22:28:11','2021-09-14 22:28:11'),(17,'mobile',10,'Botble\\Ecommerce\\Models\\ProductCategory','product-categories','2021-09-14 22:28:11','2021-09-14 22:28:11'),(18,'digital-cables',11,'Botble\\Ecommerce\\Models\\ProductCategory','product-categories','2021-09-14 22:28:11','2021-09-14 22:28:11'),(19,'audio-video-cables',12,'Botble\\Ecommerce\\Models\\ProductCategory','product-categories','2021-09-14 22:28:11','2021-09-14 22:28:11'),(20,'batteries',13,'Botble\\Ecommerce\\Models\\ProductCategory','product-categories','2021-09-14 22:28:11','2021-09-14 22:28:11'),(21,'headphone',14,'Botble\\Ecommerce\\Models\\ProductCategory','product-categories','2021-09-14 22:28:11','2021-09-14 22:28:11'),(22,'computer-tablets',15,'Botble\\Ecommerce\\Models\\ProductCategory','product-categories','2021-09-14 22:28:11','2021-09-14 22:28:11'),(23,'laptop',16,'Botble\\Ecommerce\\Models\\ProductCategory','product-categories','2021-09-14 22:28:11','2021-09-14 22:28:11'),(24,'monitors',17,'Botble\\Ecommerce\\Models\\ProductCategory','product-categories','2021-09-14 22:28:11','2021-09-14 22:28:11'),(25,'computer-components',18,'Botble\\Ecommerce\\Models\\ProductCategory','product-categories','2021-09-14 22:28:11','2021-09-14 22:28:11'),(26,'watches',19,'Botble\\Ecommerce\\Models\\ProductCategory','product-categories','2021-09-14 22:28:11','2021-09-14 22:28:11'),(27,'drive-storages',20,'Botble\\Ecommerce\\Models\\ProductCategory','product-categories','2021-09-14 22:28:11','2021-09-14 22:28:11'),(28,'gaming-laptop',21,'Botble\\Ecommerce\\Models\\ProductCategory','product-categories','2021-09-14 22:28:11','2021-09-14 22:28:11'),(29,'security-protection',22,'Botble\\Ecommerce\\Models\\ProductCategory','product-categories','2021-09-14 22:28:11','2021-09-14 22:28:11'),(30,'accessories',23,'Botble\\Ecommerce\\Models\\ProductCategory','product-categories','2021-09-14 22:28:11','2021-09-14 22:28:11'),(31,'game',24,'Botble\\Ecommerce\\Models\\ProductCategory','product-categories','2021-09-14 22:28:11','2021-09-14 22:28:11'),(32,'camera',25,'Botble\\Ecommerce\\Models\\ProductCategory','product-categories','2021-09-14 22:28:11','2021-09-14 22:28:11'),(33,'audio',26,'Botble\\Ecommerce\\Models\\ProductCategory','product-categories','2021-09-14 22:28:11','2021-09-14 22:28:11'),(34,'mobile-tablet',27,'Botble\\Ecommerce\\Models\\ProductCategory','product-categories','2021-09-14 22:28:11','2021-09-14 22:28:11'),(35,'accessories',28,'Botble\\Ecommerce\\Models\\ProductCategory','product-categories','2021-09-14 22:28:11','2021-09-14 22:28:11'),(36,'home-audio-theater',29,'Botble\\Ecommerce\\Models\\ProductCategory','product-categories','2021-09-14 22:28:11','2021-09-14 22:28:11'),(37,'tv-smart-box',30,'Botble\\Ecommerce\\Models\\ProductCategory','product-categories','2021-09-14 22:28:11','2021-09-14 22:28:11'),(38,'printer',31,'Botble\\Ecommerce\\Models\\ProductCategory','product-categories','2021-09-14 22:28:11','2021-09-14 22:28:11'),(39,'computer',32,'Botble\\Ecommerce\\Models\\ProductCategory','product-categories','2021-09-14 22:28:11','2021-09-14 22:28:11'),(40,'fax-machine',33,'Botble\\Ecommerce\\Models\\ProductCategory','product-categories','2021-09-14 22:28:11','2021-09-14 22:28:11'),(41,'mouse',34,'Botble\\Ecommerce\\Models\\ProductCategory','product-categories','2021-09-14 22:28:11','2021-09-14 22:28:11'),(42,'smart-home-speaker',1,'Botble\\Ecommerce\\Models\\Product','products','2021-09-14 22:29:01','2021-09-14 22:29:01'),(43,'headphone-ultra-bass',2,'Botble\\Ecommerce\\Models\\Product','products','2021-09-14 22:29:01','2021-09-14 22:29:01'),(44,'boxed-bluetooth-headphone',3,'Botble\\Ecommerce\\Models\\Product','products','2021-09-14 22:29:01','2021-09-14 22:29:01'),(45,'chikie-bluetooth-speaker',4,'Botble\\Ecommerce\\Models\\Product','products','2021-09-14 22:29:01','2021-09-14 22:29:01'),(46,'camera-hikvision-hk-35vs8',5,'Botble\\Ecommerce\\Models\\Product','products','2021-09-14 22:29:01','2021-09-14 22:29:01'),(47,'camera-samsung-ss-24',6,'Botble\\Ecommerce\\Models\\Product','products','2021-09-14 22:29:01','2021-09-14 22:29:01'),(48,'leather-watch-band',7,'Botble\\Ecommerce\\Models\\Product','products','2021-09-14 22:29:01','2021-09-14 22:29:01'),(49,'apple-iphone-13-plus',8,'Botble\\Ecommerce\\Models\\Product','products','2021-09-14 22:29:01','2021-09-14 22:29:01'),(50,'macbook-pro-2015',9,'Botble\\Ecommerce\\Models\\Product','products','2021-09-14 22:29:01','2021-09-14 22:29:01'),(51,'macbook-air-12-inch',10,'Botble\\Ecommerce\\Models\\Product','products','2021-09-14 22:29:01','2021-09-14 22:29:01'),(52,'apple-watch-serial-7',11,'Botble\\Ecommerce\\Models\\Product','products','2021-09-14 22:29:01','2021-09-14 22:29:01'),(53,'macbook-pro-13-inch',12,'Botble\\Ecommerce\\Models\\Product','products','2021-09-14 22:29:01','2021-09-14 22:29:01'),(54,'apple-keyboard',13,'Botble\\Ecommerce\\Models\\Product','products','2021-09-14 22:29:01','2021-09-14 22:29:01'),(55,'macsafe-80w',14,'Botble\\Ecommerce\\Models\\Product','products','2021-09-14 22:29:01','2021-09-14 22:29:01'),(56,'hand-playstation',15,'Botble\\Ecommerce\\Models\\Product','products','2021-09-14 22:29:01','2021-09-14 22:29:01'),(57,'apple-airpods-serial-3',16,'Botble\\Ecommerce\\Models\\Product','products','2021-09-14 22:29:01','2021-09-14 22:29:01'),(58,'cool-smart-watches',17,'Botble\\Ecommerce\\Models\\Product','products','2021-09-14 22:29:01','2021-09-14 22:29:01'),(59,'black-smart-watches',18,'Botble\\Ecommerce\\Models\\Product','products','2021-09-14 22:29:01','2021-09-14 22:29:01'),(60,'leather-watch-band-serial-3',19,'Botble\\Ecommerce\\Models\\Product','products','2021-09-14 22:29:01','2021-09-14 22:29:01'),(61,'macbook-pro-2015-13-inch',20,'Botble\\Ecommerce\\Models\\Product','products','2021-09-14 22:29:01','2021-09-14 22:29:01'),(62,'historic-alarm-clock',21,'Botble\\Ecommerce\\Models\\Product','products','2021-09-14 22:29:01','2021-09-14 22:29:01'),(63,'black-glasses',22,'Botble\\Ecommerce\\Models\\Product','products','2021-09-14 22:29:01','2021-09-14 22:29:01'),(64,'phillips-mouse',23,'Botble\\Ecommerce\\Models\\Product','products','2021-09-14 22:29:01','2021-09-14 22:29:01'),(65,'gaming-keyboard',24,'Botble\\Ecommerce\\Models\\Product','products','2021-09-14 22:29:01','2021-09-14 22:29:01'),(66,'dual-camera-20mp',25,'Botble\\Ecommerce\\Models\\Product','products','2021-09-14 22:29:01','2021-09-14 22:29:01'),(67,'smart-watches',26,'Botble\\Ecommerce\\Models\\Product','products','2021-09-14 22:29:01','2021-09-14 22:29:01'),(68,'beat-headphone',27,'Botble\\Ecommerce\\Models\\Product','products','2021-09-14 22:29:01','2021-09-14 22:29:01'),(69,'red-black-headphone',28,'Botble\\Ecommerce\\Models\\Product','products','2021-09-14 22:29:01','2021-09-14 22:29:01'),(70,'audio-equipment',29,'Botble\\Ecommerce\\Models\\Product','products','2021-09-14 22:29:01','2021-09-14 22:29:01'),(71,'smart-televisions',30,'Botble\\Ecommerce\\Models\\Product','products','2021-09-14 22:29:01','2021-09-14 22:29:01'),(72,'samsung-smart-tv',31,'Botble\\Ecommerce\\Models\\Product','products','2021-09-14 22:29:01','2021-09-14 22:29:01'),(73,'electronic',1,'Botble\\Ecommerce\\Models\\ProductTag','product-tags','2021-09-14 22:29:02','2021-09-14 22:29:02'),(74,'mobile',2,'Botble\\Ecommerce\\Models\\ProductTag','product-tags','2021-09-14 22:29:02','2021-09-14 22:29:02'),(75,'iphone',3,'Botble\\Ecommerce\\Models\\ProductTag','product-tags','2021-09-14 22:29:02','2021-09-14 22:29:02'),(76,'printer',4,'Botble\\Ecommerce\\Models\\ProductTag','product-tags','2021-09-14 22:29:02','2021-09-14 22:29:02'),(77,'office',5,'Botble\\Ecommerce\\Models\\ProductTag','product-tags','2021-09-14 22:29:02','2021-09-14 22:29:02'),(78,'it',6,'Botble\\Ecommerce\\Models\\ProductTag','product-tags','2021-09-14 22:29:02','2021-09-14 22:29:02'),(79,'ecommerce',1,'Botble\\Blog\\Models\\Category','news','2021-09-14 22:29:08','2021-09-14 22:29:10'),(80,'fashion',2,'Botble\\Blog\\Models\\Category','news','2021-09-14 22:29:08','2021-09-14 22:29:10'),(81,'electronic',3,'Botble\\Blog\\Models\\Category','news','2021-09-14 22:29:08','2021-09-14 22:29:10'),(82,'commercial',4,'Botble\\Blog\\Models\\Category','news','2021-09-14 22:29:08','2021-09-14 22:29:10'),(83,'thuong-mai-dien-tu',5,'Botble\\Blog\\Models\\Category','news','2021-09-14 22:29:08','2021-09-14 22:29:10'),(84,'fashion',6,'Botble\\Blog\\Models\\Category','news','2021-09-14 22:29:08','2021-09-14 22:29:10'),(85,'electronic',7,'Botble\\Blog\\Models\\Category','news','2021-09-14 22:29:08','2021-09-14 22:29:10'),(86,'thuong-mai',8,'Botble\\Blog\\Models\\Category','news','2021-09-14 22:29:08','2021-09-14 22:29:10'),(87,'general',1,'Botble\\Blog\\Models\\Tag','tags','2021-09-14 22:29:08','2021-09-14 22:29:10'),(88,'design',2,'Botble\\Blog\\Models\\Tag','tags','2021-09-14 22:29:08','2021-09-14 22:29:10'),(89,'fashion',3,'Botble\\Blog\\Models\\Tag','tags','2021-09-14 22:29:08','2021-09-14 22:29:10'),(90,'branding',4,'Botble\\Blog\\Models\\Tag','tags','2021-09-14 22:29:08','2021-09-14 22:29:10'),(91,'modern',5,'Botble\\Blog\\Models\\Tag','tags','2021-09-14 22:29:08','2021-09-14 22:29:10'),(92,'chung',6,'Botble\\Blog\\Models\\Tag','tags','2021-09-14 22:29:08','2021-09-14 22:29:10'),(93,'thiet-ke',7,'Botble\\Blog\\Models\\Tag','tags','2021-09-14 22:29:08','2021-09-14 22:29:10'),(94,'thoi-trang',8,'Botble\\Blog\\Models\\Tag','tags','2021-09-14 22:29:08','2021-09-14 22:29:10'),(95,'thuong-hieu',9,'Botble\\Blog\\Models\\Tag','tags','2021-09-14 22:29:08','2021-09-14 22:29:10'),(96,'hien-dai',10,'Botble\\Blog\\Models\\Tag','tags','2021-09-14 22:29:08','2021-09-14 22:29:10'),(97,'4-expert-tips-on-how-to-choose-the-right-mens-wallet',1,'Botble\\Blog\\Models\\Post','news','2021-09-14 22:29:08','2021-09-14 22:29:10'),(98,'sexy-clutches-how-to-buy-wear-a-designer-clutch-bag',2,'Botble\\Blog\\Models\\Post','news','2021-09-14 22:29:08','2021-09-14 22:29:10'),(99,'the-top-2020-handbag-trends-to-know',3,'Botble\\Blog\\Models\\Post','news','2021-09-14 22:29:08','2021-09-14 22:29:10'),(100,'how-to-match-the-color-of-your-handbag-with-an-outfit',4,'Botble\\Blog\\Models\\Post','news','2021-09-14 22:29:08','2021-09-14 22:29:10'),(101,'how-to-care-for-leather-bags',5,'Botble\\Blog\\Models\\Post','news','2021-09-14 22:29:08','2021-09-14 22:29:10'),(102,'were-crushing-hard-on-summers-10-biggest-bag-trends',6,'Botble\\Blog\\Models\\Post','news','2021-09-14 22:29:08','2021-09-14 22:29:10'),(103,'essential-qualities-of-highly-successful-music',7,'Botble\\Blog\\Models\\Post','news','2021-09-14 22:29:08','2021-09-14 22:29:10'),(104,'9-things-i-love-about-shaving-my-head',8,'Botble\\Blog\\Models\\Post','news','2021-09-14 22:29:08','2021-09-14 22:29:10'),(105,'why-teamwork-really-makes-the-dream-work',9,'Botble\\Blog\\Models\\Post','news','2021-09-14 22:29:08','2021-09-14 22:29:10'),(106,'the-world-caters-to-average-people',10,'Botble\\Blog\\Models\\Post','news','2021-09-14 22:29:08','2021-09-14 22:29:10'),(107,'the-litigants-on-the-screen-are-not-actors',11,'Botble\\Blog\\Models\\Post','news','2021-09-14 22:29:08','2021-09-14 22:29:10'),(108,'4-loi-khuyen-cua-chuyen-gia-ve-cach-chon-vi-nam-phu-hop',12,'Botble\\Blog\\Models\\Post','news','2021-09-14 22:29:08','2021-09-14 22:29:10'),(109,'sexy-clutches-cach-mua-deo-tui-clutch-thiet-ke',13,'Botble\\Blog\\Models\\Post','news','2021-09-14 22:29:08','2021-09-14 22:29:10'),(110,'xu-huong-tui-xach-hang-dau-nam-2020-can-biet',14,'Botble\\Blog\\Models\\Post','news','2021-09-14 22:29:08','2021-09-14 22:29:10'),(111,'cach-phoi-mau-tui-xach-cua-ban-voi-trang-phuc',15,'Botble\\Blog\\Models\\Post','news','2021-09-14 22:29:08','2021-09-14 22:29:10'),(112,'cach-cham-soc-tui-da',16,'Botble\\Blog\\Models\\Post','news','2021-09-14 22:29:08','2021-09-14 22:29:10'),(113,'chung-toi-dang-nghien-ngam-10-xu-huong-tui-lon-nhat-cua-mua-he',17,'Botble\\Blog\\Models\\Post','news','2021-09-14 22:29:08','2021-09-14 22:29:10'),(114,'nhung-pham-chat-can-thiet-cua-am-nhac-thanh-cong-cao',18,'Botble\\Blog\\Models\\Post','news','2021-09-14 22:29:08','2021-09-14 22:29:10'),(115,'9-dieu-toi-thich-khi-cao-dau',19,'Botble\\Blog\\Models\\Post','news','2021-09-14 22:29:08','2021-09-14 22:29:10'),(116,'tai-sao-lam-viec-theo-nhom-thuc-su-bien-giac-mo-thanh-cong',20,'Botble\\Blog\\Models\\Post','news','2021-09-14 22:29:08','2021-09-14 22:29:10'),(117,'the-gioi-phuc-vu-cho-nhung-nguoi-trung-binh',21,'Botble\\Blog\\Models\\Post','news','2021-09-14 22:29:08','2021-09-14 22:29:10'),(118,'cac-duong-su-tren-man-hinh-khong-phai-la-dien-vien',22,'Botble\\Blog\\Models\\Post','news','2021-09-14 22:29:08','2021-09-14 22:29:10'),(119,'homepage',1,'Botble\\Page\\Models\\Page','','2021-09-14 22:29:10','2021-09-14 22:29:10'),(120,'contact-us',2,'Botble\\Page\\Models\\Page','','2021-09-14 22:29:10','2021-09-14 22:29:10'),(121,'blog',3,'Botble\\Page\\Models\\Page','','2021-09-14 22:29:10','2021-09-14 22:29:10'),(122,'about-us',4,'Botble\\Page\\Models\\Page','','2021-09-14 22:29:10','2021-09-14 22:29:10'),(123,'faq',5,'Botble\\Page\\Models\\Page','','2021-09-14 22:29:10','2021-09-14 22:29:10'),(124,'location',6,'Botble\\Page\\Models\\Page','','2021-09-14 22:29:10','2021-09-14 22:29:10'),(125,'affiliates',7,'Botble\\Page\\Models\\Page','','2021-09-14 22:29:10','2021-09-14 22:29:10'),(126,'brands',8,'Botble\\Page\\Models\\Page','','2021-09-14 22:29:10','2021-09-14 22:29:10'),(127,'cookie-policy',9,'Botble\\Page\\Models\\Page','','2021-09-14 22:29:10','2021-09-14 22:29:10'),(128,'trang-chu',10,'Botble\\Page\\Models\\Page','','2021-09-14 22:29:10','2021-09-14 22:29:10'),(129,'lien-he',11,'Botble\\Page\\Models\\Page','','2021-09-14 22:29:10','2021-09-14 22:29:10'),(130,'tin-tuc',12,'Botble\\Page\\Models\\Page','','2021-09-14 22:29:10','2021-09-14 22:29:10'),(131,'ve-chung-toi',13,'Botble\\Page\\Models\\Page','','2021-09-14 22:29:10','2021-09-14 22:29:10'),(132,'hoi-dap',14,'Botble\\Page\\Models\\Page','','2021-09-14 22:29:10','2021-09-14 22:29:10'),(133,'vi-tri',15,'Botble\\Page\\Models\\Page','','2021-09-14 22:29:10','2021-09-14 22:29:10'),(134,'chi-nhanh',16,'Botble\\Page\\Models\\Page','','2021-09-14 22:29:10','2021-09-14 22:29:10'),(135,'thuong-hieu',17,'Botble\\Page\\Models\\Page','','2021-09-14 22:29:10','2021-09-14 22:29:10'),(136,'chinh-sach-cookie',18,'Botble\\Page\\Models\\Page','','2021-09-14 22:29:10','2021-09-14 22:29:10');
/*!40000 ALTER TABLE `slugs` ENABLE KEYS */;
UNLOCK TABLES;

--
-- Table structure for table `tags`
--

DROP TABLE IF EXISTS `tags`;
/*!40101 SET @saved_cs_client     = @@character_set_client */;
/*!40101 SET character_set_client = utf8 */;
CREATE TABLE `tags` (
  `id` bigint(20) unsigned NOT NULL AUTO_INCREMENT,
  `name` varchar(120) COLLATE utf8mb4_unicode_ci NOT NULL,
  `author_id` int(11) NOT NULL,
  `author_type` varchar(255) COLLATE utf8mb4_unicode_ci NOT NULL DEFAULT 'Botble\\ACL\\Models\\User',
  `description` varchar(400) COLLATE utf8mb4_unicode_ci DEFAULT '',
  `status` varchar(60) COLLATE utf8mb4_unicode_ci NOT NULL DEFAULT 'published',
  `created_at` timestamp NULL DEFAULT NULL,
  `updated_at` timestamp NULL DEFAULT NULL,
  PRIMARY KEY (`id`)
) ENGINE=InnoDB AUTO_INCREMENT=11 DEFAULT CHARSET=utf8mb4 COLLATE=utf8mb4_unicode_ci;
/*!40101 SET character_set_client = @saved_cs_client */;

--
-- Dumping data for table `tags`
--

LOCK TABLES `tags` WRITE;
/*!40000 ALTER TABLE `tags` DISABLE KEYS */;
INSERT INTO `tags` VALUES (1,'General',1,'Botble\\ACL\\Models\\User','','published','2021-09-14 22:29:08','2021-09-14 22:29:08'),(2,'Design',1,'Botble\\ACL\\Models\\User','','published','2021-09-14 22:29:08','2021-09-14 22:29:08'),(3,'Fashion',1,'Botble\\ACL\\Models\\User','','published','2021-09-14 22:29:08','2021-09-14 22:29:08'),(4,'Branding',1,'Botble\\ACL\\Models\\User','','published','2021-09-14 22:29:08','2021-09-14 22:29:08'),(5,'Modern',1,'Botble\\ACL\\Models\\User','','published','2021-09-14 22:29:08','2021-09-14 22:29:08'),(6,'Chung',1,'Botble\\ACL\\Models\\User','','published','2021-09-14 22:29:08','2021-09-14 22:29:08'),(7,'Thiết kế',1,'Botble\\ACL\\Models\\User','','published','2021-09-14 22:29:08','2021-09-14 22:29:08'),(8,'Thời trang',1,'Botble\\ACL\\Models\\User','','published','2021-09-14 22:29:08','2021-09-14 22:29:08'),(9,'Thương hiệu',1,'Botble\\ACL\\Models\\User','','published','2021-09-14 22:29:08','2021-09-14 22:29:08'),(10,'Hiện đại',1,'Botble\\ACL\\Models\\User','','published','2021-09-14 22:29:08','2021-09-14 22:29:08');
/*!40000 ALTER TABLE `tags` ENABLE KEYS */;
UNLOCK TABLES;

--
-- Table structure for table `testimonials`
--

DROP TABLE IF EXISTS `testimonials`;
/*!40101 SET @saved_cs_client     = @@character_set_client */;
/*!40101 SET character_set_client = utf8 */;
CREATE TABLE `testimonials` (
  `id` bigint(20) unsigned NOT NULL AUTO_INCREMENT,
  `name` varchar(120) COLLATE utf8mb4_unicode_ci NOT NULL,
  `content` text COLLATE utf8mb4_unicode_ci NOT NULL,
  `image` varchar(255) COLLATE utf8mb4_unicode_ci DEFAULT NULL,
  `company` varchar(120) COLLATE utf8mb4_unicode_ci DEFAULT NULL,
  `status` varchar(60) COLLATE utf8mb4_unicode_ci NOT NULL DEFAULT 'published',
  `created_at` timestamp NULL DEFAULT NULL,
  `updated_at` timestamp NULL DEFAULT NULL,
  PRIMARY KEY (`id`)
) ENGINE=InnoDB AUTO_INCREMENT=9 DEFAULT CHARSET=utf8mb4 COLLATE=utf8mb4_unicode_ci;
/*!40101 SET character_set_client = @saved_cs_client */;

--
-- Dumping data for table `testimonials`
--

LOCK TABLES `testimonials` WRITE;
/*!40000 ALTER TABLE `testimonials` DISABLE KEYS */;
INSERT INTO `testimonials` VALUES (1,'Adam Williams','Lorem ipsum dolor sit amet, consectetur adipiscing elit, sed do eiusmod tempor incididunt ut labore et dolore magna aliqua','testimonials/1.jpg','CEO Of Microsoft','published','2021-09-14 22:29:09','2021-09-14 22:29:09'),(2,'Retha Deowalim','Lorem ipsum dolor sit amet, consectetur adipiscing elit, sed do eiusmod tempor incididunt ut labore et dolore magna aliqua','testimonials/2.jpg','CEO Of Apple','published','2021-09-14 22:29:09','2021-09-14 22:29:09'),(3,'Sam J. Wasim','Lorem ipsum dolor sit amet, consectetur adipiscing elit, sed do eiusmod tempor incididunt ut labore et dolore magna aliqua','testimonials/3.jpg','Pio Founder','published','2021-09-14 22:29:09','2021-09-14 22:29:09'),(4,'Usan Gulwarm','Lorem ipsum dolor sit amet, consectetur adipiscing elit, sed do eiusmod tempor incididunt ut labore et dolore magna aliqua','testimonials/4.jpg','CEO Of Facewarm','published','2021-09-14 22:29:09','2021-09-14 22:29:09'),(5,'Adam Williams','Lorem ipsum dolor sit amet, consectetur adipiscing elit, sed do eiusmod tempor incididunt ut labore et dolore magna aliqua','testimonials/1.jpg','Giám đốc Microsoft','published','2021-09-14 22:29:09','2021-09-14 22:29:09'),(6,'Retha Deowalim','Lorem ipsum dolor sit amet, consectetur adipiscing elit, sed do eiusmod tempor incididunt ut labore et dolore magna aliqua','testimonials/2.jpg','Giám đốc Apple','published','2021-09-14 22:29:09','2021-09-14 22:29:09'),(7,'Sam J. Wasim','Lorem ipsum dolor sit amet, consectetur adipiscing elit, sed do eiusmod tempor incididunt ut labore et dolore magna aliqua','testimonials/3.jpg','Nhà sáng lập Pio','published','2021-09-14 22:29:09','2021-09-14 22:29:09'),(8,'Usan Gulwarm','Lorem ipsum dolor sit amet, consectetur adipiscing elit, sed do eiusmod tempor incididunt ut labore et dolore magna aliqua','testimonials/4.jpg','Giám đốc Facewarm','published','2021-09-14 22:29:09','2021-09-14 22:29:09');
/*!40000 ALTER TABLE `testimonials` ENABLE KEYS */;
UNLOCK TABLES;

--
-- Table structure for table `translations`
--

DROP TABLE IF EXISTS `translations`;
/*!40101 SET @saved_cs_client     = @@character_set_client */;
/*!40101 SET character_set_client = utf8 */;
CREATE TABLE `translations` (
  `id` bigint(20) unsigned NOT NULL AUTO_INCREMENT,
  `status` int(11) NOT NULL DEFAULT '0',
  `locale` varchar(191) COLLATE utf8mb4_unicode_ci NOT NULL,
  `group` varchar(191) COLLATE utf8mb4_unicode_ci NOT NULL,
  `key` varchar(191) COLLATE utf8mb4_unicode_ci NOT NULL,
  `value` text COLLATE utf8mb4_unicode_ci,
  `created_at` timestamp NULL DEFAULT NULL,
  `updated_at` timestamp NULL DEFAULT NULL,
  PRIMARY KEY (`id`)
) ENGINE=InnoDB AUTO_INCREMENT=4081 DEFAULT CHARSET=utf8mb4 COLLATE=utf8mb4_unicode_ci;
/*!40101 SET character_set_client = @saved_cs_client */;

--
-- Dumping data for table `translations`
--

LOCK TABLES `translations` WRITE;
/*!40000 ALTER TABLE `translations` DISABLE KEYS */;
INSERT INTO `translations` VALUES (1,0,'en','auth','failed','These credentials do not match our records.','2021-10-24 19:46:52','2021-10-24 19:47:31'),(2,0,'en','auth','password','The provided password is incorrect.','2021-10-24 19:46:52','2021-10-24 19:47:31'),(3,0,'en','auth','throttle','Too many login attempts. Please try again in :seconds seconds.','2021-10-24 19:46:52','2021-10-24 19:47:31'),(4,0,'en','pagination','previous','&laquo; Previous','2021-10-24 19:46:52','2021-10-24 19:47:31'),(5,0,'en','pagination','next','Next &raquo;','2021-10-24 19:46:52','2021-10-24 19:47:31'),(6,0,'en','passwords','reset','Your password has been reset!','2021-10-24 19:46:52','2021-10-24 19:47:31'),(7,0,'en','passwords','sent','We have emailed your password reset link!','2021-10-24 19:46:52','2021-10-24 19:47:31'),(8,0,'en','passwords','throttled','Please wait before retrying.','2021-10-24 19:46:52','2021-10-24 19:47:31'),(9,0,'en','passwords','token','This password reset token is invalid.','2021-10-24 19:46:52','2021-10-24 19:47:31'),(10,0,'en','passwords','user','We can\'t find a user with that email address.','2021-10-24 19:46:52','2021-10-24 19:47:31'),(11,0,'en','validation','accepted','The :attribute must be accepted.','2021-10-24 19:46:52','2021-10-24 19:47:31'),(12,0,'en','validation','accepted_if','The :attribute must be accepted when :other is :value.','2021-10-24 19:46:52','2021-10-24 19:47:31'),(13,0,'en','validation','active_url','The :attribute is not a valid URL.','2021-10-24 19:46:52','2021-10-24 19:47:31'),(14,0,'en','validation','after','The :attribute must be a date after :date.','2021-10-24 19:46:52','2021-10-24 19:47:31'),(15,0,'en','validation','after_or_equal','The :attribute must be a date after or equal to :date.','2021-10-24 19:46:52','2021-10-24 19:47:31'),(16,0,'en','validation','alpha','The :attribute must only contain letters.','2021-10-24 19:46:52','2021-10-24 19:47:31'),(17,0,'en','validation','alpha_dash','The :attribute must only contain letters, numbers, dashes and underscores.','2021-10-24 19:46:52','2021-10-24 19:47:31'),(18,0,'en','validation','alpha_num','The :attribute must only contain letters and numbers.','2021-10-24 19:46:52','2021-10-24 19:47:31'),(19,0,'en','validation','array','The :attribute must be an array.','2021-10-24 19:46:52','2021-10-24 19:47:31'),(20,0,'en','validation','before','The :attribute must be a date before :date.','2021-10-24 19:46:52','2021-10-24 19:47:31'),(21,0,'en','validation','before_or_equal','The :attribute must be a date before or equal to :date.','2021-10-24 19:46:52','2021-10-24 19:47:31'),(22,0,'en','validation','between.numeric','The :attribute must be between :min and :max.','2021-10-24 19:46:52','2021-10-24 19:47:31'),(23,0,'en','validation','between.file','The :attribute must be between :min and :max kilobytes.','2021-10-24 19:46:52','2021-10-24 19:47:31'),(24,0,'en','validation','between.string','The :attribute must be between :min and :max characters.','2021-10-24 19:46:52','2021-10-24 19:47:31'),(25,0,'en','validation','between.array','The :attribute must have between :min and :max items.','2021-10-24 19:46:52','2021-10-24 19:47:31'),(26,0,'en','validation','boolean','The :attribute field must be true or false.','2021-10-24 19:46:52','2021-10-24 19:47:31'),(27,0,'en','validation','confirmed','The :attribute confirmation does not match.','2021-10-24 19:46:52','2021-10-24 19:47:31'),(28,0,'en','validation','current_password','The password is incorrect.','2021-10-24 19:46:52','2021-10-24 19:47:31'),(29,0,'en','validation','date','The :attribute is not a valid date.','2021-10-24 19:46:52','2021-10-24 19:47:31'),(30,0,'en','validation','date_equals','The :attribute must be a date equal to :date.','2021-10-24 19:46:52','2021-10-24 19:47:31'),(31,0,'en','validation','date_format','The :attribute does not match the format :format.','2021-10-24 19:46:52','2021-10-24 19:47:31'),(32,0,'en','validation','different','The :attribute and :other must be different.','2021-10-24 19:46:52','2021-10-24 19:47:31'),(33,0,'en','validation','digits','The :attribute must be :digits digits.','2021-10-24 19:46:52','2021-10-24 19:47:31'),(34,0,'en','validation','digits_between','The :attribute must be between :min and :max digits.','2021-10-24 19:46:52','2021-10-24 19:47:31'),(35,0,'en','validation','dimensions','The :attribute has invalid image dimensions.','2021-10-24 19:46:52','2021-10-24 19:47:31'),(36,0,'en','validation','distinct','The :attribute field has a duplicate value.','2021-10-24 19:46:52','2021-10-24 19:47:31'),(37,0,'en','validation','email','The :attribute must be a valid email address.','2021-10-24 19:46:52','2021-10-24 19:47:31'),(38,0,'en','validation','ends_with','The :attribute must end with one of the following: :values.','2021-10-24 19:46:52','2021-10-24 19:47:31'),(39,0,'en','validation','exists','The selected :attribute is invalid.','2021-10-24 19:46:52','2021-10-24 19:47:31'),(40,0,'en','validation','file','The :attribute must be a file.','2021-10-24 19:46:52','2021-10-24 19:47:31'),(41,0,'en','validation','filled','The :attribute field must have a value.','2021-10-24 19:46:52','2021-10-24 19:47:31'),(42,0,'en','validation','gt.numeric','The :attribute must be greater than :value.','2021-10-24 19:46:52','2021-10-24 19:47:31'),(43,0,'en','validation','gt.file','The :attribute must be greater than :value kilobytes.','2021-10-24 19:46:52','2021-10-24 19:47:31'),(44,0,'en','validation','gt.string','The :attribute must be greater than :value characters.','2021-10-24 19:46:52','2021-10-24 19:47:31'),(45,0,'en','validation','gt.array','The :attribute must have more than :value items.','2021-10-24 19:46:52','2021-10-24 19:47:31'),(46,0,'en','validation','gte.numeric','The :attribute must be greater than or equal to :value.','2021-10-24 19:46:52','2021-10-24 19:47:31'),(47,0,'en','validation','gte.file','The :attribute must be greater than or equal to :value kilobytes.','2021-10-24 19:46:52','2021-10-24 19:47:31'),(48,0,'en','validation','gte.string','The :attribute must be greater than or equal to :value characters.','2021-10-24 19:46:52','2021-10-24 19:47:31'),(49,0,'en','validation','gte.array','The :attribute must have :value items or more.','2021-10-24 19:46:52','2021-10-24 19:47:31'),(50,0,'en','validation','image','The :attribute must be an image.','2021-10-24 19:46:52','2021-10-24 19:47:31'),(51,0,'en','validation','in','The selected :attribute is invalid.','2021-10-24 19:46:52','2021-10-24 19:47:31'),(52,0,'en','validation','in_array','The :attribute field does not exist in :other.','2021-10-24 19:46:52','2021-10-24 19:47:31'),(53,0,'en','validation','integer','The :attribute must be an integer.','2021-10-24 19:46:52','2021-10-24 19:47:31'),(54,0,'en','validation','ip','The :attribute must be a valid IP address.','2021-10-24 19:46:52','2021-10-24 19:47:31'),(55,0,'en','validation','ipv4','The :attribute must be a valid IPv4 address.','2021-10-24 19:46:52','2021-10-24 19:47:31'),(56,0,'en','validation','ipv6','The :attribute must be a valid IPv6 address.','2021-10-24 19:46:52','2021-10-24 19:47:31'),(57,0,'en','validation','json','The :attribute must be a valid JSON string.','2021-10-24 19:46:52','2021-10-24 19:47:31'),(58,0,'en','validation','lt.numeric','The :attribute must be less than :value.','2021-10-24 19:46:52','2021-10-24 19:47:31'),(59,0,'en','validation','lt.file','The :attribute must be less than :value kilobytes.','2021-10-24 19:46:52','2021-10-24 19:47:31'),(60,0,'en','validation','lt.string','The :attribute must be less than :value characters.','2021-10-24 19:46:52','2021-10-24 19:47:31'),(61,0,'en','validation','lt.array','The :attribute must have less than :value items.','2021-10-24 19:46:52','2021-10-24 19:47:31'),(62,0,'en','validation','lte.numeric','The :attribute must be less than or equal to :value.','2021-10-24 19:46:52','2021-10-24 19:47:31'),(63,0,'en','validation','lte.file','The :attribute must be less than or equal to :value kilobytes.','2021-10-24 19:46:52','2021-10-24 19:47:31'),(64,0,'en','validation','lte.string','The :attribute must be less than or equal to :value characters.','2021-10-24 19:46:52','2021-10-24 19:47:31'),(65,0,'en','validation','lte.array','The :attribute must not have more than :value items.','2021-10-24 19:46:52','2021-10-24 19:47:31'),(66,0,'en','validation','max.numeric','The :attribute must not be greater than :max.','2021-10-24 19:46:52','2021-10-24 19:47:31'),(67,0,'en','validation','max.file','The :attribute must not be greater than :max kilobytes.','2021-10-24 19:46:52','2021-10-24 19:47:31'),(68,0,'en','validation','max.string','The :attribute must not be greater than :max characters.','2021-10-24 19:46:52','2021-10-24 19:47:31'),(69,0,'en','validation','max.array','The :attribute must not have more than :max items.','2021-10-24 19:46:52','2021-10-24 19:47:31'),(70,0,'en','validation','mimes','The :attribute must be a file of type: :values.','2021-10-24 19:46:52','2021-10-24 19:47:31'),(71,0,'en','validation','mimetypes','The :attribute must be a file of type: :values.','2021-10-24 19:46:52','2021-10-24 19:47:31'),(72,0,'en','validation','min.numeric','The :attribute must be at least :min.','2021-10-24 19:46:53','2021-10-24 19:47:31'),(73,0,'en','validation','min.file','The :attribute must be at least :min kilobytes.','2021-10-24 19:46:53','2021-10-24 19:47:31'),(74,0,'en','validation','min.string','The :attribute must be at least :min characters.','2021-10-24 19:46:53','2021-10-24 19:47:31'),(75,0,'en','validation','min.array','The :attribute must have at least :min items.','2021-10-24 19:46:53','2021-10-24 19:47:31'),(76,0,'en','validation','multiple_of','The :attribute must be a multiple of :value.','2021-10-24 19:46:53','2021-10-24 19:47:31'),(77,0,'en','validation','not_in','The selected :attribute is invalid.','2021-10-24 19:46:53','2021-10-24 19:47:31'),(78,0,'en','validation','not_regex','The :attribute format is invalid.','2021-10-24 19:46:53','2021-10-24 19:47:31'),(79,0,'en','validation','numeric','The :attribute must be a number.','2021-10-24 19:46:53','2021-10-24 19:47:31'),(80,0,'en','validation','password','The password is incorrect.','2021-10-24 19:46:53','2021-10-24 19:47:31'),(81,0,'en','validation','present','The :attribute field must be present.','2021-10-24 19:46:53','2021-10-24 19:47:31'),(82,0,'en','validation','regex','The :attribute format is invalid.','2021-10-24 19:46:53','2021-10-24 19:47:31'),(83,0,'en','validation','required','The :attribute field is required.','2021-10-24 19:46:53','2021-10-24 19:47:31'),(84,0,'en','validation','required_if','The :attribute field is required when :other is :value.','2021-10-24 19:46:53','2021-10-24 19:47:31'),(85,0,'en','validation','required_unless','The :attribute field is required unless :other is in :values.','2021-10-24 19:46:53','2021-10-24 19:47:31'),(86,0,'en','validation','required_with','The :attribute field is required when :values is present.','2021-10-24 19:46:53','2021-10-24 19:47:31'),(87,0,'en','validation','required_with_all','The :attribute field is required when :values are present.','2021-10-24 19:46:53','2021-10-24 19:47:31'),(88,0,'en','validation','required_without','The :attribute field is required when :values is not present.','2021-10-24 19:46:53','2021-10-24 19:47:31'),(89,0,'en','validation','required_without_all','The :attribute field is required when none of :values are present.','2021-10-24 19:46:53','2021-10-24 19:47:31'),(90,0,'en','validation','prohibited','The :attribute field is prohibited.','2021-10-24 19:46:53','2021-10-24 19:47:31'),(91,0,'en','validation','prohibited_if','The :attribute field is prohibited when :other is :value.','2021-10-24 19:46:53','2021-10-24 19:47:31'),(92,0,'en','validation','prohibited_unless','The :attribute field is prohibited unless :other is in :values.','2021-10-24 19:46:53','2021-10-24 19:47:31'),(93,0,'en','validation','prohibits','The :attribute field prohibits :other from being present.','2021-10-24 19:46:53','2021-10-24 19:47:31'),(94,0,'en','validation','same','The :attribute and :other must match.','2021-10-24 19:46:53','2021-10-24 19:47:31'),(95,0,'en','validation','size.numeric','The :attribute must be :size.','2021-10-24 19:46:53','2021-10-24 19:47:31'),(96,0,'en','validation','size.file','The :attribute must be :size kilobytes.','2021-10-24 19:46:53','2021-10-24 19:47:31'),(97,0,'en','validation','size.string','The :attribute must be :size characters.','2021-10-24 19:46:53','2021-10-24 19:47:31'),(98,0,'en','validation','size.array','The :attribute must contain :size items.','2021-10-24 19:46:53','2021-10-24 19:47:31'),(99,0,'en','validation','starts_with','The :attribute must start with one of the following: :values.','2021-10-24 19:46:53','2021-10-24 19:47:31'),(100,0,'en','validation','string','The :attribute must be a string.','2021-10-24 19:46:53','2021-10-24 19:47:31'),(101,0,'en','validation','timezone','The :attribute must be a valid timezone.','2021-10-24 19:46:53','2021-10-24 19:47:31'),(102,0,'en','validation','unique','The :attribute has already been taken.','2021-10-24 19:46:53','2021-10-24 19:47:31'),(103,0,'en','validation','uploaded','The :attribute failed to upload.','2021-10-24 19:46:53','2021-10-24 19:47:31'),(104,0,'en','validation','url','The :attribute must be a valid URL.','2021-10-24 19:46:53','2021-10-24 19:47:31'),(105,0,'en','validation','uuid','The :attribute must be a valid UUID.','2021-10-24 19:46:53','2021-10-24 19:47:31'),(106,0,'en','validation','custom.attribute-name.rule-name','custom-message','2021-10-24 19:46:53','2021-10-24 19:47:31'),(107,0,'en','core/acl/api','api_clients','API Clients','2021-10-24 19:46:53','2021-10-24 19:47:31'),(108,0,'en','core/acl/api','create_new_client','Create new client','2021-10-24 19:46:53','2021-10-24 19:47:31'),(109,0,'en','core/acl/api','create_new_client_success','Create new client successfully!','2021-10-24 19:46:53','2021-10-24 19:47:31'),(110,0,'en','core/acl/api','edit_client','Edit client \":name\"','2021-10-24 19:46:53','2021-10-24 19:47:31'),(111,0,'en','core/acl/api','edit_client_success','Updated client successfully!','2021-10-24 19:46:53','2021-10-24 19:47:31'),(112,0,'en','core/acl/api','delete_success','Deleted client successfully!','2021-10-24 19:46:53','2021-10-24 19:47:31'),(113,0,'en','core/acl/api','confirm_delete_title','Confirm delete client \":name\"','2021-10-24 19:46:53','2021-10-24 19:47:31'),(114,0,'en','core/acl/api','confirm_delete_description','Do you really want to delete client \":name\"?','2021-10-24 19:46:53','2021-10-24 19:47:31'),(115,0,'en','core/acl/api','cancel_delete','No','2021-10-24 19:46:53','2021-10-24 19:47:31'),(116,0,'en','core/acl/api','continue_delete','Yes, let\'s delete it!','2021-10-24 19:46:53','2021-10-24 19:47:31'),(117,0,'en','core/acl/api','name','Name','2021-10-24 19:46:53','2021-10-24 19:47:31'),(118,0,'en','core/acl/api','cancel','Cancel','2021-10-24 19:46:53','2021-10-24 19:47:31'),(119,0,'en','core/acl/api','save','Save','2021-10-24 19:46:53','2021-10-24 19:47:31'),(120,0,'en','core/acl/api','edit','Edit','2021-10-24 19:46:53','2021-10-24 19:47:31'),(121,0,'en','core/acl/api','delete','Delete','2021-10-24 19:46:53','2021-10-24 19:47:31'),(122,0,'en','core/acl/api','client_id','Client ID','2021-10-24 19:46:53','2021-10-24 19:47:31'),(123,0,'en','core/acl/api','secret','Secret','2021-10-24 19:46:53','2021-10-24 19:47:31'),(124,0,'en','core/acl/auth','login.username','Email/Username','2021-10-24 19:46:53','2021-10-24 19:47:31'),(125,0,'en','core/acl/auth','login.email','Email','2021-10-24 19:46:53','2021-10-24 19:47:31'),(126,0,'en','core/acl/auth','login.password','Password','2021-10-24 19:46:53','2021-10-24 19:47:31'),(127,0,'en','core/acl/auth','login.title','User Login','2021-10-24 19:46:53','2021-10-24 19:47:31'),(128,0,'en','core/acl/auth','login.remember','Remember me?','2021-10-24 19:46:53','2021-10-24 19:47:31'),(129,0,'en','core/acl/auth','login.login','Sign in','2021-10-24 19:46:53','2021-10-24 19:47:31'),(130,0,'en','core/acl/auth','login.placeholder.username','Please enter your username','2021-10-24 19:46:53','2021-10-24 19:47:31'),(131,0,'en','core/acl/auth','login.placeholder.email','Please enter your email','2021-10-24 19:46:53','2021-10-24 19:47:31'),(132,0,'en','core/acl/auth','login.success','Login successfully!','2021-10-24 19:46:53','2021-10-24 19:47:31'),(133,0,'en','core/acl/auth','login.fail','Wrong username or password.','2021-10-24 19:46:53','2021-10-24 19:47:31'),(134,0,'en','core/acl/auth','login.not_active','Your account has not been activated yet!','2021-10-24 19:46:53','2021-10-24 19:47:31'),(135,0,'en','core/acl/auth','login.banned','This account is banned.','2021-10-24 19:46:53','2021-10-24 19:47:31'),(136,0,'en','core/acl/auth','login.logout_success','Logout successfully!','2021-10-24 19:46:53','2021-10-24 19:47:31'),(137,0,'en','core/acl/auth','login.dont_have_account','You don\'t have account on this system, please contact administrator for more information!','2021-10-24 19:46:53','2021-10-24 19:47:31'),(138,0,'en','core/acl/auth','forgot_password.title','Forgot Password','2021-10-24 19:46:53','2021-10-24 19:47:31'),(139,0,'en','core/acl/auth','forgot_password.message','<p>Have you forgotten your password?</p><p>Please enter your email account. System will send a email with active link to reset your password.</p>','2021-10-24 19:46:53','2021-10-24 19:47:31'),(140,0,'en','core/acl/auth','forgot_password.submit','Submit','2021-10-24 19:46:53','2021-10-24 19:47:31'),(141,0,'en','core/acl/auth','reset.new_password','New password','2021-10-24 19:46:53','2021-10-24 19:47:31'),(142,0,'en','core/acl/auth','reset.password_confirmation','Confirm new password','2021-10-24 19:46:53','2021-10-24 19:47:31'),(143,0,'en','core/acl/auth','reset.email','Email','2021-10-24 19:46:53','2021-10-24 19:47:31'),(144,0,'en','core/acl/auth','reset.title','Reset your password','2021-10-24 19:46:53','2021-10-24 19:47:31'),(145,0,'en','core/acl/auth','reset.update','Update','2021-10-24 19:46:53','2021-10-24 19:47:31'),(146,0,'en','core/acl/auth','reset.wrong_token','This link is invalid or expired. Please try using reset form again.','2021-10-24 19:46:53','2021-10-24 19:47:31'),(147,0,'en','core/acl/auth','reset.user_not_found','This username is not exist.','2021-10-24 19:46:53','2021-10-24 19:47:31'),(148,0,'en','core/acl/auth','reset.success','Reset password successfully!','2021-10-24 19:46:53','2021-10-24 19:47:31'),(149,0,'en','core/acl/auth','reset.fail','Token is invalid, the reset password link has been expired!','2021-10-24 19:46:53','2021-10-24 19:47:31'),(150,0,'en','core/acl/auth','reset.reset.title','Email reset password','2021-10-24 19:46:53','2021-10-24 19:47:31'),(151,0,'en','core/acl/auth','reset.send.success','A email was sent to your email account. Please check and complete this action.','2021-10-24 19:46:53','2021-10-24 19:47:31'),(152,0,'en','core/acl/auth','reset.send.fail','Can not send email in this time. Please try again later.','2021-10-24 19:46:53','2021-10-24 19:47:31'),(153,0,'en','core/acl/auth','reset.new-password','New password','2021-10-24 19:46:53','2021-10-24 19:47:31'),(154,0,'en','core/acl/auth','email.reminder.title','Email reset password','2021-10-24 19:46:53','2021-10-24 19:47:31'),(155,0,'en','core/acl/auth','password_confirmation','Password confirm','2021-10-24 19:46:53','2021-10-24 19:47:31'),(156,0,'en','core/acl/auth','failed','Failed','2021-10-24 19:46:53','2021-10-24 19:47:31'),(157,0,'en','core/acl/auth','throttle','Throttle','2021-10-24 19:46:53','2021-10-24 19:47:31'),(158,0,'en','core/acl/auth','not_member','Not a member yet?','2021-10-24 19:46:53','2021-10-24 19:47:31'),(159,0,'en','core/acl/auth','register_now','Register now','2021-10-24 19:46:53','2021-10-24 19:47:31'),(160,0,'en','core/acl/auth','lost_your_password','Lost your password?','2021-10-24 19:46:53','2021-10-24 19:47:31'),(161,0,'en','core/acl/auth','login_title','Admin','2021-10-24 19:46:53','2021-10-24 19:47:31'),(162,0,'en','core/acl/auth','login_via_social','Login with social networks','2021-10-24 19:46:53','2021-10-24 19:47:31'),(163,0,'en','core/acl/auth','back_to_login','Back to login page','2021-10-24 19:46:53','2021-10-24 19:47:31'),(164,0,'en','core/acl/auth','sign_in_below','Sign In Below','2021-10-24 19:46:53','2021-10-24 19:47:31'),(165,0,'en','core/acl/auth','languages','Languages','2021-10-24 19:46:53','2021-10-24 19:47:31'),(166,0,'en','core/acl/auth','reset_password','Reset Password','2021-10-24 19:46:53','2021-10-24 19:47:31'),(167,0,'en','core/acl/auth','settings.email.title','ACL','2021-10-24 19:46:53','2021-10-24 19:47:31'),(168,0,'en','core/acl/auth','settings.email.description','ACL email configuration','2021-10-24 19:46:53','2021-10-24 19:47:31'),(169,0,'en','core/acl/permissions','notices.role_in_use','Cannot delete this role, it is still in use!','2021-10-24 19:46:53','2021-10-24 19:47:31'),(170,0,'en','core/acl/permissions','notices.role_delete_belong_user','You are not able to delete this role; it belongs to someone else!','2021-10-24 19:46:53','2021-10-24 19:47:31'),(171,0,'en','core/acl/permissions','notices.role_edit_belong_user','You are not able to edit this role; it belongs to someone else!','2021-10-24 19:46:53','2021-10-24 19:47:31'),(172,0,'en','core/acl/permissions','notices.delete_global_role','You are not allowed to delete global roles!','2021-10-24 19:46:53','2021-10-24 19:47:31'),(173,0,'en','core/acl/permissions','notices.delete_success','The selected role was deleted successfully!','2021-10-24 19:46:53','2021-10-24 19:47:31'),(174,0,'en','core/acl/permissions','notices.modified_success','The selected role was modified successfully!','2021-10-24 19:46:53','2021-10-24 19:47:31'),(175,0,'en','core/acl/permissions','notices.create_success','The new role was successfully created','2021-10-24 19:46:53','2021-10-24 19:47:31'),(176,0,'en','core/acl/permissions','notices.duplicated_success','The selected role was duplicated successfully','2021-10-24 19:46:53','2021-10-24 19:47:31'),(177,0,'en','core/acl/permissions','notices.no_select','Please select at least one record to take this action!','2021-10-24 19:46:53','2021-10-24 19:47:31'),(178,0,'en','core/acl/permissions','notices.not_found','Role not found','2021-10-24 19:46:53','2021-10-24 19:47:31'),(179,0,'en','core/acl/permissions','name','Name','2021-10-24 19:46:53','2021-10-24 19:47:31'),(180,0,'en','core/acl/permissions','current_role','Current Role','2021-10-24 19:46:53','2021-10-24 19:47:31'),(181,0,'en','core/acl/permissions','no_role_assigned','No role assigned','2021-10-24 19:46:53','2021-10-24 19:47:31'),(182,0,'en','core/acl/permissions','role_assigned','Assigned Role','2021-10-24 19:46:53','2021-10-24 19:47:31'),(183,0,'en','core/acl/permissions','create_role','Create New Role','2021-10-24 19:46:53','2021-10-24 19:47:31'),(184,0,'en','core/acl/permissions','role_name','Name','2021-10-24 19:46:53','2021-10-24 19:47:31'),(185,0,'en','core/acl/permissions','role_description','Description','2021-10-24 19:46:53','2021-10-24 19:47:31'),(186,0,'en','core/acl/permissions','permission_flags','Permission Flags','2021-10-24 19:46:53','2021-10-24 19:47:31'),(187,0,'en','core/acl/permissions','cancel','Cancel','2021-10-24 19:46:53','2021-10-24 19:47:31'),(188,0,'en','core/acl/permissions','reset','Reset','2021-10-24 19:46:53','2021-10-24 19:47:31'),(189,0,'en','core/acl/permissions','save','Save','2021-10-24 19:46:53','2021-10-24 19:47:31'),(190,0,'en','core/acl/permissions','global_role_msg','This is a global role and cannot be modified.  You can use the Duplicate button to make a copy of this role that you can then modify.','2021-10-24 19:46:53','2021-10-24 19:47:31'),(191,0,'en','core/acl/permissions','details','Details','2021-10-24 19:46:53','2021-10-24 19:47:31'),(192,0,'en','core/acl/permissions','duplicate','Duplicate','2021-10-24 19:46:53','2021-10-24 19:47:31'),(193,0,'en','core/acl/permissions','all','All Permissions','2021-10-24 19:46:53','2021-10-24 19:47:31'),(194,0,'en','core/acl/permissions','list_role','List Roles','2021-10-24 19:46:53','2021-10-24 19:47:31'),(195,0,'en','core/acl/permissions','created_on','Created On','2021-10-24 19:46:53','2021-10-24 19:47:31'),(196,0,'en','core/acl/permissions','created_by','Created By','2021-10-24 19:46:53','2021-10-24 19:47:31'),(197,0,'en','core/acl/permissions','actions','Actions','2021-10-24 19:46:53','2021-10-24 19:47:31'),(198,0,'en','core/acl/permissions','role_in_use','Cannot delete this role, it is still in use!','2021-10-24 19:46:53','2021-10-24 19:47:31'),(199,0,'en','core/acl/permissions','role_delete_belong_user','You are not able to delete this role; it belongs to someone else!','2021-10-24 19:46:53','2021-10-24 19:47:31'),(200,0,'en','core/acl/permissions','delete_global_role','Can not delete global role','2021-10-24 19:46:53','2021-10-24 19:47:31'),(201,0,'en','core/acl/permissions','delete_success','Delete role successfully','2021-10-24 19:46:53','2021-10-24 19:47:31'),(202,0,'en','core/acl/permissions','no_select','Please select at least one role to take this action!','2021-10-24 19:46:53','2021-10-24 19:47:31'),(203,0,'en','core/acl/permissions','not_found','No role found!','2021-10-24 19:46:53','2021-10-24 19:47:31'),(204,0,'en','core/acl/permissions','role_edit_belong_user','You are not able to edit this role; it belongs to someone else!','2021-10-24 19:46:53','2021-10-24 19:47:31'),(205,0,'en','core/acl/permissions','modified_success','Modified successfully','2021-10-24 19:46:53','2021-10-24 19:47:31'),(206,0,'en','core/acl/permissions','create_success','Create successfully','2021-10-24 19:46:53','2021-10-24 19:47:31'),(207,0,'en','core/acl/permissions','duplicated_success','Duplicated successfully','2021-10-24 19:46:53','2021-10-24 19:47:31'),(208,0,'en','core/acl/permissions','options','Options','2021-10-24 19:46:53','2021-10-24 19:47:31'),(209,0,'en','core/acl/permissions','access_denied_message','You are not allowed to do this action','2021-10-24 19:46:53','2021-10-24 19:47:31'),(210,0,'en','core/acl/permissions','roles','Roles','2021-10-24 19:46:53','2021-10-24 19:47:31'),(211,0,'en','core/acl/permissions','role_permission','Roles and Permissions','2021-10-24 19:46:53','2021-10-24 19:47:31'),(212,0,'en','core/acl/permissions','user_management','User Management','2021-10-24 19:46:53','2021-10-24 19:47:31'),(213,0,'en','core/acl/permissions','super_user_management','Super User Management','2021-10-24 19:46:53','2021-10-24 19:47:31'),(214,0,'en','core/acl/permissions','action_unauthorized','This action is unauthorized.','2021-10-24 19:46:53','2021-10-24 19:47:31'),(215,0,'en','core/acl/reminders','password','Passwords must be at least six characters and match the confirmation.','2021-10-24 19:46:53','2021-10-24 19:47:31'),(216,0,'en','core/acl/reminders','user','We can\'t find a user with that e-mail address.','2021-10-24 19:46:53','2021-10-24 19:47:31'),(217,0,'en','core/acl/reminders','token','This password reset token is invalid.','2021-10-24 19:46:53','2021-10-24 19:47:31'),(218,0,'en','core/acl/reminders','sent','Password reminder sent!','2021-10-24 19:46:53','2021-10-24 19:47:31'),(219,0,'en','core/acl/reminders','reset','Password has been reset!','2021-10-24 19:46:53','2021-10-24 19:47:31'),(220,0,'en','core/acl/users','delete_user_logged_in','Can\'t delete this user. This user is logged on!','2021-10-24 19:46:53','2021-10-24 19:47:31'),(221,0,'en','core/acl/users','no_select','Please select at least one record to take this action!','2021-10-24 19:46:53','2021-10-24 19:47:31'),(222,0,'en','core/acl/users','lock_user_logged_in','Can\'t lock this user. This user is logged on!','2021-10-24 19:46:53','2021-10-24 19:47:31'),(223,0,'en','core/acl/users','update_success','Update status successfully!','2021-10-24 19:46:53','2021-10-24 19:47:31'),(224,0,'en','core/acl/users','save_setting_failed','Something went wrong when save your setting','2021-10-24 19:46:53','2021-10-24 19:47:31'),(225,0,'en','core/acl/users','not_found','User not found','2021-10-24 19:46:53','2021-10-24 19:47:31'),(226,0,'en','core/acl/users','email_exist','That email address already belongs to an existing account','2021-10-24 19:46:53','2021-10-24 19:47:31'),(227,0,'en','core/acl/users','username_exist','That username address already belongs to an existing account','2021-10-24 19:46:53','2021-10-24 19:47:31'),(228,0,'en','core/acl/users','update_profile_success','Your profile changes were successfully saved','2021-10-24 19:46:53','2021-10-24 19:47:31'),(229,0,'en','core/acl/users','password_update_success','Password successfully changed','2021-10-24 19:46:53','2021-10-24 19:47:31'),(230,0,'en','core/acl/users','current_password_not_valid','Current password is not valid','2021-10-24 19:46:53','2021-10-24 19:47:31'),(231,0,'en','core/acl/users','user_exist_in','User is already a member','2021-10-24 19:46:53','2021-10-24 19:47:31'),(232,0,'en','core/acl/users','email','Email','2021-10-24 19:46:53','2021-10-24 19:47:31'),(233,0,'en','core/acl/users','role','Role','2021-10-24 19:46:53','2021-10-24 19:47:31'),(234,0,'en','core/acl/users','username','Username','2021-10-24 19:46:53','2021-10-24 19:47:31'),(235,0,'en','core/acl/users','last_name','Last Name','2021-10-24 19:46:53','2021-10-24 19:47:31'),(236,0,'en','core/acl/users','first_name','First Name','2021-10-24 19:46:53','2021-10-24 19:47:31'),(237,0,'en','core/acl/users','message','Message','2021-10-24 19:46:53','2021-10-24 19:47:31'),(238,0,'en','core/acl/users','cancel_btn','Cancel','2021-10-24 19:46:53','2021-10-24 19:47:31'),(239,0,'en','core/acl/users','change_password','Change password','2021-10-24 19:46:53','2021-10-24 19:47:31'),(240,0,'en','core/acl/users','current_password','Current password','2021-10-24 19:46:53','2021-10-24 19:47:31'),(241,0,'en','core/acl/users','new_password','New Password','2021-10-24 19:46:53','2021-10-24 19:47:31'),(242,0,'en','core/acl/users','confirm_new_password','Confirm New Password','2021-10-24 19:46:53','2021-10-24 19:47:31'),(243,0,'en','core/acl/users','password','Password','2021-10-24 19:46:53','2021-10-24 19:47:31'),(244,0,'en','core/acl/users','save','Save','2021-10-24 19:46:53','2021-10-24 19:47:31'),(245,0,'en','core/acl/users','cannot_delete','User could not be deleted','2021-10-24 19:46:53','2021-10-24 19:47:31'),(246,0,'en','core/acl/users','deleted','User deleted','2021-10-24 19:46:53','2021-10-24 19:47:31'),(247,0,'en','core/acl/users','last_login','Last Login','2021-10-24 19:46:53','2021-10-24 19:47:31'),(248,0,'en','core/acl/users','error_update_profile_image','Error when update profile image','2021-10-24 19:46:53','2021-10-24 19:47:31'),(249,0,'en','core/acl/users','email_reminder_template','<h3>Hello :name</h3><p>The system has received a request to restore the password for your account, to complete this task please click the link below.</p><p><a href=\":link\">Reset password now</a></p><p>If not you ask recover password, please ignore this email.</p><p>This email is valid for 60 minutes after receiving the email.</p>','2021-10-24 19:46:53','2021-10-24 19:47:31'),(250,0,'en','core/acl/users','change_profile_image','Change Profile Image','2021-10-24 19:46:53','2021-10-24 19:47:31'),(251,0,'en','core/acl/users','new_image','New Image','2021-10-24 19:46:53','2021-10-24 19:47:31'),(252,0,'en','core/acl/users','loading','Loading','2021-10-24 19:46:53','2021-10-24 19:47:31'),(253,0,'en','core/acl/users','close','Close','2021-10-24 19:46:53','2021-10-24 19:47:31'),(254,0,'en','core/acl/users','update','Update','2021-10-24 19:46:53','2021-10-24 19:47:31'),(255,0,'en','core/acl/users','read_image_failed','Failed to read the image file','2021-10-24 19:46:53','2021-10-24 19:47:31'),(256,0,'en','core/acl/users','users','Users','2021-10-24 19:46:53','2021-10-24 19:47:31'),(257,0,'en','core/acl/users','update_avatar_success','Update profile image successfully!','2021-10-24 19:46:53','2021-10-24 19:47:31'),(258,0,'en','core/acl/users','info.title','User profile','2021-10-24 19:46:53','2021-10-24 19:47:31'),(259,0,'en','core/acl/users','info.first_name','First Name','2021-10-24 19:46:53','2021-10-24 19:47:31'),(260,0,'en','core/acl/users','info.last_name','Last Name','2021-10-24 19:46:53','2021-10-24 19:47:31'),(261,0,'en','core/acl/users','info.email','Email','2021-10-24 19:46:53','2021-10-24 19:47:31'),(262,0,'en','core/acl/users','info.second_email','Secondary Email','2021-10-24 19:46:53','2021-10-24 19:47:31'),(263,0,'en','core/acl/users','info.address','Address','2021-10-24 19:46:53','2021-10-24 19:47:31'),(264,0,'en','core/acl/users','info.second_address','Secondary Address','2021-10-24 19:46:53','2021-10-24 19:47:31'),(265,0,'en','core/acl/users','info.birth_day','Date of birth','2021-10-24 19:46:53','2021-10-24 19:47:31'),(266,0,'en','core/acl/users','info.job','Job Position','2021-10-24 19:46:53','2021-10-24 19:47:31'),(267,0,'en','core/acl/users','info.mobile_number','Mobile Number','2021-10-24 19:46:53','2021-10-24 19:47:31'),(268,0,'en','core/acl/users','info.second_mobile_number','Secondary Phone','2021-10-24 19:46:53','2021-10-24 19:47:31'),(269,0,'en','core/acl/users','info.interes','Interests','2021-10-24 19:46:53','2021-10-24 19:47:31'),(270,0,'en','core/acl/users','info.about','About','2021-10-24 19:46:53','2021-10-24 19:47:31'),(271,0,'en','core/acl/users','gender.title','Gender','2021-10-24 19:46:53','2021-10-24 19:47:31'),(272,0,'en','core/acl/users','gender.male','Male','2021-10-24 19:46:53','2021-10-24 19:47:31'),(273,0,'en','core/acl/users','gender.female','Female','2021-10-24 19:46:53','2021-10-24 19:47:31'),(274,0,'en','core/acl/users','total_users','Total users','2021-10-24 19:46:53','2021-10-24 19:47:31'),(275,0,'en','core/acl/users','statuses.activated','Activated','2021-10-24 19:46:53','2021-10-24 19:47:31'),(276,0,'en','core/acl/users','statuses.deactivated','Deactivated','2021-10-24 19:46:53','2021-10-24 19:47:31'),(277,0,'en','core/acl/users','make_super','Make super','2021-10-24 19:46:53','2021-10-24 19:47:31'),(278,0,'en','core/acl/users','remove_super','Remove super','2021-10-24 19:46:53','2021-10-24 19:47:31'),(279,0,'en','core/acl/users','is_super','Is super?','2021-10-24 19:46:53','2021-10-24 19:47:31'),(280,0,'en','core/acl/users','email_placeholder','Ex: example@gmail.com','2021-10-24 19:46:53','2021-10-24 19:47:31'),(281,0,'en','core/acl/users','password_confirmation','Re-type password','2021-10-24 19:46:53','2021-10-24 19:47:31'),(282,0,'en','core/acl/users','select_role','Select role','2021-10-24 19:46:53','2021-10-24 19:47:31'),(283,0,'en','core/acl/users','create_new_user','Create a new user','2021-10-24 19:46:53','2021-10-24 19:47:31'),(284,0,'en','core/acl/users','cannot_delete_super_user','Permission denied. Cannot delete a super user!','2021-10-24 19:46:53','2021-10-24 19:47:31'),(285,0,'en','core/acl/users','assigned_role','Assigned Role','2021-10-24 19:46:53','2021-10-24 19:47:31'),(286,0,'en','core/acl/users','no_role_assigned','No role assigned','2021-10-24 19:46:53','2021-10-24 19:47:31'),(287,0,'en','core/acl/users','view_user_profile','View user\'s profile','2021-10-24 19:46:53','2021-10-24 19:47:31'),(288,0,'vi','core/acl/auth','login.username','Tên truy cập','2021-10-24 19:46:53','2021-10-24 19:47:31'),(289,0,'vi','core/acl/auth','login.password','Mật khẩu','2021-10-24 19:46:53','2021-10-24 19:47:31'),(290,0,'vi','core/acl/auth','login.title','Đăng nhập vào quản trị','2021-10-24 19:46:53','2021-10-24 19:47:31'),(291,0,'vi','core/acl/auth','login.remember','Nhớ mật khẩu?','2021-10-24 19:46:53','2021-10-24 19:47:31'),(292,0,'vi','core/acl/auth','login.login','Đăng nhập','2021-10-24 19:46:53','2021-10-24 19:47:31'),(293,0,'vi','core/acl/auth','login.placeholder.username','Vui lòng nhập tên truy cập','2021-10-24 19:46:53','2021-10-24 19:47:31'),(294,0,'vi','core/acl/auth','login.placeholder.email','Vui lòng nhập email','2021-10-24 19:46:53','2021-10-24 19:47:31'),(295,0,'vi','core/acl/auth','login.success','Đăng nhập thành công!','2021-10-24 19:46:53','2021-10-24 19:47:31'),(296,0,'vi','core/acl/auth','login.fail','Sai tên truy cập hoặc mật khẩu.','2021-10-24 19:46:53','2021-10-24 19:47:31'),(297,0,'vi','core/acl/auth','login.not_active','Tài khoản của bạn chưa được kích hoạt!','2021-10-24 19:46:53','2021-10-24 19:47:31'),(298,0,'vi','core/acl/auth','login.banned','Tài khoản này đã bị khóa.','2021-10-24 19:46:53','2021-10-24 19:47:31'),(299,0,'vi','core/acl/auth','login.logout_success','Đăng xuất thành công!','2021-10-24 19:46:53','2021-10-24 19:47:31'),(300,0,'vi','core/acl/auth','login.dont_have_account','Bạn không có tài khoản trong hệ thống, vui lòng liên hệ quản trị viên!','2021-10-24 19:46:53','2021-10-24 19:47:31'),(301,0,'vi','core/acl/auth','login.email','Email','2021-10-24 19:46:53','2021-10-24 19:47:31'),(302,0,'vi','core/acl/auth','forgot_password.title','Quên mật khẩu','2021-10-24 19:46:53','2021-10-24 19:47:31'),(303,0,'vi','core/acl/auth','forgot_password.message','<p>Quên mật khẩu?</p><p>Vui lòng nhập email đăng nhập tài khoản của bạn để hệ thống gửi liên kết khôi phục mật khẩu.</p>','2021-10-24 19:46:53','2021-10-24 19:47:31'),(304,0,'vi','core/acl/auth','forgot_password.submit','Hoàn tất','2021-10-24 19:46:53','2021-10-24 19:47:31'),(305,0,'vi','core/acl/auth','reset.new_password','Mật khẩu mới','2021-10-24 19:46:53','2021-10-24 19:47:31'),(306,0,'vi','core/acl/auth','reset.title','Khôi phục mật khẩu','2021-10-24 19:46:53','2021-10-24 19:47:31'),(307,0,'vi','core/acl/auth','reset.update','Cập nhật','2021-10-24 19:46:53','2021-10-24 19:47:31'),(308,0,'vi','core/acl/auth','reset.wrong_token','Liên kết này không chính xác hoặc đã hết hiệu lực, vui lòng yêu cầu khôi phục mật khẩu lại!','2021-10-24 19:46:53','2021-10-24 19:47:31'),(309,0,'vi','core/acl/auth','reset.user_not_found','Tên đăng nhập không tồn tại.','2021-10-24 19:46:53','2021-10-24 19:47:31'),(310,0,'vi','core/acl/auth','reset.success','Khôi phục mật khẩu thành công!','2021-10-24 19:46:53','2021-10-24 19:47:31'),(311,0,'vi','core/acl/auth','reset.fail','Token không hợp lệ hoặc liên kết khôi phục mật khẩu đã hết thời gian hiệu lực!','2021-10-24 19:46:53','2021-10-24 19:47:31'),(312,0,'vi','core/acl/auth','reset.reset.title','Email khôi phục mật khẩu','2021-10-24 19:46:53','2021-10-24 19:47:31'),(313,0,'vi','core/acl/auth','reset.send.success','Một email khôi phục mật khẩu đã được gửi tới email của bạn, vui lòng kiểm tra và hoàn tất yêu cầu.','2021-10-24 19:46:53','2021-10-24 19:47:31'),(314,0,'vi','core/acl/auth','reset.send.fail','Không thể gửi email trong lúc này. Vui lòng thực hiện lại sau.','2021-10-24 19:46:53','2021-10-24 19:47:31'),(315,0,'vi','core/acl/auth','reset.new-password','Mật khẩu mới','2021-10-24 19:46:53','2021-10-24 19:47:31'),(316,0,'vi','core/acl/auth','reset.email','Email','2021-10-24 19:46:53','2021-10-24 19:47:31'),(317,0,'vi','core/acl/auth','email.reminder.title','Email khôi phục mật khẩu','2021-10-24 19:46:53','2021-10-24 19:47:31'),(318,0,'vi','core/acl/auth','failed','Không thành công','2021-10-24 19:46:53','2021-10-24 19:47:31'),(319,0,'vi','core/acl/auth','throttle','Throttle','2021-10-24 19:46:53','2021-10-24 19:47:31'),(320,0,'vi','core/acl/auth','back_to_login','Quay lại trang đăng nhập','2021-10-24 19:46:53','2021-10-24 19:47:31'),(321,0,'vi','core/acl/auth','login_title','Đăng nhập vào quản trị','2021-10-24 19:46:53','2021-10-24 19:47:31'),(322,0,'vi','core/acl/auth','login_via_social','Đăng nhập thông qua mạng xã hội','2021-10-24 19:46:53','2021-10-24 19:47:31'),(323,0,'vi','core/acl/auth','lost_your_password','Quên mật khẩu?','2021-10-24 19:46:53','2021-10-24 19:47:31'),(324,0,'vi','core/acl/auth','not_member','Chưa là thành viên?','2021-10-24 19:46:53','2021-10-24 19:47:31'),(325,0,'vi','core/acl/auth','register_now','Đăng ký ngay','2021-10-24 19:46:53','2021-10-24 19:47:31'),(326,0,'vi','core/acl/permissions','notices.role_in_use','Không thể xóa quyền người dùng này vì nó đang được sử dụng!','2021-10-24 19:46:53','2021-10-24 19:47:31'),(327,0,'vi','core/acl/permissions','notices.role_delete_belong_user','Không thể xóa quyền hạn này vì nó thuộc về người khác!','2021-10-24 19:46:53','2021-10-24 19:47:31'),(328,0,'vi','core/acl/permissions','notices.role_edit_belong_user','Bạn không được phép sửa quyền này vì nó thuộc về người khác','2021-10-24 19:46:53','2021-10-24 19:47:31'),(329,0,'vi','core/acl/permissions','notices.delete_global_role','Bạn không thể xóa quyền người dùng hệ thống!','2021-10-24 19:46:53','2021-10-24 19:47:31'),(330,0,'vi','core/acl/permissions','notices.delete_success','Quyền người dùng đã được xóa!','2021-10-24 19:46:53','2021-10-24 19:47:31'),(331,0,'vi','core/acl/permissions','notices.modified_success','Quyền người dùng đã được cập nhật thành công!','2021-10-24 19:46:53','2021-10-24 19:47:31'),(332,0,'vi','core/acl/permissions','notices.create_success','Quyền người dùng mới đã được tạo thành công!','2021-10-24 19:46:53','2021-10-24 19:47:31'),(333,0,'vi','core/acl/permissions','notices.duplicated_success','Quyền người dùng đã được sao chép thành công!','2021-10-24 19:46:53','2021-10-24 19:47:31'),(334,0,'vi','core/acl/permissions','notices.no_select','Hãy chọn ít nhất một quyền người dùng để thực hiện hành động này!','2021-10-24 19:46:53','2021-10-24 19:47:31'),(335,0,'vi','core/acl/permissions','notices.not_found','Không tìm thấy quyền người dùng này','2021-10-24 19:46:53','2021-10-24 19:47:31'),(336,0,'vi','core/acl/permissions','name','Tên','2021-10-24 19:46:53','2021-10-24 19:47:31'),(337,0,'vi','core/acl/permissions','current_role','Quyền hiện tại','2021-10-24 19:46:53','2021-10-24 19:47:31'),(338,0,'vi','core/acl/permissions','no_role_assigned','Không có quyền hạn nào','2021-10-24 19:46:53','2021-10-24 19:47:31'),(339,0,'vi','core/acl/permissions','role_assigned','Quyền đã được gán','2021-10-24 19:46:53','2021-10-24 19:47:31'),(340,0,'vi','core/acl/permissions','create_role','Tạo quyền mới','2021-10-24 19:46:53','2021-10-24 19:47:31'),(341,0,'vi','core/acl/permissions','role_name','Tên','2021-10-24 19:46:53','2021-10-24 19:47:31'),(342,0,'vi','core/acl/permissions','role_description','Mô tả','2021-10-24 19:46:53','2021-10-24 19:47:31'),(343,0,'vi','core/acl/permissions','permission_flags','Cờ đánh dấu quyền hạn','2021-10-24 19:46:53','2021-10-24 19:47:31'),(344,0,'vi','core/acl/permissions','cancel','Hủy bỏ','2021-10-24 19:46:53','2021-10-24 19:47:31'),(345,0,'vi','core/acl/permissions','reset','Làm lại','2021-10-24 19:46:53','2021-10-24 19:47:31'),(346,0,'vi','core/acl/permissions','save','Lưu','2021-10-24 19:46:53','2021-10-24 19:47:31'),(347,0,'vi','core/acl/permissions','global_role_msg','Đây là một phân quyền toàn cục và không thể thay đổi.  Bạn có thể sử dụng nút \"Nhân bản\" để tạo một bản sao chép cho phân quyền này và chỉnh sửa.','2021-10-24 19:46:53','2021-10-24 19:47:31'),(348,0,'vi','core/acl/permissions','details','Chi tiết','2021-10-24 19:46:53','2021-10-24 19:47:31'),(349,0,'vi','core/acl/permissions','duplicate','Nhân bản','2021-10-24 19:46:53','2021-10-24 19:47:31'),(350,0,'vi','core/acl/permissions','all','Tất cả phân quyền','2021-10-24 19:46:53','2021-10-24 19:47:31'),(351,0,'vi','core/acl/permissions','list_role','Danh sách quyền','2021-10-24 19:46:53','2021-10-24 19:47:31'),(352,0,'vi','core/acl/permissions','created_on','Ngày tạo','2021-10-24 19:46:53','2021-10-24 19:47:31'),(353,0,'vi','core/acl/permissions','created_by','Được tạo bởi','2021-10-24 19:46:53','2021-10-24 19:47:31'),(354,0,'vi','core/acl/permissions','actions','Tác vụ','2021-10-24 19:46:53','2021-10-24 19:47:31'),(355,0,'vi','core/acl/permissions','create_success','Tạo thành công!','2021-10-24 19:46:53','2021-10-24 19:47:31'),(356,0,'vi','core/acl/permissions','delete_global_role','Không thể xóa quyền hệ thống','2021-10-24 19:46:53','2021-10-24 19:47:31'),(357,0,'vi','core/acl/permissions','delete_success','Xóa quyền thành công','2021-10-24 19:46:53','2021-10-24 19:47:31'),(358,0,'vi','core/acl/permissions','duplicated_success','Nhân bản thành công','2021-10-24 19:46:53','2021-10-24 19:47:31'),(359,0,'vi','core/acl/permissions','modified_success','Sửa thành công','2021-10-24 19:46:53','2021-10-24 19:47:31'),(360,0,'vi','core/acl/permissions','no_select','Hãy chọn ít nhất một quyền để thực hiện hành động này!','2021-10-24 19:46:53','2021-10-24 19:47:31'),(361,0,'vi','core/acl/permissions','not_found','Không tìm thấy quyền thành viên nào!','2021-10-24 19:46:53','2021-10-24 19:47:31'),(362,0,'vi','core/acl/permissions','options','Tùy chọn','2021-10-24 19:46:53','2021-10-24 19:47:31'),(363,0,'vi','core/acl/permissions','role_delete_belong_user','Không thể xóa quyền hạn này vì nó thuộc về người khác!','2021-10-24 19:46:53','2021-10-24 19:47:31'),(364,0,'vi','core/acl/permissions','role_edit_belong_user','Bạn không được phép sửa quyền này vì nó thuộc về người khác','2021-10-24 19:46:53','2021-10-24 19:47:31'),(365,0,'vi','core/acl/permissions','role_in_use','Không thể xóa quyền người dùng này vì nó đang được sử dụng!','2021-10-24 19:46:53','2021-10-24 19:47:31'),(366,0,'vi','core/acl/permissions','access_denied_message','Bạn không có quyền sử dụng chức năng này!','2021-10-24 19:46:53','2021-10-24 19:47:31'),(367,0,'vi','core/acl/permissions','roles','Quyền','2021-10-24 19:46:53','2021-10-24 19:47:31'),(368,0,'vi','core/acl/permissions','role_permission','Nhóm và phân quyền','2021-10-24 19:46:53','2021-10-24 19:47:31'),(369,0,'vi','core/acl/permissions','user_management','Quản lý người dùng hệ thống','2021-10-24 19:46:53','2021-10-24 19:47:31'),(370,0,'vi','core/acl/permissions','super_user_management','Quản lý người dùng cấp cao','2021-10-24 19:46:53','2021-10-24 19:47:31'),(371,0,'vi','core/acl/reminders','password','Mật khẩu phải ít nhất 6 kí tự và trùng khớp với mật khẩu xác nhận.','2021-10-24 19:46:53','2021-10-24 19:47:31'),(372,0,'vi','core/acl/reminders','user','Hệ thống không thể tìm thấy tài khoản với email này.','2021-10-24 19:46:53','2021-10-24 19:47:31'),(373,0,'vi','core/acl/reminders','token','Mã khôi phục mật khẩu này không hợp lệ.','2021-10-24 19:46:53','2021-10-24 19:47:31'),(374,0,'vi','core/acl/reminders','sent','Liên kết khôi phục mật khẩu đã được gửi!','2021-10-24 19:46:53','2021-10-24 19:47:31'),(375,0,'vi','core/acl/reminders','reset','Mật khẩu đã được thay đổi!','2021-10-24 19:46:53','2021-10-24 19:47:31'),(376,0,'vi','core/acl/users','delete_user_logged_in','Không thể xóa người dùng đang đăng nhập hệ thống!','2021-10-24 19:46:53','2021-10-24 19:47:31'),(377,0,'vi','core/acl/users','no_select','Hãy chọn ít nhất một trường để thực hiện hành động này!','2021-10-24 19:46:53','2021-10-24 19:47:31'),(378,0,'vi','core/acl/users','lock_user_logged_in','Không thể khóa người dùng đang đăng nhập hệ thống!','2021-10-24 19:46:53','2021-10-24 19:47:31'),(379,0,'vi','core/acl/users','update_success','Cập nhật trạng thái thành công!','2021-10-24 19:46:53','2021-10-24 19:47:31'),(380,0,'vi','core/acl/users','save_setting_failed','Có lỗi xảy ra trong quá trình lưu cài đặt của người dùng','2021-10-24 19:46:53','2021-10-24 19:47:31'),(381,0,'vi','core/acl/users','not_found','Không tìm thấy người dùng','2021-10-24 19:46:53','2021-10-24 19:47:31'),(382,0,'vi','core/acl/users','email_exist','Email này đã được sử dụng bởi người dùng khác trong hệ thống','2021-10-24 19:46:53','2021-10-24 19:47:31'),(383,0,'vi','core/acl/users','username_exist','Tên đăng nhập này đã được sử dụng bởi người dùng khác trong hệ thống','2021-10-24 19:46:53','2021-10-24 19:47:31'),(384,0,'vi','core/acl/users','update_profile_success','Thông tin tài khoản của bạn đã được cập nhật thành công','2021-10-24 19:46:53','2021-10-24 19:47:31'),(385,0,'vi','core/acl/users','password_update_success','Cập nhật mật khẩu thành công','2021-10-24 19:46:53','2021-10-24 19:47:31'),(386,0,'vi','core/acl/users','current_password_not_valid','Mật khẩu hiện tại không chính xác','2021-10-24 19:46:53','2021-10-24 19:47:31'),(387,0,'vi','core/acl/users','user_exist_in','Người dùng đã là thành viên','2021-10-24 19:46:53','2021-10-24 19:47:31'),(388,0,'vi','core/acl/users','email','Email','2021-10-24 19:46:53','2021-10-24 19:47:31'),(389,0,'vi','core/acl/users','username','Tên đăng nhập','2021-10-24 19:46:53','2021-10-24 19:47:31'),(390,0,'vi','core/acl/users','role','Phân quyền','2021-10-24 19:46:53','2021-10-24 19:47:31'),(391,0,'vi','core/acl/users','first_name','Họ','2021-10-24 19:46:53','2021-10-24 19:47:31'),(392,0,'vi','core/acl/users','last_name','Tên','2021-10-24 19:46:53','2021-10-24 19:47:31'),(393,0,'vi','core/acl/users','message','Thông điệp','2021-10-24 19:46:53','2021-10-24 19:47:31'),(394,0,'vi','core/acl/users','cancel_btn','Hủy bỏ','2021-10-24 19:46:53','2021-10-24 19:47:31'),(395,0,'vi','core/acl/users','password','Mật khẩu','2021-10-24 19:46:53','2021-10-24 19:47:31'),(396,0,'vi','core/acl/users','new_password','Mật khẩu mới','2021-10-24 19:46:53','2021-10-24 19:47:31'),(397,0,'vi','core/acl/users','save','Lưu','2021-10-24 19:46:53','2021-10-24 19:47:31'),(398,0,'vi','core/acl/users','confirm_new_password','Xác nhận mật khẩu mới','2021-10-24 19:46:53','2021-10-24 19:47:31'),(399,0,'vi','core/acl/users','deleted','Xóa thành viên thành công','2021-10-24 19:46:53','2021-10-24 19:47:31'),(400,0,'vi','core/acl/users','cannot_delete','Không thể xóa thành viên','2021-10-24 19:46:53','2021-10-24 19:47:31'),(401,0,'vi','core/acl/users','last_login','Lần cuối đăng nhập','2021-10-24 19:46:53','2021-10-24 19:47:31'),(402,0,'vi','core/acl/users','error_update_profile_image','Có lỗi trong quá trình đổi ảnh đại diện','2021-10-24 19:46:53','2021-10-24 19:47:31'),(403,0,'vi','core/acl/users','email_reminder_template','<h3>Xin chào :name</h3><p>Hệ thống vừa nhận được yêu cầu khôi phục mật khẩu cho tài khoản của bạn, để hoàn tất tác vụ này vui lòng click vào đường link bên dưới.</p><p><a href=\":link\">Khôi phục mật khẩu</a></p><p>Nếu không phải bạn yêu cầu khôi phục mật khẩu, vui lòng bỏ qua email này.</p><p>Email này có giá trị trong vòng 60 phút kể từ lúc nhận được email.</p>','2021-10-24 19:46:53','2021-10-24 19:47:31'),(404,0,'vi','core/acl/users','change_profile_image','Thay đổi ảnh đại diện','2021-10-24 19:46:53','2021-10-24 19:47:31'),(405,0,'vi','core/acl/users','new_image','Ảnh mới','2021-10-24 19:46:53','2021-10-24 19:47:31'),(406,0,'vi','core/acl/users','loading','Đang tải','2021-10-24 19:46:53','2021-10-24 19:47:31'),(407,0,'vi','core/acl/users','close','Đóng','2021-10-24 19:46:53','2021-10-24 19:47:31'),(408,0,'vi','core/acl/users','update','Cập nhật','2021-10-24 19:46:53','2021-10-24 19:47:31'),(409,0,'vi','core/acl/users','read_image_failed','Không đọc được nội dung của hình ảnh','2021-10-24 19:46:53','2021-10-24 19:47:31'),(410,0,'vi','core/acl/users','update_avatar_success','Cập nhật ảnh đại diện thành công!','2021-10-24 19:46:53','2021-10-24 19:47:31'),(411,0,'vi','core/acl/users','users','Quản trị viên','2021-10-24 19:46:53','2021-10-24 19:47:31'),(412,0,'vi','core/acl/users','info.title','Thông tin người dùng','2021-10-24 19:46:53','2021-10-24 19:47:31'),(413,0,'vi','core/acl/users','info.first_name','Họ','2021-10-24 19:46:53','2021-10-24 19:47:31'),(414,0,'vi','core/acl/users','info.last_name','Tên','2021-10-24 19:46:53','2021-10-24 19:47:31'),(415,0,'vi','core/acl/users','info.email','Email','2021-10-24 19:46:53','2021-10-24 19:47:31'),(416,0,'vi','core/acl/users','info.second_email','Email dự phòng','2021-10-24 19:46:53','2021-10-24 19:47:31'),(417,0,'vi','core/acl/users','info.address','Địa chỉ','2021-10-24 19:46:53','2021-10-24 19:47:31'),(418,0,'vi','core/acl/users','info.second_address','Địa chỉ dự phòng','2021-10-24 19:46:53','2021-10-24 19:47:31'),(419,0,'vi','core/acl/users','info.birth_day','Ngày sinh','2021-10-24 19:46:53','2021-10-24 19:47:31'),(420,0,'vi','core/acl/users','info.job','Nghề nghiệp','2021-10-24 19:46:53','2021-10-24 19:47:31'),(421,0,'vi','core/acl/users','info.mobile_number','Số điện thoại di động','2021-10-24 19:46:53','2021-10-24 19:47:31'),(422,0,'vi','core/acl/users','info.second_mobile_number','Số điện thoại dự phòng','2021-10-24 19:46:53','2021-10-24 19:47:31'),(423,0,'vi','core/acl/users','info.interes','Sở thích','2021-10-24 19:46:53','2021-10-24 19:47:31'),(424,0,'vi','core/acl/users','info.about','Giới thiệu','2021-10-24 19:46:53','2021-10-24 19:47:31'),(425,0,'vi','core/acl/users','gender.title','Giới tính','2021-10-24 19:46:53','2021-10-24 19:47:31'),(426,0,'vi','core/acl/users','gender.male','nam','2021-10-24 19:46:53','2021-10-24 19:47:31'),(427,0,'vi','core/acl/users','gender.female','nữ','2021-10-24 19:46:53','2021-10-24 19:47:31'),(428,0,'vi','core/acl/users','change_password','Thay đổi mật khẩu','2021-10-24 19:46:53','2021-10-24 19:47:31'),(429,0,'vi','core/acl/users','current_password','Mật khẩu hiện tại','2021-10-24 19:46:53','2021-10-24 19:47:31'),(430,0,'en','core/base/base','yes','Yes','2021-10-24 19:46:53','2021-10-24 19:47:31'),(431,0,'en','core/base/base','no','No','2021-10-24 19:46:53','2021-10-24 19:47:31'),(432,0,'en','core/base/base','is_default','Is default?','2021-10-24 19:46:53','2021-10-24 19:47:31'),(433,0,'en','core/base/base','proc_close_disabled_error','Function proc_close() is disabled. Please contact your hosting provider to enable\n    it. Or you can add to .env: CAN_EXECUTE_COMMAND=false to disable this feature.','2021-10-24 19:46:53','2021-10-24 19:47:31'),(434,0,'en','core/base/base','email_template.header','Email template header','2021-10-24 19:46:53','2021-10-24 19:47:31'),(435,0,'en','core/base/base','email_template.footer','Email template footer','2021-10-24 19:46:53','2021-10-24 19:47:31'),(436,0,'en','core/base/base','email_template.site_title','Site title','2021-10-24 19:46:53','2021-10-24 19:47:31'),(437,0,'en','core/base/base','email_template.site_url','Site URL','2021-10-24 19:46:53','2021-10-24 19:47:31'),(438,0,'en','core/base/base','email_template.site_logo','Site Logo','2021-10-24 19:46:53','2021-10-24 19:47:31'),(439,0,'en','core/base/base','email_template.date_time','Current date time','2021-10-24 19:46:53','2021-10-24 19:47:31'),(440,0,'en','core/base/base','email_template.date_year','Current year','2021-10-24 19:46:53','2021-10-24 19:47:31'),(441,0,'en','core/base/base','email_template.site_admin_email','Site admin email','2021-10-24 19:46:53','2021-10-24 19:47:31'),(442,0,'en','core/base/base','change_image','Change image','2021-10-24 19:46:53','2021-10-24 19:47:31'),(443,0,'en','core/base/base','delete_image','Delete image','2021-10-24 19:46:53','2021-10-24 19:47:31'),(444,0,'en','core/base/base','preview_image','Preview image','2021-10-24 19:46:53','2021-10-24 19:47:31'),(445,0,'en','core/base/base','image','Image','2021-10-24 19:46:53','2021-10-24 19:47:31'),(446,0,'en','core/base/base','using_button','Using button','2021-10-24 19:46:53','2021-10-24 19:47:31'),(447,0,'en','core/base/base','select_image','Select image','2021-10-24 19:46:53','2021-10-24 19:47:31'),(448,0,'en','core/base/base','to_add_more_image','to add more images','2021-10-24 19:46:53','2021-10-24 19:47:31'),(449,0,'en','core/base/base','add_image','Add image','2021-10-24 19:46:53','2021-10-24 19:47:31'),(450,0,'en','core/base/base','tools','Tools','2021-10-24 19:46:53','2021-10-24 19:47:31'),(451,0,'en','core/base/cache','cache_management','Cache management','2021-10-24 19:46:53','2021-10-24 19:47:31'),(452,0,'en','core/base/cache','cache_commands','Clear cache commands','2021-10-24 19:46:53','2021-10-24 19:47:31'),(453,0,'en','core/base/cache','commands.clear_cms_cache.title','Clear all CMS cache','2021-10-24 19:46:53','2021-10-24 19:47:31'),(454,0,'en','core/base/cache','commands.clear_cms_cache.description','Clear CMS caching: database caching, static blocks... Run this command when you don\'t see the changes after updating data.','2021-10-24 19:46:53','2021-10-24 19:47:31'),(455,0,'en','core/base/cache','commands.clear_cms_cache.success_msg','Cache cleaned','2021-10-24 19:46:53','2021-10-24 19:47:31'),(456,0,'en','core/base/cache','commands.refresh_compiled_views.title','Refresh compiled views','2021-10-24 19:46:53','2021-10-24 19:47:31'),(457,0,'en','core/base/cache','commands.refresh_compiled_views.description','Clear compiled views to make views up to date.','2021-10-24 19:46:53','2021-10-24 19:47:31'),(458,0,'en','core/base/cache','commands.refresh_compiled_views.success_msg','Cache view refreshed','2021-10-24 19:46:53','2021-10-24 19:47:31'),(459,0,'en','core/base/cache','commands.clear_config_cache.title','Clear config cache','2021-10-24 19:46:53','2021-10-24 19:47:31'),(460,0,'en','core/base/cache','commands.clear_config_cache.description','You might need to refresh the config caching when you change something on production environment.','2021-10-24 19:46:53','2021-10-24 19:47:31'),(461,0,'en','core/base/cache','commands.clear_config_cache.success_msg','Config cache cleaned','2021-10-24 19:46:53','2021-10-24 19:47:31'),(462,0,'en','core/base/cache','commands.clear_route_cache.title','Clear route cache','2021-10-24 19:46:53','2021-10-24 19:47:31'),(463,0,'en','core/base/cache','commands.clear_route_cache.description','Clear cache routing.','2021-10-24 19:46:53','2021-10-24 19:47:31'),(464,0,'en','core/base/cache','commands.clear_route_cache.success_msg','The route cache has been cleaned','2021-10-24 19:46:53','2021-10-24 19:47:31'),(465,0,'en','core/base/cache','commands.clear_log.title','Clear log','2021-10-24 19:46:53','2021-10-24 19:47:31'),(466,0,'en','core/base/cache','commands.clear_log.description','Clear system log files','2021-10-24 19:46:53','2021-10-24 19:47:31'),(467,0,'en','core/base/cache','commands.clear_log.success_msg','The system log has been cleaned','2021-10-24 19:46:53','2021-10-24 19:47:31'),(468,0,'en','core/base/enums','statuses.draft','Draft','2021-10-24 19:46:53','2021-10-24 19:47:31'),(469,0,'en','core/base/enums','statuses.pending','Pending','2021-10-24 19:46:53','2021-10-24 19:47:31'),(470,0,'en','core/base/enums','statuses.published','Published','2021-10-24 19:46:53','2021-10-24 19:47:31'),(471,0,'en','core/base/errors','401_title','Permission Denied','2021-10-24 19:46:53','2021-10-24 19:47:31'),(472,0,'en','core/base/errors','401_msg','<li>You have not been granted access to the section by the administrator.</li>\n	                <li>You may have the wrong account type.</li>\n	                <li>You are not authorized to view the requested resource.</li>\n	                <li>Your subscription may have expired.</li>','2021-10-24 19:46:53','2021-10-24 19:47:31'),(473,0,'en','core/base/errors','404_title','Page could not be found','2021-10-24 19:46:53','2021-10-24 19:47:31'),(474,0,'en','core/base/errors','404_msg','<li>The page you requested does not exist.</li>\n	                <li>The link you clicked is no longer.</li>\n	                <li>The page may have moved to a new location.</li>\n	                <li>An error may have occurred.</li>\n	                <li>You are not authorized to view the requested resource.</li>','2021-10-24 19:46:53','2021-10-24 19:47:31'),(475,0,'en','core/base/errors','500_title','Page could not be loaded','2021-10-24 19:46:53','2021-10-24 19:47:31'),(476,0,'en','core/base/errors','500_msg','<li>The page you requested does not exist.</li>\n	                <li>The link you clicked is no longer.</li>\n	                <li>The page may have moved to a new location.</li>\n	                <li>An error may have occurred.</li>\n	                <li>You are not authorized to view the requested resource.</li>','2021-10-24 19:46:53','2021-10-24 19:47:31'),(477,0,'en','core/base/errors','reasons','This may have occurred because of several reasons','2021-10-24 19:46:53','2021-10-24 19:47:31'),(478,0,'en','core/base/errors','try_again','Please try again in a few minutes, or alternatively return to the homepage by <a href=\"http://shopwise.local/admin\">clicking here</a>.','2021-10-24 19:46:53','2021-10-24 19:47:31'),(479,0,'en','core/base/errors','not_found','Not Found','2021-10-24 19:46:53','2021-10-24 19:47:31'),(480,0,'en','core/base/forms','choose_image','Choose image','2021-10-24 19:46:53','2021-10-24 19:47:31'),(481,0,'en','core/base/forms','actions','Actions','2021-10-24 19:46:53','2021-10-24 19:47:31'),(482,0,'en','core/base/forms','save','Save','2021-10-24 19:46:53','2021-10-24 19:47:31'),(483,0,'en','core/base/forms','save_and_continue','Save & Edit','2021-10-24 19:46:53','2021-10-24 19:47:31'),(484,0,'en','core/base/forms','image','Image','2021-10-24 19:46:53','2021-10-24 19:47:31'),(485,0,'en','core/base/forms','image_placeholder','Insert path of image or click upload button','2021-10-24 19:46:53','2021-10-24 19:47:31'),(486,0,'en','core/base/forms','create','Create','2021-10-24 19:46:53','2021-10-24 19:47:31'),(487,0,'en','core/base/forms','edit','Edit','2021-10-24 19:46:53','2021-10-24 19:47:31'),(488,0,'en','core/base/forms','permalink','Permalink','2021-10-24 19:46:53','2021-10-24 19:47:31'),(489,0,'en','core/base/forms','ok','OK','2021-10-24 19:46:54','2021-10-24 19:47:31'),(490,0,'en','core/base/forms','cancel','Cancel','2021-10-24 19:46:54','2021-10-24 19:47:31'),(491,0,'en','core/base/forms','character_remain','character(s) remain','2021-10-24 19:46:54','2021-10-24 19:47:31'),(492,0,'en','core/base/forms','template','Template','2021-10-24 19:46:54','2021-10-24 19:47:31'),(493,0,'en','core/base/forms','choose_file','Choose file','2021-10-24 19:46:54','2021-10-24 19:47:31'),(494,0,'en','core/base/forms','file','File','2021-10-24 19:46:54','2021-10-24 19:47:31'),(495,0,'en','core/base/forms','content','Content','2021-10-24 19:46:54','2021-10-24 19:47:31'),(496,0,'en','core/base/forms','description','Description','2021-10-24 19:46:54','2021-10-24 19:47:31'),(497,0,'en','core/base/forms','name','Name','2021-10-24 19:46:54','2021-10-24 19:47:31'),(498,0,'en','core/base/forms','slug','Slug','2021-10-24 19:46:54','2021-10-24 19:47:31'),(499,0,'en','core/base/forms','title','Title','2021-10-24 19:46:54','2021-10-24 19:47:31'),(500,0,'en','core/base/forms','value','Value','2021-10-24 19:46:54','2021-10-24 19:47:31'),(501,0,'en','core/base/forms','name_placeholder','Name','2021-10-24 19:46:54','2021-10-24 19:47:31'),(502,0,'en','core/base/forms','alias_placeholder','Alias','2021-10-24 19:46:54','2021-10-24 19:47:31'),(503,0,'en','core/base/forms','description_placeholder','Short description','2021-10-24 19:46:54','2021-10-24 19:47:31'),(504,0,'en','core/base/forms','parent','Parent','2021-10-24 19:46:54','2021-10-24 19:47:31'),(505,0,'en','core/base/forms','icon','Icon','2021-10-24 19:46:54','2021-10-24 19:47:31'),(506,0,'en','core/base/forms','icon_placeholder','Ex: fa fa-home','2021-10-24 19:46:54','2021-10-24 19:47:31'),(507,0,'en','core/base/forms','order_by','Order by','2021-10-24 19:46:54','2021-10-24 19:47:31'),(508,0,'en','core/base/forms','order_by_placeholder','Order by','2021-10-24 19:46:54','2021-10-24 19:47:31'),(509,0,'en','core/base/forms','is_featured','Is featured?','2021-10-24 19:46:54','2021-10-24 19:47:31'),(510,0,'en','core/base/forms','is_default','Is default?','2021-10-24 19:46:54','2021-10-24 19:47:31'),(511,0,'en','core/base/forms','update','Update','2021-10-24 19:46:54','2021-10-24 19:47:31'),(512,0,'en','core/base/forms','publish','Publish','2021-10-24 19:46:54','2021-10-24 19:47:31'),(513,0,'en','core/base/forms','remove_image','Remove image','2021-10-24 19:46:54','2021-10-24 19:47:31'),(514,0,'en','core/base/forms','remove_file','Remove file','2021-10-24 19:46:54','2021-10-24 19:47:31'),(515,0,'en','core/base/forms','order','Order','2021-10-24 19:46:54','2021-10-24 19:47:31'),(516,0,'en','core/base/forms','alias','Alias','2021-10-24 19:46:54','2021-10-24 19:47:31'),(517,0,'en','core/base/forms','basic_information','Basic information','2021-10-24 19:46:54','2021-10-24 19:47:31'),(518,0,'en','core/base/forms','short_code','Shortcode','2021-10-24 19:46:54','2021-10-24 19:47:31'),(519,0,'en','core/base/forms','add_short_code','Add a shortcode','2021-10-24 19:46:54','2021-10-24 19:47:31'),(520,0,'en','core/base/forms','add','Add','2021-10-24 19:46:54','2021-10-24 19:47:31'),(521,0,'en','core/base/forms','link','Link','2021-10-24 19:46:54','2021-10-24 19:47:31'),(522,0,'en','core/base/forms','show_hide_editor','Show/Hide Editor','2021-10-24 19:46:54','2021-10-24 19:47:31'),(523,0,'en','core/base/forms','basic_info_title','Basic information','2021-10-24 19:46:54','2021-10-24 19:47:31'),(524,0,'en','core/base/forms','expand_all','Expand all','2021-10-24 19:46:54','2021-10-24 19:47:31'),(525,0,'en','core/base/forms','collapse_all','Collapse all','2021-10-24 19:46:54','2021-10-24 19:47:31'),(526,0,'en','core/base/forms','view_new_tab','Open in new tab','2021-10-24 19:46:54','2021-10-24 19:47:31'),(527,0,'en','core/base/layouts','platform_admin','Platform Administration','2021-10-24 19:46:54','2021-10-24 19:47:31'),(528,0,'en','core/base/layouts','dashboard','Dashboard','2021-10-24 19:46:54','2021-10-24 19:47:31'),(529,0,'en','core/base/layouts','widgets','Widgets','2021-10-24 19:46:54','2021-10-24 19:47:31'),(530,0,'en','core/base/layouts','plugins','Plugins','2021-10-24 19:46:54','2021-10-24 19:47:31'),(531,0,'en','core/base/layouts','settings','Settings','2021-10-24 19:46:54','2021-10-24 19:47:31'),(532,0,'en','core/base/layouts','setting_general','General','2021-10-24 19:46:54','2021-10-24 19:47:31'),(533,0,'en','core/base/layouts','setting_email','Email','2021-10-24 19:46:54','2021-10-24 19:47:31'),(534,0,'en','core/base/layouts','system_information','System information','2021-10-24 19:46:54','2021-10-24 19:47:31'),(535,0,'en','core/base/layouts','theme','Theme','2021-10-24 19:46:54','2021-10-24 19:47:31'),(536,0,'en','core/base/layouts','copyright','Copyright :year &copy; :company. Version: <span>:version</span>','2021-10-24 19:46:54','2021-10-24 19:47:31'),(537,0,'en','core/base/layouts','profile','Profile','2021-10-24 19:46:54','2021-10-24 19:47:31'),(538,0,'en','core/base/layouts','logout','Logout','2021-10-24 19:46:54','2021-10-24 19:47:31'),(539,0,'en','core/base/layouts','no_search_result','No results found, please try with different keywords.','2021-10-24 19:46:54','2021-10-24 19:47:31'),(540,0,'en','core/base/layouts','home','Home','2021-10-24 19:46:54','2021-10-24 19:47:31'),(541,0,'en','core/base/layouts','search','Search','2021-10-24 19:46:54','2021-10-24 19:47:31'),(542,0,'en','core/base/layouts','add_new','Add new','2021-10-24 19:46:54','2021-10-24 19:47:31'),(543,0,'en','core/base/layouts','n_a','N/A','2021-10-24 19:46:54','2021-10-24 19:47:31'),(544,0,'en','core/base/layouts','page_loaded_time','Page loaded in','2021-10-24 19:46:54','2021-10-24 19:47:31'),(545,0,'en','core/base/layouts','view_website','View website','2021-10-24 19:46:54','2021-10-24 19:47:31'),(546,0,'en','core/base/mail','send-fail','Send email failed','2021-10-24 19:46:54','2021-10-24 19:47:31'),(547,0,'en','core/base/notices','create_success_message','Created successfully','2021-10-24 19:46:54','2021-10-24 19:47:31'),(548,0,'en','core/base/notices','update_success_message','Updated successfully','2021-10-24 19:46:54','2021-10-24 19:47:31'),(549,0,'en','core/base/notices','delete_success_message','Deleted successfully','2021-10-24 19:46:54','2021-10-24 19:47:31'),(550,0,'en','core/base/notices','success_header','Success!','2021-10-24 19:46:54','2021-10-24 19:47:31'),(551,0,'en','core/base/notices','error_header','Error!','2021-10-24 19:46:54','2021-10-24 19:47:31'),(552,0,'en','core/base/notices','no_select','Please select at least one record to perform this action!','2021-10-24 19:46:54','2021-10-24 19:47:31'),(553,0,'en','core/base/notices','processing_request','We are processing your request.','2021-10-24 19:46:54','2021-10-24 19:47:31'),(554,0,'en','core/base/notices','error','Error!','2021-10-24 19:46:54','2021-10-24 19:47:31'),(555,0,'en','core/base/notices','success','Success!','2021-10-24 19:46:54','2021-10-24 19:47:31'),(556,0,'en','core/base/notices','info','Info!','2021-10-24 19:46:54','2021-10-24 19:47:31'),(557,0,'en','core/base/notices','enum.validate_message','The :attribute value you have entered is invalid.','2021-10-24 19:46:54','2021-10-24 19:47:31'),(558,0,'en','core/base/system','no_select','Please select at least one record to take this action!','2021-10-24 19:46:54','2021-10-24 19:47:31'),(559,0,'en','core/base/system','cannot_find_user','Unable to find specified user','2021-10-24 19:46:54','2021-10-24 19:47:31'),(560,0,'en','core/base/system','supper_revoked','Super user access revoked','2021-10-24 19:46:54','2021-10-24 19:47:31'),(561,0,'en','core/base/system','cannot_revoke_yourself','Can not revoke supper user access permission yourself!','2021-10-24 19:46:54','2021-10-24 19:47:31'),(562,0,'en','core/base/system','cant_remove_supper','You don\'t has permission to remove this super user','2021-10-24 19:46:54','2021-10-24 19:47:31'),(563,0,'en','core/base/system','cant_find_user_with_email','Unable to find user with specified email address','2021-10-24 19:46:54','2021-10-24 19:47:31'),(564,0,'en','core/base/system','supper_granted','Super user access granted','2021-10-24 19:46:54','2021-10-24 19:47:31'),(565,0,'en','core/base/system','delete_log_success','Delete log file successfully!','2021-10-24 19:46:54','2021-10-24 19:47:31'),(566,0,'en','core/base/system','get_member_success','Member list retrieved successfully','2021-10-24 19:46:54','2021-10-24 19:47:31'),(567,0,'en','core/base/system','error_occur','The following errors occurred','2021-10-24 19:46:54','2021-10-24 19:47:31'),(568,0,'en','core/base/system','user_management','User Management','2021-10-24 19:46:54','2021-10-24 19:47:31'),(569,0,'en','core/base/system','user_management_description','Manage users.','2021-10-24 19:46:54','2021-10-24 19:47:31'),(570,0,'en','core/base/system','role_and_permission','Roles and Permissions','2021-10-24 19:46:54','2021-10-24 19:47:31'),(571,0,'en','core/base/system','role_and_permission_description','Manage the available roles.','2021-10-24 19:46:54','2021-10-24 19:47:31'),(572,0,'en','core/base/system','user.list_super','List Super Users','2021-10-24 19:46:54','2021-10-24 19:47:31'),(573,0,'en','core/base/system','user.email','Email','2021-10-24 19:46:54','2021-10-24 19:47:31'),(574,0,'en','core/base/system','user.last_login','Last Login','2021-10-24 19:46:54','2021-10-24 19:47:31'),(575,0,'en','core/base/system','user.username','Username','2021-10-24 19:46:54','2021-10-24 19:47:31'),(576,0,'en','core/base/system','user.add_user','Add Super User','2021-10-24 19:46:54','2021-10-24 19:47:31'),(577,0,'en','core/base/system','user.cancel','Cancel','2021-10-24 19:46:54','2021-10-24 19:47:31'),(578,0,'en','core/base/system','user.create','Create','2021-10-24 19:46:54','2021-10-24 19:47:31'),(579,0,'en','core/base/system','options.features','Feature Access Control','2021-10-24 19:46:54','2021-10-24 19:47:31'),(580,0,'en','core/base/system','options.feature_description','Manage the available.','2021-10-24 19:46:54','2021-10-24 19:47:31'),(581,0,'en','core/base/system','options.manage_super','Super User Management','2021-10-24 19:46:54','2021-10-24 19:47:31'),(582,0,'en','core/base/system','options.manage_super_description','Add/remove super users.','2021-10-24 19:46:54','2021-10-24 19:47:31'),(583,0,'en','core/base/system','options.info','System information','2021-10-24 19:46:54','2021-10-24 19:47:31'),(584,0,'en','core/base/system','options.info_description','All information about current system configuration.','2021-10-24 19:46:54','2021-10-24 19:47:31'),(585,0,'en','core/base/system','info.title','System information','2021-10-24 19:46:54','2021-10-24 19:47:31'),(586,0,'en','core/base/system','info.cache','Cache','2021-10-24 19:46:54','2021-10-24 19:47:31'),(587,0,'en','core/base/system','info.locale','Active locale','2021-10-24 19:46:54','2021-10-24 19:47:31'),(588,0,'en','core/base/system','info.environment','Environment','2021-10-24 19:46:54','2021-10-24 19:47:31'),(589,0,'en','core/base/system','disabled_in_demo_mode','You cannot do it in demo mode!','2021-10-24 19:46:54','2021-10-24 19:47:31'),(590,0,'en','core/base/system','report_description','Please share this information for troubleshooting','2021-10-24 19:46:54','2021-10-24 19:47:31'),(591,0,'en','core/base/system','get_system_report','Get System Report','2021-10-24 19:46:54','2021-10-24 19:47:31'),(592,0,'en','core/base/system','system_environment','System Environment','2021-10-24 19:46:54','2021-10-24 19:47:31'),(593,0,'en','core/base/system','framework_version','Framework Version','2021-10-24 19:46:54','2021-10-24 19:47:31'),(594,0,'en','core/base/system','timezone','Timezone','2021-10-24 19:46:54','2021-10-24 19:47:31'),(595,0,'en','core/base/system','debug_mode','Debug Mode','2021-10-24 19:46:54','2021-10-24 19:47:31'),(596,0,'en','core/base/system','storage_dir_writable','Storage Dir Writable','2021-10-24 19:46:54','2021-10-24 19:47:31'),(597,0,'en','core/base/system','cache_dir_writable','Cache Dir Writable','2021-10-24 19:46:54','2021-10-24 19:47:31'),(598,0,'en','core/base/system','app_size','App Size','2021-10-24 19:46:54','2021-10-24 19:47:31'),(599,0,'en','core/base/system','server_environment','Server Environment','2021-10-24 19:46:54','2021-10-24 19:47:31'),(600,0,'en','core/base/system','php_version','PHP Version','2021-10-24 19:46:54','2021-10-24 19:47:31'),(601,0,'en','core/base/system','php_version_error','PHP must be >= :version','2021-10-24 19:46:54','2021-10-24 19:47:31'),(602,0,'en','core/base/system','server_software','Server Software','2021-10-24 19:46:54','2021-10-24 19:47:31'),(603,0,'en','core/base/system','server_os','Server OS','2021-10-24 19:46:54','2021-10-24 19:47:31'),(604,0,'en','core/base/system','database','Database','2021-10-24 19:46:54','2021-10-24 19:47:31'),(605,0,'en','core/base/system','ssl_installed','SSL Installed','2021-10-24 19:46:54','2021-10-24 19:47:31'),(606,0,'en','core/base/system','cache_driver','Cache Driver','2021-10-24 19:46:54','2021-10-24 19:47:31'),(607,0,'en','core/base/system','session_driver','Session Driver','2021-10-24 19:46:54','2021-10-24 19:47:31'),(608,0,'en','core/base/system','queue_connection','Queue Connection','2021-10-24 19:46:54','2021-10-24 19:47:31'),(609,0,'en','core/base/system','mbstring_ext','Mbstring Ext','2021-10-24 19:46:54','2021-10-24 19:47:31'),(610,0,'en','core/base/system','openssl_ext','OpenSSL Ext','2021-10-24 19:46:54','2021-10-24 19:47:31'),(611,0,'en','core/base/system','pdo_ext','PDO Ext','2021-10-24 19:46:54','2021-10-24 19:47:31'),(612,0,'en','core/base/system','curl_ext','CURL Ext','2021-10-24 19:46:54','2021-10-24 19:47:31'),(613,0,'en','core/base/system','exif_ext','Exif Ext','2021-10-24 19:46:54','2021-10-24 19:47:31'),(614,0,'en','core/base/system','file_info_ext','File info Ext','2021-10-24 19:46:54','2021-10-24 19:47:31'),(615,0,'en','core/base/system','tokenizer_ext','Tokenizer Ext','2021-10-24 19:46:54','2021-10-24 19:47:31'),(616,0,'en','core/base/system','extra_stats','Extra Stats','2021-10-24 19:46:54','2021-10-24 19:47:31'),(617,0,'en','core/base/system','installed_packages','Installed packages and their version numbers','2021-10-24 19:46:54','2021-10-24 19:47:31'),(618,0,'en','core/base/system','extra_information','Extra Information','2021-10-24 19:46:54','2021-10-24 19:47:31'),(619,0,'en','core/base/system','copy_report','Copy Report','2021-10-24 19:46:54','2021-10-24 19:47:31'),(620,0,'en','core/base/system','package_name','Package Name','2021-10-24 19:46:54','2021-10-24 19:47:31'),(621,0,'en','core/base/system','dependency_name','Dependency Name','2021-10-24 19:46:54','2021-10-24 19:47:31'),(622,0,'en','core/base/system','version','Version','2021-10-24 19:46:54','2021-10-24 19:47:31'),(623,0,'en','core/base/system','cms_version','CMS Version','2021-10-24 19:46:54','2021-10-24 19:47:31'),(624,0,'en','core/base/system','imagick_or_gd_ext','Imagick/GD Ext','2021-10-24 19:46:54','2021-10-24 19:47:31'),(625,0,'en','core/base/system','updater','System Updater','2021-10-24 19:46:54','2021-10-24 19:47:31'),(626,0,'en','core/base/tables','id','ID','2021-10-24 19:46:54','2021-10-24 19:47:31'),(627,0,'en','core/base/tables','name','Name','2021-10-24 19:46:54','2021-10-24 19:47:31'),(628,0,'en','core/base/tables','slug','Slug','2021-10-24 19:46:54','2021-10-24 19:47:31'),(629,0,'en','core/base/tables','title','Title','2021-10-24 19:46:54','2021-10-24 19:47:31'),(630,0,'en','core/base/tables','order_by','Order By','2021-10-24 19:46:54','2021-10-24 19:47:31'),(631,0,'en','core/base/tables','order','Order','2021-10-24 19:46:54','2021-10-24 19:47:31'),(632,0,'en','core/base/tables','status','Status','2021-10-24 19:46:54','2021-10-24 19:47:31'),(633,0,'en','core/base/tables','created_at','Created At','2021-10-24 19:46:54','2021-10-24 19:47:31'),(634,0,'en','core/base/tables','updated_at','Updated At','2021-10-24 19:46:54','2021-10-24 19:47:31'),(635,0,'en','core/base/tables','description','Description','2021-10-24 19:46:54','2021-10-24 19:47:31'),(636,0,'en','core/base/tables','operations','Operations','2021-10-24 19:46:54','2021-10-24 19:47:31'),(637,0,'en','core/base/tables','url','URL','2021-10-24 19:46:54','2021-10-24 19:47:31'),(638,0,'en','core/base/tables','author','Author','2021-10-24 19:46:54','2021-10-24 19:47:31'),(639,0,'en','core/base/tables','notes','Notes','2021-10-24 19:46:54','2021-10-24 19:47:31'),(640,0,'en','core/base/tables','column','Column','2021-10-24 19:46:54','2021-10-24 19:47:31'),(641,0,'en','core/base/tables','origin','Origin','2021-10-24 19:46:54','2021-10-24 19:47:31'),(642,0,'en','core/base/tables','after_change','After changes','2021-10-24 19:46:54','2021-10-24 19:47:31'),(643,0,'en','core/base/tables','views','Views','2021-10-24 19:46:54','2021-10-24 19:47:31'),(644,0,'en','core/base/tables','browser','Browser','2021-10-24 19:46:54','2021-10-24 19:47:31'),(645,0,'en','core/base/tables','session','Session','2021-10-24 19:46:54','2021-10-24 19:47:31'),(646,0,'en','core/base/tables','activated','activated','2021-10-24 19:46:54','2021-10-24 19:47:31'),(647,0,'en','core/base/tables','deactivated','deactivated','2021-10-24 19:46:54','2021-10-24 19:47:31'),(648,0,'en','core/base/tables','is_featured','Is featured','2021-10-24 19:46:54','2021-10-24 19:47:31'),(649,0,'en','core/base/tables','edit','Edit','2021-10-24 19:46:54','2021-10-24 19:47:31'),(650,0,'en','core/base/tables','delete','Delete','2021-10-24 19:46:54','2021-10-24 19:47:31'),(651,0,'en','core/base/tables','restore','Restore','2021-10-24 19:46:54','2021-10-24 19:47:31'),(652,0,'en','core/base/tables','activate','Activate','2021-10-24 19:46:54','2021-10-24 19:47:31'),(653,0,'en','core/base/tables','deactivate','Deactivate','2021-10-24 19:46:54','2021-10-24 19:47:31'),(654,0,'en','core/base/tables','excel','Excel','2021-10-24 19:46:54','2021-10-24 19:47:31'),(655,0,'en','core/base/tables','export','Export','2021-10-24 19:46:54','2021-10-24 19:47:31'),(656,0,'en','core/base/tables','csv','CSV','2021-10-24 19:46:54','2021-10-24 19:47:31'),(657,0,'en','core/base/tables','pdf','PDF','2021-10-24 19:46:54','2021-10-24 19:47:31'),(658,0,'en','core/base/tables','print','Print','2021-10-24 19:46:54','2021-10-24 19:47:31'),(659,0,'en','core/base/tables','reset','Reset','2021-10-24 19:46:54','2021-10-24 19:47:31'),(660,0,'en','core/base/tables','reload','Reload','2021-10-24 19:46:54','2021-10-24 19:47:31'),(661,0,'en','core/base/tables','display','Display','2021-10-24 19:46:54','2021-10-24 19:47:31'),(662,0,'en','core/base/tables','all','All','2021-10-24 19:46:54','2021-10-24 19:47:31'),(663,0,'en','core/base/tables','add_new','Add New','2021-10-24 19:46:54','2021-10-24 19:47:31'),(664,0,'en','core/base/tables','action','Actions','2021-10-24 19:46:54','2021-10-24 19:47:31'),(665,0,'en','core/base/tables','delete_entry','Delete','2021-10-24 19:46:54','2021-10-24 19:47:31'),(666,0,'en','core/base/tables','view','View Detail','2021-10-24 19:46:54','2021-10-24 19:47:31'),(667,0,'en','core/base/tables','save','Save','2021-10-24 19:46:54','2021-10-24 19:47:31'),(668,0,'en','core/base/tables','show_from','Show from','2021-10-24 19:46:54','2021-10-24 19:47:31'),(669,0,'en','core/base/tables','to','to','2021-10-24 19:46:54','2021-10-24 19:47:31'),(670,0,'en','core/base/tables','in','in','2021-10-24 19:46:54','2021-10-24 19:47:31'),(671,0,'en','core/base/tables','records','records','2021-10-24 19:46:54','2021-10-24 19:47:31'),(672,0,'en','core/base/tables','no_data','No data to display','2021-10-24 19:46:54','2021-10-24 19:47:31'),(673,0,'en','core/base/tables','no_record','No record','2021-10-24 19:46:54','2021-10-24 19:47:31'),(674,0,'en','core/base/tables','confirm_delete','Confirm delete','2021-10-24 19:46:54','2021-10-24 19:47:31'),(675,0,'en','core/base/tables','confirm_delete_msg','Do you really want to delete this record?','2021-10-24 19:46:54','2021-10-24 19:47:31'),(676,0,'en','core/base/tables','confirm_delete_many_msg','Do you really want to delete selected record(s)?','2021-10-24 19:46:54','2021-10-24 19:47:31'),(677,0,'en','core/base/tables','cancel','Cancel','2021-10-24 19:46:54','2021-10-24 19:47:31'),(678,0,'en','core/base/tables','template','Template','2021-10-24 19:46:54','2021-10-24 19:47:31'),(679,0,'en','core/base/tables','email','Email','2021-10-24 19:46:54','2021-10-24 19:47:31'),(680,0,'en','core/base/tables','last_login','Last login','2021-10-24 19:46:54','2021-10-24 19:47:31'),(681,0,'en','core/base/tables','shortcode','Shortcode','2021-10-24 19:46:54','2021-10-24 19:47:31'),(682,0,'en','core/base/tables','image','Image','2021-10-24 19:46:54','2021-10-24 19:47:31'),(683,0,'en','core/base/tables','bulk_changes','Bulk changes','2021-10-24 19:46:54','2021-10-24 19:47:31'),(684,0,'en','core/base/tables','submit','Submit','2021-10-24 19:46:54','2021-10-24 19:47:31'),(685,0,'en','core/base/tables','please_select_record','Please select at least one record to perform this action!','2021-10-24 19:46:54','2021-10-24 19:47:31'),(686,0,'en','core/base/tabs','detail','Detail','2021-10-24 19:46:54','2021-10-24 19:47:31'),(687,0,'en','core/base/tabs','file','Files','2021-10-24 19:46:54','2021-10-24 19:47:31'),(688,0,'en','core/base/tabs','record_note','Record Note','2021-10-24 19:46:54','2021-10-24 19:47:31'),(689,0,'en','core/base/tabs','revision','Revision History','2021-10-24 19:46:54','2021-10-24 19:47:31'),(690,0,'vi','core/base/cache','cache_management','Quản lý bộ nhớ đệm','2021-10-24 19:46:54','2021-10-24 19:47:31'),(691,0,'vi','core/base/cache','cache_commands','Các lệnh xoá bộ nhớ đệm cơ bản','2021-10-24 19:46:54','2021-10-24 19:47:31'),(692,0,'vi','core/base/cache','commands.clear_cms_cache.title','Xóa tất cả bộ đệm hiện có của ứng dụng','2021-10-24 19:46:54','2021-10-24 19:47:31'),(693,0,'vi','core/base/cache','commands.clear_cms_cache.description','Xóa các bộ nhớ đệm của ứng dụng: cơ sở dữ liệu, nội dung tĩnh... Chạy lệnh này khi bạn thử cập nhật dữ liệu nhưng giao diện không thay đổi','2021-10-24 19:46:54','2021-10-24 19:47:31'),(694,0,'vi','core/base/cache','commands.clear_cms_cache.success_msg','Bộ đệm đã được xóa','2021-10-24 19:46:54','2021-10-24 19:47:31'),(695,0,'vi','core/base/cache','commands.refresh_compiled_views.title','Làm mới bộ đệm giao diện','2021-10-24 19:46:54','2021-10-24 19:47:31'),(696,0,'vi','core/base/cache','commands.refresh_compiled_views.description','Làm mới bộ đệm giao diện giúp phần giao diện luôn mới nhất','2021-10-24 19:46:54','2021-10-24 19:47:31'),(697,0,'vi','core/base/cache','commands.refresh_compiled_views.success_msg','Bộ đệm giao diện đã được làm mới','2021-10-24 19:46:54','2021-10-24 19:47:31'),(698,0,'vi','core/base/cache','commands.clear_config_cache.title','Xóa bộ nhớ đệm của phần cấu hình','2021-10-24 19:46:54','2021-10-24 19:47:31'),(699,0,'vi','core/base/cache','commands.clear_config_cache.description','Bạn cần làm mới bộ đệm cấu hình khi bạn tạo ra sự thay đổi nào đó ở môi trường thành phẩm.','2021-10-24 19:46:54','2021-10-24 19:47:31'),(700,0,'vi','core/base/cache','commands.clear_config_cache.success_msg','Bộ đệm cấu hình đã được xóa','2021-10-24 19:46:54','2021-10-24 19:47:31'),(701,0,'vi','core/base/cache','commands.clear_route_cache.title','Xoá cache đường dẫn','2021-10-24 19:46:54','2021-10-24 19:47:31'),(702,0,'vi','core/base/cache','commands.clear_route_cache.description','Cần thực hiện thao tác này khi thấy không xuất hiện đường dẫn mới.','2021-10-24 19:46:54','2021-10-24 19:47:31'),(703,0,'vi','core/base/cache','commands.clear_route_cache.success_msg','Bộ đệm điều hướng đã bị xóa','2021-10-24 19:46:54','2021-10-24 19:47:31'),(704,0,'vi','core/base/cache','commands.clear_log.description','Xoá lịch sử lỗi','2021-10-24 19:46:54','2021-10-24 19:47:31'),(705,0,'vi','core/base/cache','commands.clear_log.success_msg','Lịch sử lỗi đã được làm sạch','2021-10-24 19:46:54','2021-10-24 19:47:31'),(706,0,'vi','core/base/cache','commands.clear_log.title','Xoá lịch sử lỗi','2021-10-24 19:46:54','2021-10-24 19:47:31'),(707,0,'vi','core/base/enums','statuses.draft','Bản nháp','2021-10-24 19:46:54','2021-10-24 19:47:31'),(708,0,'vi','core/base/enums','statuses.pending','Đang chờ xử lý','2021-10-24 19:46:54','2021-10-24 19:47:31'),(709,0,'vi','core/base/errors','401_title','Bạn không có quyền truy cập trang này','2021-10-24 19:46:54','2021-10-24 19:47:31'),(710,0,'vi','core/base/errors','401_msg','<li>Bạn không được cấp quyền truy cập bởi quản trị viên.</li>\n	                <li>Bạn sử dụng sai loại tài khoản.</li>\n	                <li>Bạn không được cấp quyền để có thể truy cập trang này</li>','2021-10-24 19:46:54','2021-10-24 19:47:31'),(711,0,'vi','core/base/errors','404_title','Không tìm thấy trang yêu cầu','2021-10-24 19:46:54','2021-10-24 19:47:31'),(712,0,'vi','core/base/errors','404_msg','<li>Trang bạn yêu cầu không tồn tại.</li>\n	                <li>Liên kết bạn vừa nhấn không còn được sử dụng.</li>\n	                <li>Trang này có thể đã được chuyển sang vị trí khác.</li>\n	                <li>Có thể có lỗi xảy ra.</li>\n	                <li>Bạn không được cấp quyền để có thể truy cập trang này</li>','2021-10-24 19:46:54','2021-10-24 19:47:31'),(713,0,'vi','core/base/errors','500_title','Không thể tải trang','2021-10-24 19:46:54','2021-10-24 19:47:31'),(714,0,'vi','core/base/errors','500_msg','<li>Trang bạn yêu cầu không tồn tại.</li>\n	                <li>Liên kết bạn vừa nhấn không còn được sử dụng.</li>\n	                <li>Trang này có thể đã được chuyển sang vị trí khác.</li>\n	                <li>Có thể có lỗi xảy ra.</li>\n	                <li>Bạn không được cấp quyền để có thể truy cập trang này</li>','2021-10-24 19:46:54','2021-10-24 19:47:31'),(715,0,'vi','core/base/errors','reasons','Điều này có thể xảy ra vì nhiều lý do.','2021-10-24 19:46:54','2021-10-24 19:47:31'),(716,0,'vi','core/base/errors','try_again','Vui lòng thử lại trong vài phút, hoặc quay trở lại trang chủ bằng cách <a href=\"http://cms.local/admin\"> nhấn vào đây </a>.','2021-10-24 19:46:54','2021-10-24 19:47:31'),(717,0,'vi','core/base/forms','choose_image','Chọn ảnh','2021-10-24 19:46:54','2021-10-24 19:47:31'),(718,0,'vi','core/base/forms','actions','Tác vụ','2021-10-24 19:46:54','2021-10-24 19:47:31'),(719,0,'vi','core/base/forms','save','Lưu','2021-10-24 19:46:54','2021-10-24 19:47:31'),(720,0,'vi','core/base/forms','save_and_continue','Lưu & chỉnh sửa','2021-10-24 19:46:54','2021-10-24 19:47:31'),(721,0,'vi','core/base/forms','image','Hình ảnh','2021-10-24 19:46:54','2021-10-24 19:47:31'),(722,0,'vi','core/base/forms','image_placeholder','Chèn đường dẫn hình ảnh hoặc nhấn nút để chọn hình','2021-10-24 19:46:54','2021-10-24 19:47:31'),(723,0,'vi','core/base/forms','create','Tạo mới','2021-10-24 19:46:54','2021-10-24 19:47:31'),(724,0,'vi','core/base/forms','edit','Sửa','2021-10-24 19:46:54','2021-10-24 19:47:31'),(725,0,'vi','core/base/forms','permalink','Đường dẫn','2021-10-24 19:46:54','2021-10-24 19:47:31'),(726,0,'vi','core/base/forms','ok','OK','2021-10-24 19:46:54','2021-10-24 19:47:31'),(727,0,'vi','core/base/forms','cancel','Hủy bỏ','2021-10-24 19:46:54','2021-10-24 19:47:31'),(728,0,'vi','core/base/forms','character_remain','kí tự còn lại','2021-10-24 19:46:54','2021-10-24 19:47:31'),(729,0,'vi','core/base/forms','template','Template','2021-10-24 19:46:54','2021-10-24 19:47:31'),(730,0,'vi','core/base/forms','choose_file','Chọn tập tin','2021-10-24 19:46:54','2021-10-24 19:47:31'),(731,0,'vi','core/base/forms','file','Tập tin','2021-10-24 19:46:54','2021-10-24 19:47:31'),(732,0,'vi','core/base/forms','content','Nội dung','2021-10-24 19:46:54','2021-10-24 19:47:31'),(733,0,'vi','core/base/forms','description','Mô tả','2021-10-24 19:46:54','2021-10-24 19:47:31'),(734,0,'vi','core/base/forms','name','Tên','2021-10-24 19:46:54','2021-10-24 19:47:31'),(735,0,'vi','core/base/forms','name_placeholder','Nhập tên','2021-10-24 19:46:54','2021-10-24 19:47:31'),(736,0,'vi','core/base/forms','description_placeholder','Mô tả ngắn','2021-10-24 19:46:54','2021-10-24 19:47:31'),(737,0,'vi','core/base/forms','parent','Cha','2021-10-24 19:46:54','2021-10-24 19:47:31'),(738,0,'vi','core/base/forms','icon','Biểu tượng','2021-10-24 19:46:54','2021-10-24 19:47:31'),(739,0,'vi','core/base/forms','order_by','Sắp xếp','2021-10-24 19:46:54','2021-10-24 19:47:31'),(740,0,'vi','core/base/forms','order_by_placeholder','Sắp xếp','2021-10-24 19:46:54','2021-10-24 19:47:31'),(741,0,'vi','core/base/forms','slug','Slug','2021-10-24 19:46:54','2021-10-24 19:47:31'),(742,0,'vi','core/base/forms','is_featured','Nổi bật?','2021-10-24 19:46:54','2021-10-24 19:47:31'),(743,0,'vi','core/base/forms','is_default','Mặc định?','2021-10-24 19:46:54','2021-10-24 19:47:31'),(744,0,'vi','core/base/forms','icon_placeholder','Ví dụ: fa fa-home','2021-10-24 19:46:54','2021-10-24 19:47:31'),(745,0,'vi','core/base/forms','update','Cập nhật','2021-10-24 19:46:54','2021-10-24 19:47:31'),(746,0,'vi','core/base/forms','publish','Xuất bản','2021-10-24 19:46:54','2021-10-24 19:47:31'),(747,0,'vi','core/base/forms','remove_image','Xoá ảnh','2021-10-24 19:46:54','2021-10-24 19:47:31'),(748,0,'vi','core/base/forms','add','Thêm','2021-10-24 19:46:54','2021-10-24 19:47:31'),(749,0,'vi','core/base/forms','add_short_code','Thêm shortcode','2021-10-24 19:46:54','2021-10-24 19:47:31'),(750,0,'vi','core/base/forms','alias','Mã thay thế','2021-10-24 19:46:54','2021-10-24 19:47:31'),(751,0,'vi','core/base/forms','alias_placeholder','Mã thay thế','2021-10-24 19:46:54','2021-10-24 19:47:31'),(752,0,'vi','core/base/forms','basic_information','Thông tin cơ bản','2021-10-24 19:46:54','2021-10-24 19:47:31'),(753,0,'vi','core/base/forms','link','Liên kết','2021-10-24 19:46:54','2021-10-24 19:47:31'),(754,0,'vi','core/base/forms','order','Thứ tự','2021-10-24 19:46:54','2021-10-24 19:47:31'),(755,0,'vi','core/base/forms','short_code','Shortcode','2021-10-24 19:46:54','2021-10-24 19:47:31'),(756,0,'vi','core/base/forms','title','Tiêu đề','2021-10-24 19:46:54','2021-10-24 19:47:31'),(757,0,'vi','core/base/forms','value','Giá trị','2021-10-24 19:46:54','2021-10-24 19:47:31'),(758,0,'vi','core/base/forms','show_hide_editor','Ẩn/Hiện trình soạn thảo','2021-10-24 19:46:54','2021-10-24 19:47:31'),(759,0,'vi','core/base/forms','basic_info_title','Thông tin cơ bản','2021-10-24 19:46:54','2021-10-24 19:47:31'),(760,0,'vi','core/base/layouts','platform_admin','Quản trị hệ thống','2021-10-24 19:46:54','2021-10-24 19:47:31'),(761,0,'vi','core/base/layouts','dashboard','Bảng điều khiển','2021-10-24 19:46:54','2021-10-24 19:47:31'),(762,0,'vi','core/base/layouts','widgets','Tiện ích','2021-10-24 19:46:54','2021-10-24 19:47:31'),(763,0,'vi','core/base/layouts','plugins','Tiện ích mở rộng','2021-10-24 19:46:54','2021-10-24 19:47:31'),(764,0,'vi','core/base/layouts','settings','Cài đặt','2021-10-24 19:46:54','2021-10-24 19:47:31'),(765,0,'vi','core/base/layouts','setting_general','Cơ bản','2021-10-24 19:46:54','2021-10-24 19:47:31'),(766,0,'vi','core/base/layouts','system_information','Thông tin hệ thống','2021-10-24 19:46:54','2021-10-24 19:47:31'),(767,0,'vi','core/base/layouts','theme','Giao diện','2021-10-24 19:46:54','2021-10-24 19:47:31'),(768,0,'vi','core/base/layouts','copyright','Bản quyền :year &copy; :company. Phiên bản: <span>:version</span>','2021-10-24 19:46:54','2021-10-24 19:47:31'),(769,0,'vi','core/base/layouts','profile','Thông tin cá nhân','2021-10-24 19:46:54','2021-10-24 19:47:31'),(770,0,'vi','core/base/layouts','logout','Đăng xuất','2021-10-24 19:46:54','2021-10-24 19:47:31'),(771,0,'vi','core/base/layouts','no_search_result','Không có kết quả tìm kiếm, hãy thử lại với từ khóa khác.','2021-10-24 19:46:54','2021-10-24 19:47:31'),(772,0,'vi','core/base/layouts','home','Trang chủ','2021-10-24 19:46:54','2021-10-24 19:47:31'),(773,0,'vi','core/base/layouts','search','Tìm kiếm','2021-10-24 19:46:54','2021-10-24 19:47:31'),(774,0,'vi','core/base/layouts','add_new','Thêm mới','2021-10-24 19:46:54','2021-10-24 19:47:31'),(775,0,'vi','core/base/layouts','n_a','N/A','2021-10-24 19:46:54','2021-10-24 19:47:31'),(776,0,'vi','core/base/layouts','page_loaded_time','Trang tải xong trong','2021-10-24 19:46:54','2021-10-24 19:47:31'),(777,0,'vi','core/base/layouts','view_website','Xem trang ngoài','2021-10-24 19:46:54','2021-10-24 19:47:31'),(778,0,'vi','core/base/layouts','setting_email','Email','2021-10-24 19:46:54','2021-10-24 19:47:31'),(779,0,'vi','core/base/mail','send-fail','Gửi email không thành công','2021-10-24 19:46:54','2021-10-24 19:47:31'),(780,0,'vi','core/base/notices','create_success_message','Tạo thành công','2021-10-24 19:46:54','2021-10-24 19:47:31'),(781,0,'vi','core/base/notices','update_success_message','Cập nhật thành công','2021-10-24 19:46:54','2021-10-24 19:47:31'),(782,0,'vi','core/base/notices','delete_success_message','Xóa thành công','2021-10-24 19:46:54','2021-10-24 19:47:31'),(783,0,'vi','core/base/notices','success_header','Thành công!','2021-10-24 19:46:54','2021-10-24 19:47:31'),(784,0,'vi','core/base/notices','error_header','Lỗi!','2021-10-24 19:46:54','2021-10-24 19:47:31'),(785,0,'vi','core/base/notices','no_select','Chọn ít nhất 1 trường để thực hiện hành động này!','2021-10-24 19:46:54','2021-10-24 19:47:31'),(786,0,'vi','core/base/notices','processing_request','Hệ thống đang xử lý yêu cầu.','2021-10-24 19:46:54','2021-10-24 19:47:31'),(787,0,'vi','core/base/notices','error','Lỗi!','2021-10-24 19:46:54','2021-10-24 19:47:31'),(788,0,'vi','core/base/notices','success','Thành công!','2021-10-24 19:46:54','2021-10-24 19:47:31'),(789,0,'vi','core/base/notices','info','Thông tin!','2021-10-24 19:46:54','2021-10-24 19:47:31'),(790,0,'vi','core/base/system','no_select','Hãy chọn ít nhất 1 trường để thực hiện hành động này!','2021-10-24 19:46:54','2021-10-24 19:47:31'),(791,0,'vi','core/base/system','cannot_find_user','Không thể tải được thông tin người dùng','2021-10-24 19:46:54','2021-10-24 19:47:31'),(792,0,'vi','core/base/system','supper_revoked','Quyền quản trị viên cao nhất đã được gỡ bỏ','2021-10-24 19:46:54','2021-10-24 19:47:31'),(793,0,'vi','core/base/system','cannot_revoke_yourself','Không thể gỡ bỏ quyền quản trị cấp cao của chính bạn!','2021-10-24 19:46:54','2021-10-24 19:47:31'),(794,0,'vi','core/base/system','cant_remove_supper','Bạn không có quyền xóa quản trị viên cấp cao','2021-10-24 19:46:54','2021-10-24 19:47:31'),(795,0,'vi','core/base/system','cant_find_user_with_email','Không thể tìm thấy người dùng với email này','2021-10-24 19:46:54','2021-10-24 19:47:31'),(796,0,'vi','core/base/system','supper_granted','Quyền quản trị cao nhất đã được gán','2021-10-24 19:46:54','2021-10-24 19:47:31'),(797,0,'vi','core/base/system','delete_log_success','Xóa tập tin log thành công!','2021-10-24 19:46:54','2021-10-24 19:47:31'),(798,0,'vi','core/base/system','get_member_success','Hiển thị danh sách thành viên thành công','2021-10-24 19:46:54','2021-10-24 19:47:31'),(799,0,'vi','core/base/system','error_occur','Có lỗi dưới đây','2021-10-24 19:46:54','2021-10-24 19:47:31'),(800,0,'vi','core/base/system','role_and_permission','Phân quyền hệ thống','2021-10-24 19:46:54','2021-10-24 19:47:31'),(801,0,'vi','core/base/system','role_and_permission_description','Quản lý những phân quyền trong hệ thống','2021-10-24 19:46:54','2021-10-24 19:47:31'),(802,0,'vi','core/base/system','user.list_super','Danh sách quản trị viên cấp cao','2021-10-24 19:46:54','2021-10-24 19:47:31'),(803,0,'vi','core/base/system','user.username','Tên đăng nhập','2021-10-24 19:46:54','2021-10-24 19:47:31'),(804,0,'vi','core/base/system','user.email','Email','2021-10-24 19:46:54','2021-10-24 19:47:31'),(805,0,'vi','core/base/system','user.last_login','Đăng nhập lần cuối	','2021-10-24 19:46:54','2021-10-24 19:47:31'),(806,0,'vi','core/base/system','user.add_user','Thêm quản trị viên cấp cao','2021-10-24 19:46:54','2021-10-24 19:47:31'),(807,0,'vi','core/base/system','user.cancel','Hủy bỏ','2021-10-24 19:46:54','2021-10-24 19:47:31'),(808,0,'vi','core/base/system','user.create','Thêm','2021-10-24 19:46:54','2021-10-24 19:47:31'),(809,0,'vi','core/base/system','options.features','Kiểm soát truy cập các tính năng','2021-10-24 19:46:54','2021-10-24 19:47:31'),(810,0,'vi','core/base/system','options.feature_description','Bật/tắt các tính năng.','2021-10-24 19:46:54','2021-10-24 19:47:31'),(811,0,'vi','core/base/system','options.manage_super','Quản lý quản trị viên cấp cao','2021-10-24 19:46:54','2021-10-24 19:47:31'),(812,0,'vi','core/base/system','options.manage_super_description','Thêm/xóa quản trị viên cấp cao','2021-10-24 19:46:54','2021-10-24 19:47:31'),(813,0,'vi','core/base/system','options.info','Thông tin hệ thống','2021-10-24 19:46:54','2021-10-24 19:47:31'),(814,0,'vi','core/base/system','options.info_description','Những thông tin về cấu hình hiện tại của hệ thống.','2021-10-24 19:46:54','2021-10-24 19:47:31'),(815,0,'vi','core/base/system','info.title','Thông tin hệ thống','2021-10-24 19:46:54','2021-10-24 19:47:31'),(816,0,'vi','core/base/system','info.cache','Bộ nhớ đệm','2021-10-24 19:46:54','2021-10-24 19:47:31'),(817,0,'vi','core/base/system','info.environment','Môi trường','2021-10-24 19:46:54','2021-10-24 19:47:31'),(818,0,'vi','core/base/system','info.locale','Ngôn ngữ hệ thống','2021-10-24 19:46:54','2021-10-24 19:47:31'),(819,0,'vi','core/base/system','user_management','Quản lý thành viên','2021-10-24 19:46:54','2021-10-24 19:47:31'),(820,0,'vi','core/base/system','user_management_description','Quản lý người dùng trong hệ thống','2021-10-24 19:46:54','2021-10-24 19:47:31'),(821,0,'vi','core/base/system','app_size','Kích thước ứng dụng','2021-10-24 19:46:54','2021-10-24 19:47:31'),(822,0,'vi','core/base/system','cache_dir_writable','Có thể ghi bộ nhớ đệm','2021-10-24 19:46:54','2021-10-24 19:47:31'),(823,0,'vi','core/base/system','cache_driver','Loại lưu trữ bộ nhớ đệm','2021-10-24 19:46:54','2021-10-24 19:47:31'),(824,0,'vi','core/base/system','copy_report','Sao chép báo cáo','2021-10-24 19:46:54','2021-10-24 19:47:31'),(825,0,'vi','core/base/system','curl_ext','CURL Ext','2021-10-24 19:46:54','2021-10-24 19:47:31'),(826,0,'vi','core/base/system','database','Hệ thống dữ liệu','2021-10-24 19:46:54','2021-10-24 19:47:31'),(827,0,'vi','core/base/system','debug_mode','Chế độ sửa lỗi','2021-10-24 19:46:54','2021-10-24 19:47:31'),(828,0,'vi','core/base/system','dependency_name','Tên gói','2021-10-24 19:46:54','2021-10-24 19:47:31'),(829,0,'vi','core/base/system','exif_ext','Exif Ext','2021-10-24 19:46:54','2021-10-24 19:47:31'),(830,0,'vi','core/base/system','extra_information','Thông tin mở rộng','2021-10-24 19:46:54','2021-10-24 19:47:31'),(831,0,'vi','core/base/system','extra_stats','Thống kê thêm','2021-10-24 19:46:54','2021-10-24 19:47:31'),(832,0,'vi','core/base/system','file_info_ext','File info Ext','2021-10-24 19:46:54','2021-10-24 19:47:31'),(833,0,'vi','core/base/system','framework_version','Phiên bản framework','2021-10-24 19:46:54','2021-10-24 19:47:31'),(834,0,'vi','core/base/system','get_system_report','Lấy thông tin hệ thống','2021-10-24 19:46:54','2021-10-24 19:47:31'),(835,0,'vi','core/base/system','installed_packages','Các gói đã cài đặt và phiên bản','2021-10-24 19:46:54','2021-10-24 19:47:31'),(836,0,'vi','core/base/system','mbstring_ext','Mbstring Ext','2021-10-24 19:46:54','2021-10-24 19:47:31'),(837,0,'vi','core/base/system','openssl_ext','OpenSSL Ext','2021-10-24 19:46:54','2021-10-24 19:47:31'),(838,0,'vi','core/base/system','package_name','Tên gói','2021-10-24 19:46:54','2021-10-24 19:47:31'),(839,0,'vi','core/base/system','pdo_ext','PDO Ext','2021-10-24 19:46:54','2021-10-24 19:47:31'),(840,0,'vi','core/base/system','php_version','Phiên bản PHP','2021-10-24 19:46:54','2021-10-24 19:47:31'),(841,0,'vi','core/base/system','report_description','Vui lòng chia sẻ thông tin này nhằm mục đích điều tra nguyên nhân gây lỗi','2021-10-24 19:46:54','2021-10-24 19:47:31'),(842,0,'vi','core/base/system','server_environment','Môi trường máy chủ','2021-10-24 19:46:54','2021-10-24 19:47:31'),(843,0,'vi','core/base/system','server_os','Hệ điều hành của máy chủ','2021-10-24 19:46:54','2021-10-24 19:47:31'),(844,0,'vi','core/base/system','server_software','Phần mềm','2021-10-24 19:46:54','2021-10-24 19:47:31'),(845,0,'vi','core/base/system','session_driver','Loại lưu trữ phiên làm việc','2021-10-24 19:46:54','2021-10-24 19:47:31'),(846,0,'vi','core/base/system','ssl_installed','Đã cài đặt chứng chỉ SSL','2021-10-24 19:46:54','2021-10-24 19:47:31'),(847,0,'vi','core/base/system','storage_dir_writable','Có thể lưu trữ dữ liệu tạm','2021-10-24 19:46:54','2021-10-24 19:47:31'),(848,0,'vi','core/base/system','system_environment','Môi trường hệ thống','2021-10-24 19:46:54','2021-10-24 19:47:31'),(849,0,'vi','core/base/system','timezone','Múi giờ','2021-10-24 19:46:55','2021-10-24 19:47:31'),(850,0,'vi','core/base/system','tokenizer_ext','Tokenizer Ext','2021-10-24 19:46:55','2021-10-24 19:47:31'),(851,0,'vi','core/base/system','version','Phiên bản','2021-10-24 19:46:55','2021-10-24 19:47:31'),(852,0,'vi','core/base/system','cms_version','Phiên bản CMS','2021-10-24 19:46:55','2021-10-24 19:47:31'),(853,0,'vi','core/base/tables','id','ID','2021-10-24 19:46:55','2021-10-24 19:47:31'),(854,0,'vi','core/base/tables','name','Tên','2021-10-24 19:46:55','2021-10-24 19:47:31'),(855,0,'vi','core/base/tables','order_by','Thứ tự','2021-10-24 19:46:55','2021-10-24 19:47:31'),(856,0,'vi','core/base/tables','status','Trạng thái','2021-10-24 19:46:55','2021-10-24 19:47:31'),(857,0,'vi','core/base/tables','created_at','Ngày tạo','2021-10-24 19:46:55','2021-10-24 19:47:31'),(858,0,'vi','core/base/tables','updated_at','Ngày cập nhật','2021-10-24 19:46:55','2021-10-24 19:47:31'),(859,0,'vi','core/base/tables','operations','Tác vụ','2021-10-24 19:46:55','2021-10-24 19:47:31'),(860,0,'vi','core/base/tables','url','URL','2021-10-24 19:46:55','2021-10-24 19:47:31'),(861,0,'vi','core/base/tables','author','Người tạo','2021-10-24 19:46:55','2021-10-24 19:47:31'),(862,0,'vi','core/base/tables','column','Cột','2021-10-24 19:46:55','2021-10-24 19:47:31'),(863,0,'vi','core/base/tables','origin','Bản cũ','2021-10-24 19:46:55','2021-10-24 19:47:31'),(864,0,'vi','core/base/tables','after_change','Sau khi thay đổi','2021-10-24 19:46:55','2021-10-24 19:47:31'),(865,0,'vi','core/base/tables','notes','Ghi chú','2021-10-24 19:46:55','2021-10-24 19:47:31'),(866,0,'vi','core/base/tables','activated','kích hoạt','2021-10-24 19:46:55','2021-10-24 19:47:31'),(867,0,'vi','core/base/tables','browser','Trình duyệt','2021-10-24 19:46:55','2021-10-24 19:47:31'),(868,0,'vi','core/base/tables','deactivated','hủy kích hoạt','2021-10-24 19:46:55','2021-10-24 19:47:31'),(869,0,'vi','core/base/tables','description','Mô tả','2021-10-24 19:46:55','2021-10-24 19:47:31'),(870,0,'vi','core/base/tables','session','Phiên','2021-10-24 19:46:55','2021-10-24 19:47:31'),(871,0,'vi','core/base/tables','views','Lượt xem','2021-10-24 19:46:55','2021-10-24 19:47:31'),(872,0,'vi','core/base/tables','restore','Khôi phục','2021-10-24 19:46:55','2021-10-24 19:47:31'),(873,0,'vi','core/base/tables','edit','Sửa','2021-10-24 19:46:55','2021-10-24 19:47:31'),(874,0,'vi','core/base/tables','delete','Xóa','2021-10-24 19:46:55','2021-10-24 19:47:31'),(875,0,'vi','core/base/tables','action','Hành động','2021-10-24 19:46:55','2021-10-24 19:47:31'),(876,0,'vi','core/base/tables','activate','Kích hoạt','2021-10-24 19:46:55','2021-10-24 19:47:31'),(877,0,'vi','core/base/tables','add_new','Thêm mới','2021-10-24 19:46:55','2021-10-24 19:47:31'),(878,0,'vi','core/base/tables','all','Tất cả','2021-10-24 19:46:55','2021-10-24 19:47:31'),(879,0,'vi','core/base/tables','cancel','Hủy bỏ','2021-10-24 19:46:55','2021-10-24 19:47:31'),(880,0,'vi','core/base/tables','confirm_delete','Xác nhận xóa','2021-10-24 19:46:55','2021-10-24 19:47:31'),(881,0,'vi','core/base/tables','confirm_delete_msg','Bạn có chắc chắn muốn xóa bản ghi này?','2021-10-24 19:46:55','2021-10-24 19:47:31'),(882,0,'vi','core/base/tables','csv','CSV','2021-10-24 19:46:55','2021-10-24 19:47:31'),(883,0,'vi','core/base/tables','deactivate','Hủy kích hoạt','2021-10-24 19:46:55','2021-10-24 19:47:31'),(884,0,'vi','core/base/tables','delete_entry','Xóa bản ghi','2021-10-24 19:46:55','2021-10-24 19:47:31'),(885,0,'vi','core/base/tables','display','Hiển thị','2021-10-24 19:46:55','2021-10-24 19:47:31'),(886,0,'vi','core/base/tables','excel','Excel','2021-10-24 19:46:55','2021-10-24 19:47:31'),(887,0,'vi','core/base/tables','export','Xuất bản','2021-10-24 19:46:55','2021-10-24 19:47:31'),(888,0,'vi','core/base/tables','in','trong tổng số','2021-10-24 19:46:55','2021-10-24 19:47:31'),(889,0,'vi','core/base/tables','no_data','Không có dữ liệu để hiển thị','2021-10-24 19:46:55','2021-10-24 19:47:31'),(890,0,'vi','core/base/tables','no_record','Không có dữ liệu','2021-10-24 19:46:55','2021-10-24 19:47:31'),(891,0,'vi','core/base/tables','pdf','PDF','2021-10-24 19:46:55','2021-10-24 19:47:31'),(892,0,'vi','core/base/tables','print','In','2021-10-24 19:46:55','2021-10-24 19:47:31'),(893,0,'vi','core/base/tables','records','bản ghi','2021-10-24 19:46:55','2021-10-24 19:47:31'),(894,0,'vi','core/base/tables','reload','Tải lại','2021-10-24 19:46:55','2021-10-24 19:47:31'),(895,0,'vi','core/base/tables','reset','Làm mới','2021-10-24 19:46:55','2021-10-24 19:47:31'),(896,0,'vi','core/base/tables','save','Lưu','2021-10-24 19:46:55','2021-10-24 19:47:31'),(897,0,'vi','core/base/tables','show_from','Hiển thị từ','2021-10-24 19:46:55','2021-10-24 19:47:31'),(898,0,'vi','core/base/tables','template','Giao diện','2021-10-24 19:46:55','2021-10-24 19:47:31'),(899,0,'vi','core/base/tables','to','đến','2021-10-24 19:46:55','2021-10-24 19:47:31'),(900,0,'vi','core/base/tables','view','Xem chi tiết','2021-10-24 19:46:55','2021-10-24 19:47:31'),(901,0,'vi','core/base/tables','email','Email','2021-10-24 19:46:55','2021-10-24 19:47:31'),(902,0,'vi','core/base/tables','image','Hình ảnh','2021-10-24 19:46:55','2021-10-24 19:47:31'),(903,0,'vi','core/base/tables','is_featured','Nổi bật','2021-10-24 19:46:55','2021-10-24 19:47:31'),(904,0,'vi','core/base/tables','last_login','Lần cuối đăng nhập','2021-10-24 19:46:55','2021-10-24 19:47:31'),(905,0,'vi','core/base/tables','order','Thứ tự','2021-10-24 19:46:55','2021-10-24 19:47:31'),(906,0,'vi','core/base/tables','shortcode','Shortcode','2021-10-24 19:46:55','2021-10-24 19:47:31'),(907,0,'vi','core/base/tables','slug','Slug','2021-10-24 19:46:55','2021-10-24 19:47:31'),(908,0,'vi','core/base/tables','title','Tiêu đề','2021-10-24 19:46:55','2021-10-24 19:47:31'),(909,0,'vi','core/base/tabs','detail','Chi tiết','2021-10-24 19:46:55','2021-10-24 19:47:31'),(910,0,'vi','core/base/tabs','file','Tập tin','2021-10-24 19:46:55','2021-10-24 19:47:31'),(911,0,'vi','core/base/tabs','record_note','Ghi chú','2021-10-24 19:46:55','2021-10-24 19:47:31'),(912,0,'vi','core/base/tabs','revision','Lịch sử thay đổi','2021-10-24 19:46:55','2021-10-24 19:47:31'),(913,0,'en','core/dashboard/dashboard','update_position_success','Update widget position successfully!','2021-10-24 19:46:55','2021-10-24 19:47:31'),(914,0,'en','core/dashboard/dashboard','hide_success','Update widget successfully!','2021-10-24 19:46:55','2021-10-24 19:47:31'),(915,0,'en','core/dashboard/dashboard','confirm_hide','Are you sure?','2021-10-24 19:46:55','2021-10-24 19:47:31'),(916,0,'en','core/dashboard/dashboard','hide_message','Do you really want to hide this widget? It will be disappear on Dashboard!','2021-10-24 19:46:55','2021-10-24 19:47:31'),(917,0,'en','core/dashboard/dashboard','confirm_hide_btn','Yes, hide this widget','2021-10-24 19:46:55','2021-10-24 19:47:31'),(918,0,'en','core/dashboard/dashboard','cancel_hide_btn','Cancel','2021-10-24 19:46:55','2021-10-24 19:47:31'),(919,0,'en','core/dashboard/dashboard','collapse_expand','Collapse/Expand','2021-10-24 19:46:55','2021-10-24 19:47:31'),(920,0,'en','core/dashboard/dashboard','hide','Hide','2021-10-24 19:46:55','2021-10-24 19:47:31'),(921,0,'en','core/dashboard/dashboard','reload','Reload','2021-10-24 19:46:55','2021-10-24 19:47:31'),(922,0,'en','core/dashboard/dashboard','save_setting_success','Save widget settings successfully!','2021-10-24 19:46:55','2021-10-24 19:47:31'),(923,0,'en','core/dashboard/dashboard','widget_not_exists','Widget is not exits!','2021-10-24 19:46:55','2021-10-24 19:47:31'),(924,0,'en','core/dashboard/dashboard','manage_widgets','Manage Widgets','2021-10-24 19:46:55','2021-10-24 19:47:31'),(925,0,'en','core/dashboard/dashboard','fullscreen','Full screen','2021-10-24 19:46:55','2021-10-24 19:47:31'),(926,0,'en','core/dashboard/dashboard','title','Dashboard','2021-10-24 19:46:55','2021-10-24 19:47:31'),(927,0,'en','core/dashboard/dashboard','predefined_ranges.today','Today','2021-10-24 19:46:55','2021-10-24 19:47:31'),(928,0,'en','core/dashboard/dashboard','predefined_ranges.yesterday','Yesterday','2021-10-24 19:46:55','2021-10-24 19:47:31'),(929,0,'en','core/dashboard/dashboard','predefined_ranges.this_week','This Week','2021-10-24 19:46:55','2021-10-24 19:47:31'),(930,0,'en','core/dashboard/dashboard','predefined_ranges.last_7_days','Last 7 Days','2021-10-24 19:46:55','2021-10-24 19:47:31'),(931,0,'en','core/dashboard/dashboard','predefined_ranges.this_month','This Month','2021-10-24 19:46:55','2021-10-24 19:47:31'),(932,0,'en','core/dashboard/dashboard','predefined_ranges.last_30_days','Last 30 Days','2021-10-24 19:46:55','2021-10-24 19:47:31'),(933,0,'en','core/dashboard/dashboard','predefined_ranges.this_year','This Year','2021-10-24 19:46:55','2021-10-24 19:47:31'),(934,0,'vi','core/dashboard/dashboard','cancel_hide_btn','Hủy bỏ','2021-10-24 19:46:55','2021-10-24 19:47:31'),(935,0,'vi','core/dashboard/dashboard','collapse_expand','Mở rộng','2021-10-24 19:46:55','2021-10-24 19:47:31'),(936,0,'vi','core/dashboard/dashboard','confirm_hide','Bạn có chắc?','2021-10-24 19:46:55','2021-10-24 19:47:31'),(937,0,'vi','core/dashboard/dashboard','confirm_hide_btn','Vâng, ẩn tiện ích này','2021-10-24 19:46:55','2021-10-24 19:47:31'),(938,0,'vi','core/dashboard/dashboard','hide','Ẩn','2021-10-24 19:46:55','2021-10-24 19:47:31'),(939,0,'vi','core/dashboard/dashboard','hide_message','Bạn có chắc chắn muốn ẩn tiện ích này? Nó sẽ không được hiển thị trên trang chủ nữa!','2021-10-24 19:46:55','2021-10-24 19:47:31'),(940,0,'vi','core/dashboard/dashboard','hide_success','Ẩn tiện ích thành công!','2021-10-24 19:46:55','2021-10-24 19:47:31'),(941,0,'vi','core/dashboard/dashboard','manage_widgets','Quản lý tiện ích','2021-10-24 19:46:55','2021-10-24 19:47:31'),(942,0,'vi','core/dashboard/dashboard','reload','Làm mới','2021-10-24 19:46:55','2021-10-24 19:47:31'),(943,0,'vi','core/dashboard/dashboard','save_setting_success','Lưu tiện ích thành công','2021-10-24 19:46:55','2021-10-24 19:47:31'),(944,0,'vi','core/dashboard/dashboard','update_position_success','Cập nhật vị trí tiện ích thành công!','2021-10-24 19:46:55','2021-10-24 19:47:31'),(945,0,'vi','core/dashboard/dashboard','widget_not_exists','Tiện ích này không tồn tại!','2021-10-24 19:46:55','2021-10-24 19:47:31'),(946,0,'vi','core/dashboard/dashboard','fullscreen','Toàn màn hình','2021-10-24 19:46:55','2021-10-24 19:47:31'),(947,0,'vi','core/dashboard/dashboard','title','Trang quản trị','2021-10-24 19:46:55','2021-10-24 19:47:31'),(948,0,'en','core/media/media','filter','Filter','2021-10-24 19:46:55','2021-10-24 19:47:31'),(949,0,'en','core/media/media','everything','Everything','2021-10-24 19:46:55','2021-10-24 19:47:31'),(950,0,'en','core/media/media','image','Image','2021-10-24 19:46:55','2021-10-24 19:47:31'),(951,0,'en','core/media/media','video','Video','2021-10-24 19:46:55','2021-10-24 19:47:31'),(952,0,'en','core/media/media','document','Document','2021-10-24 19:46:55','2021-10-24 19:47:31'),(953,0,'en','core/media/media','view_in','View in','2021-10-24 19:46:55','2021-10-24 19:47:31'),(954,0,'en','core/media/media','all_media','All media','2021-10-24 19:46:55','2021-10-24 19:47:31'),(955,0,'en','core/media/media','trash','Trash','2021-10-24 19:46:55','2021-10-24 19:47:31'),(956,0,'en','core/media/media','recent','Recent','2021-10-24 19:46:55','2021-10-24 19:47:31'),(957,0,'en','core/media/media','favorites','Favorites','2021-10-24 19:46:55','2021-10-24 19:47:31'),(958,0,'en','core/media/media','upload','Upload','2021-10-24 19:46:55','2021-10-24 19:47:31'),(959,0,'en','core/media/media','create_folder','Create folder','2021-10-24 19:46:55','2021-10-24 19:47:31'),(960,0,'en','core/media/media','refresh','Refresh','2021-10-24 19:46:55','2021-10-24 19:47:31'),(961,0,'en','core/media/media','empty_trash','Empty trash','2021-10-24 19:46:55','2021-10-24 19:47:31'),(962,0,'en','core/media/media','search_file_and_folder','Search file and folder','2021-10-24 19:46:55','2021-10-24 19:47:31'),(963,0,'en','core/media/media','sort','Sort','2021-10-24 19:46:55','2021-10-24 19:47:31'),(964,0,'en','core/media/media','file_name_asc','File name - ASC','2021-10-24 19:46:55','2021-10-24 19:47:31'),(965,0,'en','core/media/media','file_name_desc','File name - DESC','2021-10-24 19:46:55','2021-10-24 19:47:31'),(966,0,'en','core/media/media','uploaded_date_asc','Uploaded date - ASC','2021-10-24 19:46:55','2021-10-24 19:47:31'),(967,0,'en','core/media/media','uploaded_date_desc','Uploaded date - DESC','2021-10-24 19:46:55','2021-10-24 19:47:31'),(968,0,'en','core/media/media','size_asc','Size - ASC','2021-10-24 19:46:55','2021-10-24 19:47:31'),(969,0,'en','core/media/media','size_desc','Size - DESC','2021-10-24 19:46:55','2021-10-24 19:47:31'),(970,0,'en','core/media/media','actions','Actions','2021-10-24 19:46:55','2021-10-24 19:47:31'),(971,0,'en','core/media/media','nothing_is_selected','Nothing is selected','2021-10-24 19:46:55','2021-10-24 19:47:31'),(972,0,'en','core/media/media','insert','Insert','2021-10-24 19:46:55','2021-10-24 19:47:31'),(973,0,'en','core/media/media','folder_name','Folder name','2021-10-24 19:46:55','2021-10-24 19:47:31'),(974,0,'en','core/media/media','create','Create','2021-10-24 19:46:55','2021-10-24 19:47:31'),(975,0,'en','core/media/media','rename','Rename','2021-10-24 19:46:55','2021-10-24 19:47:31'),(976,0,'en','core/media/media','close','Close','2021-10-24 19:46:55','2021-10-24 19:47:31'),(977,0,'en','core/media/media','save_changes','Save changes','2021-10-24 19:46:55','2021-10-24 19:47:31'),(978,0,'en','core/media/media','move_to_trash','Move items to trash','2021-10-24 19:46:55','2021-10-24 19:47:31'),(979,0,'en','core/media/media','confirm_trash','Are you sure you want to move these items to trash?','2021-10-24 19:46:55','2021-10-24 19:47:31'),(980,0,'en','core/media/media','confirm','Confirm','2021-10-24 19:46:55','2021-10-24 19:47:31'),(981,0,'en','core/media/media','confirm_delete','Delete item(s)','2021-10-24 19:46:55','2021-10-24 19:47:31'),(982,0,'en','core/media/media','confirm_delete_description','Your request cannot rollback. Are you sure you wanna delete these items?','2021-10-24 19:46:55','2021-10-24 19:47:31'),(983,0,'en','core/media/media','empty_trash_title','Empty trash','2021-10-24 19:46:55','2021-10-24 19:47:31'),(984,0,'en','core/media/media','empty_trash_description','Your request cannot rollback. Are you sure you wanna remove all items in trash?','2021-10-24 19:46:55','2021-10-24 19:47:31'),(985,0,'en','core/media/media','up_level','Up one level','2021-10-24 19:46:55','2021-10-24 19:47:31'),(986,0,'en','core/media/media','upload_progress','Upload progress','2021-10-24 19:46:55','2021-10-24 19:47:31'),(987,0,'en','core/media/media','folder_created','Folder is created successfully!','2021-10-24 19:46:55','2021-10-24 19:47:31'),(988,0,'en','core/media/media','gallery','Media gallery','2021-10-24 19:46:55','2021-10-24 19:47:31'),(989,0,'en','core/media/media','trash_error','Error when delete selected item(s)','2021-10-24 19:46:55','2021-10-24 19:47:31'),(990,0,'en','core/media/media','trash_success','Moved selected item(s) to trash successfully!','2021-10-24 19:46:55','2021-10-24 19:47:31'),(991,0,'en','core/media/media','restore_error','Error when restore selected item(s)','2021-10-24 19:46:55','2021-10-24 19:47:31'),(992,0,'en','core/media/media','restore_success','Restore selected item(s) successfully!','2021-10-24 19:46:55','2021-10-24 19:47:31'),(993,0,'en','core/media/media','copy_success','Copied selected item(s) successfully!','2021-10-24 19:46:55','2021-10-24 19:47:31'),(994,0,'en','core/media/media','delete_success','Deleted selected item(s) successfully!','2021-10-24 19:46:55','2021-10-24 19:47:31'),(995,0,'en','core/media/media','favorite_success','Favorite selected item(s) successfully!','2021-10-24 19:46:55','2021-10-24 19:47:31'),(996,0,'en','core/media/media','remove_favorite_success','Remove selected item(s) from favorites successfully!','2021-10-24 19:46:55','2021-10-24 19:47:31'),(997,0,'en','core/media/media','rename_error','Error when rename item(s)','2021-10-24 19:46:55','2021-10-24 19:47:31'),(998,0,'en','core/media/media','rename_success','Rename selected item(s) successfully!','2021-10-24 19:46:55','2021-10-24 19:47:31'),(999,0,'en','core/media/media','empty_trash_success','Empty trash successfully!','2021-10-24 19:46:55','2021-10-24 19:47:31'),(1000,0,'en','core/media/media','invalid_action','Invalid action!','2021-10-24 19:46:55','2021-10-24 19:47:31'),(1001,0,'en','core/media/media','file_not_exists','File is not exists!','2021-10-24 19:46:55','2021-10-24 19:47:31'),(1002,0,'en','core/media/media','download_file_error','Error when downloading files!','2021-10-24 19:46:55','2021-10-24 19:47:31'),(1003,0,'en','core/media/media','missing_zip_archive_extension','Please enable ZipArchive extension to download file!','2021-10-24 19:46:55','2021-10-24 19:47:31'),(1004,0,'en','core/media/media','can_not_download_file','Can not download this file!','2021-10-24 19:46:55','2021-10-24 19:47:31'),(1005,0,'en','core/media/media','invalid_request','Invalid request!','2021-10-24 19:46:55','2021-10-24 19:47:31'),(1006,0,'en','core/media/media','add_success','Add item successfully!','2021-10-24 19:46:55','2021-10-24 19:47:31'),(1007,0,'en','core/media/media','file_too_big','File too big. Max file upload is :size bytes','2021-10-24 19:46:55','2021-10-24 19:47:31'),(1008,0,'en','core/media/media','can_not_detect_file_type','File type is not allowed or can not detect file type!','2021-10-24 19:46:55','2021-10-24 19:47:31'),(1009,0,'en','core/media/media','upload_failed','The file is NOT uploaded completely. The server allows max upload file size is :size . Please check your file size OR try to upload again in case of having network errors','2021-10-24 19:46:55','2021-10-24 19:47:31'),(1010,0,'en','core/media/media','menu_name','Media','2021-10-24 19:46:55','2021-10-24 19:47:31'),(1011,0,'en','core/media/media','add','Add media','2021-10-24 19:46:55','2021-10-24 19:47:31'),(1012,0,'en','core/media/media','javascript.name','Name','2021-10-24 19:46:55','2021-10-24 19:47:31'),(1013,0,'en','core/media/media','javascript.url','URL','2021-10-24 19:46:55','2021-10-24 19:47:31'),(1014,0,'en','core/media/media','javascript.full_url','Full URL','2021-10-24 19:46:55','2021-10-24 19:47:31'),(1015,0,'en','core/media/media','javascript.size','Size','2021-10-24 19:46:55','2021-10-24 19:47:31'),(1016,0,'en','core/media/media','javascript.mime_type','Type','2021-10-24 19:46:55','2021-10-24 19:47:31'),(1017,0,'en','core/media/media','javascript.created_at','Uploaded at','2021-10-24 19:46:55','2021-10-24 19:47:31'),(1018,0,'en','core/media/media','javascript.updated_at','Modified at','2021-10-24 19:46:55','2021-10-24 19:47:31'),(1019,0,'en','core/media/media','javascript.nothing_selected','Nothing is selected','2021-10-24 19:46:55','2021-10-24 19:47:31'),(1020,0,'en','core/media/media','javascript.visit_link','Open link','2021-10-24 19:46:55','2021-10-24 19:47:31'),(1021,0,'en','core/media/media','javascript.no_item.all_media.icon','fas fa-cloud-upload-alt','2021-10-24 19:46:55','2021-10-24 19:47:31'),(1022,0,'en','core/media/media','javascript.no_item.all_media.title','Drop files and folders here','2021-10-24 19:46:55','2021-10-24 19:47:31'),(1023,0,'en','core/media/media','javascript.no_item.all_media.message','Or use the upload button above','2021-10-24 19:46:55','2021-10-24 19:47:31'),(1024,0,'en','core/media/media','javascript.no_item.trash.icon','fas fa-trash-alt','2021-10-24 19:46:55','2021-10-24 19:47:31'),(1025,0,'en','core/media/media','javascript.no_item.trash.title','There is nothing in your trash currently','2021-10-24 19:46:55','2021-10-24 19:47:31'),(1026,0,'en','core/media/media','javascript.no_item.trash.message','Delete files to move them to trash automatically. Delete files from trash to remove them permanently','2021-10-24 19:46:55','2021-10-24 19:47:31'),(1027,0,'en','core/media/media','javascript.no_item.favorites.icon','fas fa-star','2021-10-24 19:46:55','2021-10-24 19:47:31'),(1028,0,'en','core/media/media','javascript.no_item.favorites.title','You have not added anything to your favorites yet','2021-10-24 19:46:55','2021-10-24 19:47:31'),(1029,0,'en','core/media/media','javascript.no_item.favorites.message','Add files to favorites to easily find them later','2021-10-24 19:46:55','2021-10-24 19:47:31'),(1030,0,'en','core/media/media','javascript.no_item.recent.icon','far fa-clock','2021-10-24 19:46:55','2021-10-24 19:47:31'),(1031,0,'en','core/media/media','javascript.no_item.recent.title','You did not opened anything yet','2021-10-24 19:46:55','2021-10-24 19:47:31'),(1032,0,'en','core/media/media','javascript.no_item.recent.message','All recent files that you opened will be appeared here','2021-10-24 19:46:55','2021-10-24 19:47:31'),(1033,0,'en','core/media/media','javascript.no_item.default.icon','fas fa-sync','2021-10-24 19:46:55','2021-10-24 19:47:31'),(1034,0,'en','core/media/media','javascript.no_item.default.title','No items','2021-10-24 19:46:55','2021-10-24 19:47:31'),(1035,0,'en','core/media/media','javascript.no_item.default.message','This directory has no item','2021-10-24 19:46:55','2021-10-24 19:47:31'),(1036,0,'en','core/media/media','javascript.clipboard.success','These file links has been copied to clipboard','2021-10-24 19:46:55','2021-10-24 19:47:31'),(1037,0,'en','core/media/media','javascript.message.error_header','Error','2021-10-24 19:46:55','2021-10-24 19:47:31'),(1038,0,'en','core/media/media','javascript.message.success_header','Success','2021-10-24 19:46:55','2021-10-24 19:47:31'),(1039,0,'en','core/media/media','javascript.download.error','No files selected or cannot download these files','2021-10-24 19:46:55','2021-10-24 19:47:31'),(1040,0,'en','core/media/media','javascript.actions_list.basic.preview','Preview','2021-10-24 19:46:55','2021-10-24 19:47:31'),(1041,0,'en','core/media/media','javascript.actions_list.file.copy_link','Copy link','2021-10-24 19:46:55','2021-10-24 19:47:31'),(1042,0,'en','core/media/media','javascript.actions_list.file.rename','Rename','2021-10-24 19:46:55','2021-10-24 19:47:31'),(1043,0,'en','core/media/media','javascript.actions_list.file.make_copy','Make a copy','2021-10-24 19:46:55','2021-10-24 19:47:31'),(1044,0,'en','core/media/media','javascript.actions_list.user.favorite','Add to favorite','2021-10-24 19:46:55','2021-10-24 19:47:31'),(1045,0,'en','core/media/media','javascript.actions_list.user.remove_favorite','Remove favorite','2021-10-24 19:46:55','2021-10-24 19:47:31'),(1046,0,'en','core/media/media','javascript.actions_list.other.download','Download','2021-10-24 19:46:55','2021-10-24 19:47:31'),(1047,0,'en','core/media/media','javascript.actions_list.other.trash','Move to trash','2021-10-24 19:46:55','2021-10-24 19:47:31'),(1048,0,'en','core/media/media','javascript.actions_list.other.delete','Delete permanently','2021-10-24 19:46:55','2021-10-24 19:47:31'),(1049,0,'en','core/media/media','javascript.actions_list.other.restore','Restore','2021-10-24 19:46:55','2021-10-24 19:47:31'),(1050,0,'en','core/media/media','name_invalid','The folder name has invalid character(s).','2021-10-24 19:46:55','2021-10-24 19:47:31'),(1051,0,'en','core/media/media','url_invalid','Please provide a valid URL','2021-10-24 19:46:55','2021-10-24 19:47:31'),(1052,0,'en','core/media/media','path_invalid','Please provide a valid path','2021-10-24 19:46:55','2021-10-24 19:47:31'),(1053,0,'en','core/media/media','download_link','Download','2021-10-24 19:46:55','2021-10-24 19:47:31'),(1054,0,'en','core/media/media','url','URL','2021-10-24 19:46:55','2021-10-24 19:47:31'),(1055,0,'en','core/media/media','download_explain','Enter one URL per line.','2021-10-24 19:46:55','2021-10-24 19:47:31'),(1056,0,'en','core/media/media','downloading','Downloading...','2021-10-24 19:46:55','2021-10-24 19:47:31'),(1057,0,'vi','core/media/media','filter','Lọc','2021-10-24 19:46:55','2021-10-24 19:47:31'),(1058,0,'vi','core/media/media','everything','Tất cả','2021-10-24 19:46:55','2021-10-24 19:47:31'),(1059,0,'vi','core/media/media','image','Hình ảnh','2021-10-24 19:46:55','2021-10-24 19:47:31'),(1060,0,'vi','core/media/media','video','Phim','2021-10-24 19:46:55','2021-10-24 19:47:31'),(1061,0,'vi','core/media/media','document','Tài liệu','2021-10-24 19:46:55','2021-10-24 19:47:31'),(1062,0,'vi','core/media/media','view_in','Chế độ xem','2021-10-24 19:46:55','2021-10-24 19:47:31'),(1063,0,'vi','core/media/media','all_media','Tất cả tập tin','2021-10-24 19:46:55','2021-10-24 19:47:31'),(1064,0,'vi','core/media/media','trash','Thùng rác','2021-10-24 19:46:55','2021-10-24 19:47:31'),(1065,0,'vi','core/media/media','recent','Gần đây','2021-10-24 19:46:55','2021-10-24 19:47:31'),(1066,0,'vi','core/media/media','favorites','Được gắn dấu sao','2021-10-24 19:46:55','2021-10-24 19:47:31'),(1067,0,'vi','core/media/media','upload','Tải lên','2021-10-24 19:46:55','2021-10-24 19:47:31'),(1068,0,'vi','core/media/media','create_folder','Tạo thư mục','2021-10-24 19:46:55','2021-10-24 19:47:31'),(1069,0,'vi','core/media/media','refresh','Làm mới','2021-10-24 19:46:55','2021-10-24 19:47:31'),(1070,0,'vi','core/media/media','empty_trash','Dọn thùng rác','2021-10-24 19:46:55','2021-10-24 19:47:31'),(1071,0,'vi','core/media/media','search_file_and_folder','Tìm kiếm tập tin và thư mục','2021-10-24 19:46:55','2021-10-24 19:47:31'),(1072,0,'vi','core/media/media','sort','Sắp xếp','2021-10-24 19:46:55','2021-10-24 19:47:31'),(1073,0,'vi','core/media/media','file_name_asc','Tên tập tin - ASC','2021-10-24 19:46:55','2021-10-24 19:47:31'),(1074,0,'vi','core/media/media','file_name_desc','Tên tập tin - DESC','2021-10-24 19:46:55','2021-10-24 19:47:31'),(1075,0,'vi','core/media/media','uploaded_date_asc','Ngày tải lên - ASC','2021-10-24 19:46:55','2021-10-24 19:47:31'),(1076,0,'vi','core/media/media','uploaded_date_desc','Ngày tải lên - DESC','2021-10-24 19:46:55','2021-10-24 19:47:31'),(1077,0,'vi','core/media/media','size_asc','Kích thước - ASC','2021-10-24 19:46:55','2021-10-24 19:47:31'),(1078,0,'vi','core/media/media','size_desc','Kích thước - DESC','2021-10-24 19:46:55','2021-10-24 19:47:31'),(1079,0,'vi','core/media/media','actions','Hành động','2021-10-24 19:46:55','2021-10-24 19:47:31'),(1080,0,'vi','core/media/media','nothing_is_selected','Không có tập tin nào được chọn','2021-10-24 19:46:55','2021-10-24 19:47:31'),(1081,0,'vi','core/media/media','insert','Chèn','2021-10-24 19:46:55','2021-10-24 19:47:31'),(1082,0,'vi','core/media/media','folder_name','Tên thư mục','2021-10-24 19:46:55','2021-10-24 19:47:31'),(1083,0,'vi','core/media/media','create','Tạo','2021-10-24 19:46:55','2021-10-24 19:47:31'),(1084,0,'vi','core/media/media','rename','Đổi tên','2021-10-24 19:46:55','2021-10-24 19:47:31'),(1085,0,'vi','core/media/media','close','Đóng','2021-10-24 19:46:55','2021-10-24 19:47:31'),(1086,0,'vi','core/media/media','save_changes','Lưu thay đổi','2021-10-24 19:46:55','2021-10-24 19:47:31'),(1087,0,'vi','core/media/media','move_to_trash','Đưa vào thùng rác','2021-10-24 19:46:55','2021-10-24 19:47:31'),(1088,0,'vi','core/media/media','confirm_trash','Bạn có chắc chắn muốn bỏ những tập tin này vào thùng rác?','2021-10-24 19:46:55','2021-10-24 19:47:31'),(1089,0,'vi','core/media/media','confirm','Xác nhận','2021-10-24 19:46:55','2021-10-24 19:47:31'),(1090,0,'vi','core/media/media','confirm_delete','Xóa tập tin','2021-10-24 19:46:56','2021-10-24 19:47:31'),(1091,0,'vi','core/media/media','confirm_delete_description','Hành động này không thể khôi phục. Bạn có chắc chắn muốn xóa các tập tin này?','2021-10-24 19:46:56','2021-10-24 19:47:31'),(1092,0,'vi','core/media/media','empty_trash_title','Dọn sạch thùng rác','2021-10-24 19:46:56','2021-10-24 19:47:31'),(1093,0,'vi','core/media/media','empty_trash_description','Hành động này không thể khôi phục. Bạn có chắc chắn muốn dọn sạch thùng rác?','2021-10-24 19:46:56','2021-10-24 19:47:31'),(1094,0,'vi','core/media/media','up_level','Quay lại một cấp','2021-10-24 19:46:56','2021-10-24 19:47:31'),(1095,0,'vi','core/media/media','upload_progress','Tiến trình tải lên','2021-10-24 19:46:56','2021-10-24 19:47:31'),(1096,0,'vi','core/media/media','folder_created','Tạo thư mục thành công!','2021-10-24 19:46:56','2021-10-24 19:47:31'),(1097,0,'vi','core/media/media','gallery','Thư viện tập tin','2021-10-24 19:46:56','2021-10-24 19:47:31'),(1098,0,'vi','core/media/media','trash_error','Có lỗi khi xóa tập tin/thư mục','2021-10-24 19:46:56','2021-10-24 19:47:31'),(1099,0,'vi','core/media/media','trash_success','Xóa tập tin/thư mục thành công!','2021-10-24 19:46:56','2021-10-24 19:47:31'),(1100,0,'vi','core/media/media','restore_error','Có lỗi trong quá trình khôi phục','2021-10-24 19:46:56','2021-10-24 19:47:31'),(1101,0,'vi','core/media/media','restore_success','Khôi phục thành công!','2021-10-24 19:46:56','2021-10-24 19:47:31'),(1102,0,'vi','core/media/media','copy_success','Sao chép thành công!','2021-10-24 19:46:56','2021-10-24 19:47:31'),(1103,0,'vi','core/media/media','delete_success','Xóa thành công!','2021-10-24 19:46:56','2021-10-24 19:47:31'),(1104,0,'vi','core/media/media','favorite_success','Thêm dấu sao thành công!','2021-10-24 19:46:56','2021-10-24 19:47:31'),(1105,0,'vi','core/media/media','remove_favorite_success','Bỏ dấu sao thành công!','2021-10-24 19:46:56','2021-10-24 19:47:31'),(1106,0,'vi','core/media/media','rename_error','Có lỗi trong quá trình đổi tên','2021-10-24 19:46:56','2021-10-24 19:47:31'),(1107,0,'vi','core/media/media','rename_success','Đổi tên thành công!','2021-10-24 19:46:56','2021-10-24 19:47:31'),(1108,0,'vi','core/media/media','invalid_action','Hành động không hợp lệ!','2021-10-24 19:46:56','2021-10-24 19:47:31'),(1109,0,'vi','core/media/media','file_not_exists','Tập tin không tồn tại!','2021-10-24 19:46:56','2021-10-24 19:47:31'),(1110,0,'vi','core/media/media','download_file_error','Có lỗi trong quá trình tải xuống tập tin!','2021-10-24 19:46:56','2021-10-24 19:47:31'),(1111,0,'vi','core/media/media','missing_zip_archive_extension','Hãy bật ZipArchive extension để tải tập tin!','2021-10-24 19:46:56','2021-10-24 19:47:31'),(1112,0,'vi','core/media/media','can_not_download_file','Không thể tải tập tin!','2021-10-24 19:46:56','2021-10-24 19:47:31'),(1113,0,'vi','core/media/media','invalid_request','Yêu cầu không hợp lệ!','2021-10-24 19:46:56','2021-10-24 19:47:31'),(1114,0,'vi','core/media/media','add_success','Thêm thành công!','2021-10-24 19:46:56','2021-10-24 19:47:31'),(1115,0,'vi','core/media/media','file_too_big','Tập tin quá lớn. Giới hạn tải lên là :size bytes','2021-10-24 19:46:56','2021-10-24 19:47:31'),(1116,0,'vi','core/media/media','can_not_detect_file_type','Loại tập tin không hợp lệ hoặc không thể xác định loại tập tin!','2021-10-24 19:46:56','2021-10-24 19:47:31'),(1117,0,'vi','core/media/media','upload_failed','The file is NOT uploaded completely. The server allows max upload file size is :size . Please check your file size OR try to upload again in case of having network errors','2021-10-24 19:46:56','2021-10-24 19:47:31'),(1118,0,'vi','core/media/media','menu_name','Quản lý tập tin','2021-10-24 19:46:56','2021-10-24 19:47:31'),(1119,0,'vi','core/media/media','add','Thêm tập tin','2021-10-24 19:46:56','2021-10-24 19:47:31'),(1120,0,'vi','core/media/media','javascript.name','Tên','2021-10-24 19:46:56','2021-10-24 19:47:31'),(1121,0,'vi','core/media/media','javascript.url','Đường dẫn','2021-10-24 19:46:56','2021-10-24 19:47:31'),(1122,0,'vi','core/media/media','javascript.full_url','Đường dẫn tuyệt đối','2021-10-24 19:46:56','2021-10-24 19:47:31'),(1123,0,'vi','core/media/media','javascript.size','Kích thước','2021-10-24 19:46:56','2021-10-24 19:47:31'),(1124,0,'vi','core/media/media','javascript.mime_type','Loại','2021-10-24 19:46:56','2021-10-24 19:47:31'),(1125,0,'vi','core/media/media','javascript.created_at','Được tải lên lúc','2021-10-24 19:46:56','2021-10-24 19:47:31'),(1126,0,'vi','core/media/media','javascript.updated_at','Được chỉnh sửa lúc','2021-10-24 19:46:56','2021-10-24 19:47:31'),(1127,0,'vi','core/media/media','javascript.nothing_selected','Bạn chưa chọn tập tin nào','2021-10-24 19:46:56','2021-10-24 19:47:31'),(1128,0,'vi','core/media/media','javascript.visit_link','Mở liên kết','2021-10-24 19:46:56','2021-10-24 19:47:31'),(1129,0,'vi','core/media/media','javascript.no_item.all_media.icon','fas fa-cloud-upload-alt','2021-10-24 19:46:56','2021-10-24 19:47:31'),(1130,0,'vi','core/media/media','javascript.no_item.all_media.title','Bạn có thể kéo thả tập tin vào đây để tải lên','2021-10-24 19:46:56','2021-10-24 19:47:31'),(1131,0,'vi','core/media/media','javascript.no_item.all_media.message','Hoặc có thể bấm nút Tải lên ở phía trên','2021-10-24 19:46:56','2021-10-24 19:47:31'),(1132,0,'vi','core/media/media','javascript.no_item.trash.icon','fas fa-trash-alt','2021-10-24 19:46:56','2021-10-24 19:47:31'),(1133,0,'vi','core/media/media','javascript.no_item.trash.title','Hiện tại không có tập tin nào trong thùng rác','2021-10-24 19:46:56','2021-10-24 19:47:31'),(1134,0,'vi','core/media/media','javascript.no_item.trash.message','Xóa tập tin sẽ đem tập tin lưu vào thùng rác. Xóa tập tin trong thùng rác sẽ xóa vĩnh viễn.','2021-10-24 19:46:56','2021-10-24 19:47:31'),(1135,0,'vi','core/media/media','javascript.no_item.favorites.icon','fas fa-star','2021-10-24 19:46:56','2021-10-24 19:47:31'),(1136,0,'vi','core/media/media','javascript.no_item.favorites.title','Bạn chưa đặt tập tin nào vào mục yêu thích','2021-10-24 19:46:56','2021-10-24 19:47:31'),(1137,0,'vi','core/media/media','javascript.no_item.favorites.message','Thêm tập tin vào mục yêu thích để tìm kiếm chúng dễ dàng sau này.','2021-10-24 19:46:56','2021-10-24 19:47:31'),(1138,0,'vi','core/media/media','javascript.no_item.recent.icon','far fa-clock','2021-10-24 19:46:56','2021-10-24 19:47:31'),(1139,0,'vi','core/media/media','javascript.no_item.recent.title','Bạn chưa mở tập tin nào.','2021-10-24 19:46:56','2021-10-24 19:47:31'),(1140,0,'vi','core/media/media','javascript.no_item.recent.message','Mục này hiển thị các tập tin bạn đã xem gần đây.','2021-10-24 19:46:56','2021-10-24 19:47:31'),(1141,0,'vi','core/media/media','javascript.no_item.default.icon','fas fa-sync','2021-10-24 19:46:56','2021-10-24 19:47:31'),(1142,0,'vi','core/media/media','javascript.no_item.default.title','Thư mục trống','2021-10-24 19:46:56','2021-10-24 19:47:31'),(1143,0,'vi','core/media/media','javascript.no_item.default.message','Thư mục này chưa có tập tin nào','2021-10-24 19:46:56','2021-10-24 19:47:31'),(1144,0,'vi','core/media/media','javascript.clipboard.success','Đường dẫn của các tập tin đã được sao chép vào clipboard','2021-10-24 19:46:56','2021-10-24 19:47:31'),(1145,0,'vi','core/media/media','javascript.message.error_header','Lỗi','2021-10-24 19:46:56','2021-10-24 19:47:31'),(1146,0,'vi','core/media/media','javascript.message.success_header','Thành công','2021-10-24 19:46:56','2021-10-24 19:47:31'),(1147,0,'vi','core/media/media','javascript.download.error','Bạn chưa chọn tập tin nào hoặc tập tin này không cho phép tải về','2021-10-24 19:46:56','2021-10-24 19:47:31'),(1148,0,'vi','core/media/media','javascript.actions_list.basic.preview','Xem trước','2021-10-24 19:46:56','2021-10-24 19:47:31'),(1149,0,'vi','core/media/media','javascript.actions_list.file.copy_link','Sao chép đường dẫn','2021-10-24 19:46:56','2021-10-24 19:47:31'),(1150,0,'vi','core/media/media','javascript.actions_list.file.rename','Đổi tên','2021-10-24 19:46:56','2021-10-24 19:47:31'),(1151,0,'vi','core/media/media','javascript.actions_list.file.make_copy','Nhân bản','2021-10-24 19:46:56','2021-10-24 19:47:31'),(1152,0,'vi','core/media/media','javascript.actions_list.user.favorite','Yêu thích','2021-10-24 19:46:56','2021-10-24 19:47:31'),(1153,0,'vi','core/media/media','javascript.actions_list.user.remove_favorite','Xóa khỏi mục yêu thích','2021-10-24 19:46:56','2021-10-24 19:47:31'),(1154,0,'vi','core/media/media','javascript.actions_list.other.download','Tải xuống','2021-10-24 19:46:56','2021-10-24 19:47:31'),(1155,0,'vi','core/media/media','javascript.actions_list.other.trash','Chuyển vào thùng rác','2021-10-24 19:46:56','2021-10-24 19:47:31'),(1156,0,'vi','core/media/media','javascript.actions_list.other.delete','Xóa hoàn toàn','2021-10-24 19:46:56','2021-10-24 19:47:31'),(1157,0,'vi','core/media/media','javascript.actions_list.other.restore','Khôi phục','2021-10-24 19:46:56','2021-10-24 19:47:31'),(1158,0,'vi','core/media/media','empty_trash_success','Dọn sạch thùng rác thành công','2021-10-24 19:46:56','2021-10-24 19:47:31'),(1159,0,'vi','core/media/media','name_invalid','Tên thư mục chứa ký tự không hợp lệ','2021-10-24 19:46:56','2021-10-24 19:47:31'),(1160,0,'en','core/setting/setting','title','Settings','2021-10-24 19:46:56','2021-10-24 19:47:31'),(1161,0,'en','core/setting/setting','email_setting_title','Email settings','2021-10-24 19:46:56','2021-10-24 19:47:31'),(1162,0,'en','core/setting/setting','general.theme','Theme','2021-10-24 19:46:56','2021-10-24 19:47:31'),(1163,0,'en','core/setting/setting','general.description','Setting site information','2021-10-24 19:46:56','2021-10-24 19:47:31'),(1164,0,'en','core/setting/setting','general.title','General','2021-10-24 19:46:56','2021-10-24 19:47:31'),(1165,0,'en','core/setting/setting','general.general_block','General Information','2021-10-24 19:46:56','2021-10-24 19:47:31'),(1166,0,'en','core/setting/setting','general.rich_editor','Rich Editor','2021-10-24 19:46:56','2021-10-24 19:47:31'),(1167,0,'en','core/setting/setting','general.site_title','Site title','2021-10-24 19:46:56','2021-10-24 19:47:31'),(1168,0,'en','core/setting/setting','general.admin_email','Admin Email','2021-10-24 19:46:56','2021-10-24 19:47:31'),(1169,0,'en','core/setting/setting','general.seo_block','SEO Configuration','2021-10-24 19:46:56','2021-10-24 19:47:31'),(1170,0,'en','core/setting/setting','general.seo_title','SEO Title','2021-10-24 19:46:56','2021-10-24 19:47:31'),(1171,0,'en','core/setting/setting','general.seo_description','SEO Description','2021-10-24 19:46:56','2021-10-24 19:47:31'),(1172,0,'en','core/setting/setting','general.webmaster_tools_block','Google Webmaster Tools','2021-10-24 19:46:56','2021-10-24 19:47:31'),(1173,0,'en','core/setting/setting','general.google_site_verification','Google site verification','2021-10-24 19:46:56','2021-10-24 19:47:31'),(1174,0,'en','core/setting/setting','general.placeholder.site_title','Site Title (maximum 120 characters)','2021-10-24 19:46:56','2021-10-24 19:47:31'),(1175,0,'en','core/setting/setting','general.placeholder.admin_email','Admin Email','2021-10-24 19:46:56','2021-10-24 19:47:31'),(1176,0,'en','core/setting/setting','general.placeholder.seo_title','SEO Title (maximum 120 characters)','2021-10-24 19:46:56','2021-10-24 19:47:31'),(1177,0,'en','core/setting/setting','general.placeholder.seo_description','SEO Description (maximum 120 characters)','2021-10-24 19:46:56','2021-10-24 19:47:31'),(1178,0,'en','core/setting/setting','general.placeholder.google_analytics','Google Analytics','2021-10-24 19:46:56','2021-10-24 19:47:31'),(1179,0,'en','core/setting/setting','general.placeholder.google_site_verification','Google Site Verification','2021-10-24 19:46:56','2021-10-24 19:47:31'),(1180,0,'en','core/setting/setting','general.cache_admin_menu','Cache admin menu?','2021-10-24 19:46:56','2021-10-24 19:47:31'),(1181,0,'en','core/setting/setting','general.enable_send_error_reporting_via_email','Enable to send error reporting via email?','2021-10-24 19:46:56','2021-10-24 19:47:31'),(1182,0,'en','core/setting/setting','general.time_zone','Timezone','2021-10-24 19:46:56','2021-10-24 19:47:31'),(1183,0,'en','core/setting/setting','general.default_admin_theme','Default admin theme','2021-10-24 19:46:56','2021-10-24 19:47:31'),(1184,0,'en','core/setting/setting','general.enable_change_admin_theme','Enable change admin theme?','2021-10-24 19:46:56','2021-10-24 19:47:31'),(1185,0,'en','core/setting/setting','general.enable','Enable','2021-10-24 19:46:56','2021-10-24 19:47:31'),(1186,0,'en','core/setting/setting','general.disable','Disable','2021-10-24 19:46:56','2021-10-24 19:47:31'),(1187,0,'en','core/setting/setting','general.enable_cache','Enable cache?','2021-10-24 19:46:56','2021-10-24 19:47:31'),(1188,0,'en','core/setting/setting','general.cache_time','Cache time (minutes)','2021-10-24 19:46:56','2021-10-24 19:47:31'),(1189,0,'en','core/setting/setting','general.cache_time_site_map','Cache Time Site map','2021-10-24 19:46:56','2021-10-24 19:47:31'),(1190,0,'en','core/setting/setting','general.admin_logo','Admin logo','2021-10-24 19:46:56','2021-10-24 19:47:31'),(1191,0,'en','core/setting/setting','general.admin_favicon','Admin favicon','2021-10-24 19:46:56','2021-10-24 19:47:31'),(1192,0,'en','core/setting/setting','general.admin_title','Admin title','2021-10-24 19:46:56','2021-10-24 19:47:31'),(1193,0,'en','core/setting/setting','general.admin_title_placeholder','Title show to tab of browser','2021-10-24 19:46:56','2021-10-24 19:47:31'),(1194,0,'en','core/setting/setting','general.cache_block','Cache','2021-10-24 19:46:56','2021-10-24 19:47:31'),(1195,0,'en','core/setting/setting','general.admin_appearance_title','Admin appearance','2021-10-24 19:46:56','2021-10-24 19:47:31'),(1196,0,'en','core/setting/setting','general.admin_appearance_description','Setting admin appearance such as editor, language...','2021-10-24 19:46:56','2021-10-24 19:47:31'),(1197,0,'en','core/setting/setting','general.seo_block_description','Setting site title, site meta description, site keyword for optimize SEO','2021-10-24 19:46:56','2021-10-24 19:47:31'),(1198,0,'en','core/setting/setting','general.webmaster_tools_description','Google Webmaster Tools (GWT) is free software that helps you manage the technical side of your website','2021-10-24 19:46:56','2021-10-24 19:47:31'),(1199,0,'en','core/setting/setting','general.cache_description','Config cache for system for optimize speed','2021-10-24 19:46:56','2021-10-24 19:47:31'),(1200,0,'en','core/setting/setting','general.yes','Yes','2021-10-24 19:46:56','2021-10-24 19:47:31'),(1201,0,'en','core/setting/setting','general.no','No','2021-10-24 19:46:56','2021-10-24 19:47:31'),(1202,0,'en','core/setting/setting','general.show_on_front','Your homepage displays','2021-10-24 19:46:56','2021-10-24 19:47:31'),(1203,0,'en','core/setting/setting','general.select','— Select —','2021-10-24 19:46:56','2021-10-24 19:47:31'),(1204,0,'en','core/setting/setting','general.show_site_name','Show site name after page title, separate with \"-\"?','2021-10-24 19:46:56','2021-10-24 19:47:31'),(1205,0,'en','core/setting/setting','general.locale','Site language','2021-10-24 19:46:56','2021-10-24 19:47:31'),(1206,0,'en','core/setting/setting','general.locale_direction','Front site language direction','2021-10-24 19:46:56','2021-10-24 19:47:31'),(1207,0,'en','core/setting/setting','general.admin_locale_direction','Admin language direction','2021-10-24 19:46:56','2021-10-24 19:47:31'),(1208,0,'en','core/setting/setting','general.admin_login_screen_backgrounds','Login screen backgrounds (~1366x768)','2021-10-24 19:46:56','2021-10-24 19:47:31'),(1209,0,'en','core/setting/setting','email.subject','Subject','2021-10-24 19:46:56','2021-10-24 19:47:31'),(1210,0,'en','core/setting/setting','email.content','Content','2021-10-24 19:46:56','2021-10-24 19:47:31'),(1211,0,'en','core/setting/setting','email.title','Setting for email template','2021-10-24 19:46:56','2021-10-24 19:47:31'),(1212,0,'en','core/setting/setting','email.description','Email template using HTML & system variables.','2021-10-24 19:46:56','2021-10-24 19:47:31'),(1213,0,'en','core/setting/setting','email.reset_to_default','Reset to default','2021-10-24 19:46:56','2021-10-24 19:47:31'),(1214,0,'en','core/setting/setting','email.back','Back to settings','2021-10-24 19:46:56','2021-10-24 19:47:31'),(1215,0,'en','core/setting/setting','email.reset_success','Reset back to default successfully','2021-10-24 19:46:56','2021-10-24 19:47:31'),(1216,0,'en','core/setting/setting','email.confirm_reset','Confirm reset email template?','2021-10-24 19:46:56','2021-10-24 19:47:31'),(1217,0,'en','core/setting/setting','email.confirm_message','Do you really want to reset this email template to default?','2021-10-24 19:46:56','2021-10-24 19:47:31'),(1218,0,'en','core/setting/setting','email.continue','Continue','2021-10-24 19:46:56','2021-10-24 19:47:31'),(1219,0,'en','core/setting/setting','email.sender_name','Sender name','2021-10-24 19:46:56','2021-10-24 19:47:31'),(1220,0,'en','core/setting/setting','email.sender_name_placeholder','Name','2021-10-24 19:46:56','2021-10-24 19:47:31'),(1221,0,'en','core/setting/setting','email.sender_email','Sender email','2021-10-24 19:46:56','2021-10-24 19:47:31'),(1222,0,'en','core/setting/setting','email.mailer','Mailer','2021-10-24 19:46:56','2021-10-24 19:47:31'),(1223,0,'en','core/setting/setting','email.port','Port','2021-10-24 19:46:56','2021-10-24 19:47:31'),(1224,0,'en','core/setting/setting','email.port_placeholder','Ex: 587','2021-10-24 19:46:56','2021-10-24 19:47:31'),(1225,0,'en','core/setting/setting','email.host','Host','2021-10-24 19:46:56','2021-10-24 19:47:31'),(1226,0,'en','core/setting/setting','email.host_placeholder','Ex: smtp.gmail.com','2021-10-24 19:46:56','2021-10-24 19:47:31'),(1227,0,'en','core/setting/setting','email.username','Username','2021-10-24 19:46:56','2021-10-24 19:47:31'),(1228,0,'en','core/setting/setting','email.username_placeholder','Username to login to mail server','2021-10-24 19:46:56','2021-10-24 19:47:31'),(1229,0,'en','core/setting/setting','email.password','Password','2021-10-24 19:46:56','2021-10-24 19:47:31'),(1230,0,'en','core/setting/setting','email.password_placeholder','Password to login to mail server','2021-10-24 19:46:56','2021-10-24 19:47:31'),(1231,0,'en','core/setting/setting','email.encryption','Encryption','2021-10-24 19:46:56','2021-10-24 19:47:31'),(1232,0,'en','core/setting/setting','email.mail_gun_domain','Domain','2021-10-24 19:46:56','2021-10-24 19:47:31'),(1233,0,'en','core/setting/setting','email.mail_gun_domain_placeholder','Domain','2021-10-24 19:46:56','2021-10-24 19:47:31'),(1234,0,'en','core/setting/setting','email.mail_gun_secret','Secret','2021-10-24 19:46:56','2021-10-24 19:47:31'),(1235,0,'en','core/setting/setting','email.mail_gun_secret_placeholder','Secret','2021-10-24 19:46:56','2021-10-24 19:47:31'),(1236,0,'en','core/setting/setting','email.mail_gun_endpoint','Endpoint','2021-10-24 19:46:56','2021-10-24 19:47:31'),(1237,0,'en','core/setting/setting','email.mail_gun_endpoint_placeholder','Endpoint','2021-10-24 19:46:56','2021-10-24 19:47:31'),(1238,0,'en','core/setting/setting','email.log_channel','Log channel','2021-10-24 19:46:56','2021-10-24 19:47:31'),(1239,0,'en','core/setting/setting','email.sendmail_path','Sendmail Path','2021-10-24 19:46:56','2021-10-24 19:47:31'),(1240,0,'en','core/setting/setting','email.encryption_placeholder','Encryption: ssl or tls','2021-10-24 19:46:56','2021-10-24 19:47:31'),(1241,0,'en','core/setting/setting','email.ses_key','Key','2021-10-24 19:46:56','2021-10-24 19:47:31'),(1242,0,'en','core/setting/setting','email.ses_key_placeholder','Key','2021-10-24 19:46:56','2021-10-24 19:47:31'),(1243,0,'en','core/setting/setting','email.ses_secret','Secret','2021-10-24 19:46:56','2021-10-24 19:47:31'),(1244,0,'en','core/setting/setting','email.ses_secret_placeholder','Secret','2021-10-24 19:46:56','2021-10-24 19:47:31'),(1245,0,'en','core/setting/setting','email.ses_region','Region','2021-10-24 19:46:56','2021-10-24 19:47:31'),(1246,0,'en','core/setting/setting','email.ses_region_placeholder','Region','2021-10-24 19:46:56','2021-10-24 19:47:31'),(1247,0,'en','core/setting/setting','email.postmark_token','Token','2021-10-24 19:46:56','2021-10-24 19:47:31'),(1248,0,'en','core/setting/setting','email.postmark_token_placeholder','Token','2021-10-24 19:46:56','2021-10-24 19:47:31'),(1249,0,'en','core/setting/setting','email.template_title','Email templates','2021-10-24 19:46:56','2021-10-24 19:47:31'),(1250,0,'en','core/setting/setting','email.template_description','Base templates for all emails','2021-10-24 19:46:56','2021-10-24 19:47:31'),(1251,0,'en','core/setting/setting','email.template_header','Email template header','2021-10-24 19:46:56','2021-10-24 19:47:31'),(1252,0,'en','core/setting/setting','email.template_header_description','Template for header of emails','2021-10-24 19:46:56','2021-10-24 19:47:31'),(1253,0,'en','core/setting/setting','email.template_footer','Email template footer','2021-10-24 19:46:56','2021-10-24 19:47:31'),(1254,0,'en','core/setting/setting','email.template_footer_description','Template for footer of emails','2021-10-24 19:46:56','2021-10-24 19:47:31'),(1255,0,'en','core/setting/setting','email.default','Default','2021-10-24 19:46:56','2021-10-24 19:47:31'),(1256,0,'en','core/setting/setting','email.using_queue_to_send_mail','Using queue job to send emails (Must to setup Queue first https://laravel.com/docs/queues#supervisor-configuration)','2021-10-24 19:46:56','2021-10-24 19:47:31'),(1257,0,'en','core/setting/setting','media.title','Media','2021-10-24 19:46:56','2021-10-24 19:47:31'),(1258,0,'en','core/setting/setting','media.driver','Driver','2021-10-24 19:46:56','2021-10-24 19:47:31'),(1259,0,'en','core/setting/setting','media.description','Settings for media','2021-10-24 19:46:56','2021-10-24 19:47:31'),(1260,0,'en','core/setting/setting','media.aws_access_key_id','AWS Access Key ID','2021-10-24 19:46:56','2021-10-24 19:47:31'),(1261,0,'en','core/setting/setting','media.aws_secret_key','AWS Secret Key','2021-10-24 19:46:56','2021-10-24 19:47:31'),(1262,0,'en','core/setting/setting','media.aws_default_region','AWS Default Region','2021-10-24 19:46:56','2021-10-24 19:47:31'),(1263,0,'en','core/setting/setting','media.aws_bucket','AWS Bucket','2021-10-24 19:46:56','2021-10-24 19:47:31'),(1264,0,'en','core/setting/setting','media.aws_url','AWS URL','2021-10-24 19:46:56','2021-10-24 19:47:31'),(1265,0,'en','core/setting/setting','media.do_spaces_access_key_id','DO Spaces Access Key ID','2021-10-24 19:46:56','2021-10-24 19:47:31'),(1266,0,'en','core/setting/setting','media.do_spaces_secret_key','DO Spaces Secret Key','2021-10-24 19:46:56','2021-10-24 19:47:31'),(1267,0,'en','core/setting/setting','media.do_spaces_default_region','DO Spaces Default Region','2021-10-24 19:46:56','2021-10-24 19:47:31'),(1268,0,'en','core/setting/setting','media.do_spaces_bucket','DO Spaces Bucket','2021-10-24 19:46:56','2021-10-24 19:47:31'),(1269,0,'en','core/setting/setting','media.do_spaces_endpoint','DO Spaces Endpoint','2021-10-24 19:46:56','2021-10-24 19:47:31'),(1270,0,'en','core/setting/setting','media.do_spaces_cdn_enabled','Is DO Spaces CDN enabled?','2021-10-24 19:46:56','2021-10-24 19:47:31'),(1271,0,'en','core/setting/setting','media.media_do_spaces_cdn_custom_domain','Do Spaces CDN custom domain','2021-10-24 19:46:56','2021-10-24 19:47:31'),(1272,0,'en','core/setting/setting','media.media_do_spaces_cdn_custom_domain_placeholder','https://your-custom-domain.com','2021-10-24 19:46:56','2021-10-24 19:47:31'),(1273,0,'en','core/setting/setting','media.wasabi_access_key_id','Wasabi Access Key ID','2021-10-24 19:46:57','2021-10-24 19:47:31'),(1274,0,'en','core/setting/setting','media.wasabi_secret_key','Wasabi Secret Key','2021-10-24 19:46:57','2021-10-24 19:47:31'),(1275,0,'en','core/setting/setting','media.wasabi_default_region','Wasabi Default Region','2021-10-24 19:46:57','2021-10-24 19:47:31'),(1276,0,'en','core/setting/setting','media.wasabi_bucket','Wasabi Bucket','2021-10-24 19:46:57','2021-10-24 19:47:31'),(1277,0,'en','core/setting/setting','media.wasabi_root','Wasabi Root','2021-10-24 19:46:57','2021-10-24 19:47:31'),(1278,0,'en','core/setting/setting','media.default_placeholder_image','Default placeholder image','2021-10-24 19:46:57','2021-10-24 19:47:31'),(1279,0,'en','core/setting/setting','media.enable_chunk','Enable chunk size upload?','2021-10-24 19:46:57','2021-10-24 19:47:31'),(1280,0,'en','core/setting/setting','media.chunk_size','Chunk size (Bytes)','2021-10-24 19:46:57','2021-10-24 19:47:31'),(1281,0,'en','core/setting/setting','media.chunk_size_placeholder','Default: 1048576 ~ 1MB','2021-10-24 19:46:57','2021-10-24 19:47:31'),(1282,0,'en','core/setting/setting','media.max_file_size','Chunk max file size (MB)','2021-10-24 19:46:57','2021-10-24 19:47:31'),(1283,0,'en','core/setting/setting','media.max_file_size_placeholder','Default: 1048576 ~ 1GB','2021-10-24 19:46:57','2021-10-24 19:47:31'),(1284,0,'en','core/setting/setting','media.enable_watermark','Enable watermark?','2021-10-24 19:46:57','2021-10-24 19:47:31'),(1285,0,'en','core/setting/setting','media.watermark_source','Watermark image','2021-10-24 19:46:57','2021-10-24 19:47:31'),(1286,0,'en','core/setting/setting','media.watermark_size','Size of watermark (%)','2021-10-24 19:46:57','2021-10-24 19:47:31'),(1287,0,'en','core/setting/setting','media.watermark_size_placeholder','Default: 10 (%)','2021-10-24 19:46:57','2021-10-24 19:47:31'),(1288,0,'en','core/setting/setting','media.watermark_opacity','Watermark Opacity (%)','2021-10-24 19:46:57','2021-10-24 19:47:31'),(1289,0,'en','core/setting/setting','media.watermark_opacity_placeholder','Default: 70 (%)','2021-10-24 19:46:57','2021-10-24 19:47:31'),(1290,0,'en','core/setting/setting','media.watermark_position','Watermark position','2021-10-24 19:46:57','2021-10-24 19:47:31'),(1291,0,'en','core/setting/setting','media.watermark_position_x','Watermark position X','2021-10-24 19:46:57','2021-10-24 19:47:31'),(1292,0,'en','core/setting/setting','media.watermark_position_y','Watermark position Y','2021-10-24 19:46:57','2021-10-24 19:47:31'),(1293,0,'en','core/setting/setting','media.watermark_position_top_left','Top left','2021-10-24 19:46:57','2021-10-24 19:47:31'),(1294,0,'en','core/setting/setting','media.watermark_position_top_right','Top right','2021-10-24 19:46:57','2021-10-24 19:47:31'),(1295,0,'en','core/setting/setting','media.watermark_position_bottom_left','Bottom left','2021-10-24 19:46:57','2021-10-24 19:47:31'),(1296,0,'en','core/setting/setting','media.watermark_position_bottom_right','Bottom right','2021-10-24 19:46:57','2021-10-24 19:47:31'),(1297,0,'en','core/setting/setting','media.watermark_position_center','Center','2021-10-24 19:46:57','2021-10-24 19:47:31'),(1298,0,'en','core/setting/setting','media.turn_off_automatic_url_translation_into_latin','Turn off automatic URL translation into Latin?','2021-10-24 19:46:57','2021-10-24 19:47:31'),(1299,0,'en','core/setting/setting','media.bunnycdn_hostname','Hostname','2021-10-24 19:46:57','2021-10-24 19:47:31'),(1300,0,'en','core/setting/setting','media.bunnycdn_zone','Zone Name (The name of your storage zone)','2021-10-24 19:46:57','2021-10-24 19:47:31'),(1301,0,'en','core/setting/setting','media.bunnycdn_key','FTP & API Access Password (The storage zone API Access Password)','2021-10-24 19:46:57','2021-10-24 19:47:31'),(1302,0,'en','core/setting/setting','media.bunnycdn_region','Region (The storage zone region)','2021-10-24 19:46:57','2021-10-24 19:47:31'),(1303,0,'en','core/setting/setting','license.purchase_code','Purchase code','2021-10-24 19:46:57','2021-10-24 19:47:31'),(1304,0,'en','core/setting/setting','license.buyer','Buyer','2021-10-24 19:46:57','2021-10-24 19:47:31'),(1305,0,'en','core/setting/setting','field_type_not_exists','This field type does not exist','2021-10-24 19:46:57','2021-10-24 19:47:31'),(1306,0,'en','core/setting/setting','save_settings','Save settings','2021-10-24 19:46:57','2021-10-24 19:47:31'),(1307,0,'en','core/setting/setting','template','Template','2021-10-24 19:46:57','2021-10-24 19:47:31'),(1308,0,'en','core/setting/setting','description','Description','2021-10-24 19:46:57','2021-10-24 19:47:31'),(1309,0,'en','core/setting/setting','enable','Enable','2021-10-24 19:46:57','2021-10-24 19:47:31'),(1310,0,'en','core/setting/setting','send','Send','2021-10-24 19:46:57','2021-10-24 19:47:31'),(1311,0,'en','core/setting/setting','test_email_description','To send test email, please make sure you are updated configuration to send mail!','2021-10-24 19:46:57','2021-10-24 19:47:31'),(1312,0,'en','core/setting/setting','test_email_input_placeholder','Enter the email which you want to send test email.','2021-10-24 19:46:57','2021-10-24 19:47:31'),(1313,0,'en','core/setting/setting','test_email_modal_title','Send a test email','2021-10-24 19:46:57','2021-10-24 19:47:31'),(1314,0,'en','core/setting/setting','test_send_mail','Send test mail','2021-10-24 19:46:57','2021-10-24 19:47:31'),(1315,0,'en','core/setting/setting','test_email_send_success','Send email successfully!','2021-10-24 19:46:57','2021-10-24 19:47:31'),(1316,0,'en','core/setting/setting','locale_direction_ltr','Left to Right','2021-10-24 19:46:57','2021-10-24 19:47:31'),(1317,0,'en','core/setting/setting','locale_direction_rtl','Right to Left','2021-10-24 19:46:57','2021-10-24 19:47:31'),(1318,0,'en','core/setting/setting','saving','Saving...','2021-10-24 19:46:57','2021-10-24 19:47:31'),(1319,0,'en','core/setting/setting','emails_warning','You can add up to :count emails','2021-10-24 19:46:57','2021-10-24 19:47:31'),(1320,0,'en','core/setting/setting','email_add_more','Add more','2021-10-24 19:46:57','2021-10-24 19:47:31'),(1321,0,'vi','core/setting/setting','title','Cài đặt','2021-10-24 19:46:57','2021-10-24 19:47:31'),(1322,0,'vi','core/setting/setting','general.theme','Giao diện','2021-10-24 19:46:57','2021-10-24 19:47:31'),(1323,0,'vi','core/setting/setting','general.description','Cấu hình những thông tin cài đặt website.','2021-10-24 19:46:57','2021-10-24 19:47:31'),(1324,0,'vi','core/setting/setting','general.title','Thông tin chung','2021-10-24 19:46:57','2021-10-24 19:47:31'),(1325,0,'vi','core/setting/setting','general.general_block','Thông tin chung','2021-10-24 19:46:57','2021-10-24 19:47:31'),(1326,0,'vi','core/setting/setting','general.site_title','Tên trang','2021-10-24 19:46:57','2021-10-24 19:47:31'),(1327,0,'vi','core/setting/setting','general.admin_email','Email quản trị viên','2021-10-24 19:46:57','2021-10-24 19:47:31'),(1328,0,'vi','core/setting/setting','general.seo_block','Cấu hình SEO','2021-10-24 19:46:57','2021-10-24 19:47:31'),(1329,0,'vi','core/setting/setting','general.seo_title','Tiêu đề SEO','2021-10-24 19:46:57','2021-10-24 19:47:31'),(1330,0,'vi','core/setting/setting','general.seo_description','Mô tả SEO','2021-10-24 19:46:57','2021-10-24 19:47:31'),(1331,0,'vi','core/setting/setting','general.webmaster_tools_block','Google Webmaster Tools','2021-10-24 19:46:57','2021-10-24 19:47:31'),(1332,0,'vi','core/setting/setting','general.google_site_verification','Google site verification','2021-10-24 19:46:57','2021-10-24 19:47:31'),(1333,0,'vi','core/setting/setting','general.placeholder.site_title','Tên trang (tối đa 120 kí tự)','2021-10-24 19:46:57','2021-10-24 19:47:31'),(1334,0,'vi','core/setting/setting','general.placeholder.admin_email','Admin Email','2021-10-24 19:46:57','2021-10-24 19:47:31'),(1335,0,'vi','core/setting/setting','general.placeholder.google_analytics','Ví dụ: UA-42767940-2','2021-10-24 19:46:57','2021-10-24 19:47:31'),(1336,0,'vi','core/setting/setting','general.placeholder.google_site_verification','Mã xác nhận trang web dùng cho Google Webmaster Tool','2021-10-24 19:46:57','2021-10-24 19:47:31'),(1337,0,'vi','core/setting/setting','general.placeholder.seo_title','Tiêu đề SEO (tối đa 120 kí tự)','2021-10-24 19:46:57','2021-10-24 19:47:31'),(1338,0,'vi','core/setting/setting','general.placeholder.seo_description','Mô tả SEO (tối đa 120 kí tự)','2021-10-24 19:46:57','2021-10-24 19:47:31'),(1339,0,'vi','core/setting/setting','general.enable_change_admin_theme','Cho phép thay đổi giao diện quản trị?','2021-10-24 19:46:57','2021-10-24 19:47:31'),(1340,0,'vi','core/setting/setting','general.enable','Bật','2021-10-24 19:46:57','2021-10-24 19:47:31'),(1341,0,'vi','core/setting/setting','general.disable','Tắt','2021-10-24 19:46:57','2021-10-24 19:47:31'),(1342,0,'vi','core/setting/setting','general.enable_cache','Bật bộ nhớ đệm?','2021-10-24 19:46:57','2021-10-24 19:47:31'),(1343,0,'vi','core/setting/setting','general.cache_time','Thời gian lưu bộ nhớ đệm (phút)','2021-10-24 19:46:57','2021-10-24 19:47:31'),(1344,0,'vi','core/setting/setting','general.cache_time_site_map','Thời gian lưu sơ đồ trang trong bộ nhớ đệm','2021-10-24 19:46:57','2021-10-24 19:47:31'),(1345,0,'vi','core/setting/setting','general.admin_logo','Logo trang quản trị','2021-10-24 19:46:57','2021-10-24 19:47:31'),(1346,0,'vi','core/setting/setting','general.admin_title','Tiêu đề trang quản trị','2021-10-24 19:46:57','2021-10-24 19:47:31'),(1347,0,'vi','core/setting/setting','general.admin_title_placeholder','Tiêu đề hiển thị trên thẻ trình duyệt','2021-10-24 19:46:57','2021-10-24 19:47:31'),(1348,0,'vi','core/setting/setting','general.rich_editor','Bộ soạn thảo văn bản','2021-10-24 19:46:57','2021-10-24 19:47:31'),(1349,0,'vi','core/setting/setting','general.cache_block','Bộ nhớ đệm','2021-10-24 19:46:57','2021-10-24 19:47:31'),(1350,0,'vi','core/setting/setting','general.yes','Bật','2021-10-24 19:46:57','2021-10-24 19:47:31'),(1351,0,'vi','core/setting/setting','general.no','Tắt','2021-10-24 19:46:57','2021-10-24 19:47:31'),(1352,0,'vi','core/setting/setting','email.subject','Tiêu đề','2021-10-24 19:46:57','2021-10-24 19:47:31'),(1353,0,'vi','core/setting/setting','email.content','Nội dung','2021-10-24 19:46:57','2021-10-24 19:47:31'),(1354,0,'vi','core/setting/setting','email.title','Cấu hình email template','2021-10-24 19:46:57','2021-10-24 19:47:31'),(1355,0,'vi','core/setting/setting','email.description','Cấu trúc file template sử dụng HTML và các biến trong hệ thống.','2021-10-24 19:46:57','2021-10-24 19:47:31'),(1356,0,'vi','core/setting/setting','email.reset_to_default','Khôi phục về mặc định','2021-10-24 19:46:57','2021-10-24 19:47:31'),(1357,0,'vi','core/setting/setting','email.back','Trở lại trang cài đặt','2021-10-24 19:46:57','2021-10-24 19:47:31'),(1358,0,'vi','core/setting/setting','email.reset_success','Khôi phục mặc định thành công','2021-10-24 19:46:57','2021-10-24 19:47:31'),(1359,0,'vi','core/setting/setting','email.confirm_reset','Xác nhận khôi phục mặc định?','2021-10-24 19:46:57','2021-10-24 19:47:31'),(1360,0,'vi','core/setting/setting','email.confirm_message','Bạn có chắc chắn muốn khôi phục về bản mặc định?','2021-10-24 19:46:57','2021-10-24 19:47:31'),(1361,0,'vi','core/setting/setting','email.continue','Tiếp tục','2021-10-24 19:46:57','2021-10-24 19:47:31'),(1362,0,'vi','core/setting/setting','email.sender_name','Tên người gửi','2021-10-24 19:46:57','2021-10-24 19:47:31'),(1363,0,'vi','core/setting/setting','email.sender_name_placeholder','Tên','2021-10-24 19:46:57','2021-10-24 19:47:31'),(1364,0,'vi','core/setting/setting','email.sender_email','Email của người gửi','2021-10-24 19:46:57','2021-10-24 19:47:31'),(1365,0,'vi','core/setting/setting','email.port','Cổng','2021-10-24 19:46:57','2021-10-24 19:47:31'),(1366,0,'vi','core/setting/setting','email.port_placeholder','Ví dụ: 587','2021-10-24 19:46:57','2021-10-24 19:47:31'),(1367,0,'vi','core/setting/setting','email.host','Máy chủ','2021-10-24 19:46:57','2021-10-24 19:47:31'),(1368,0,'vi','core/setting/setting','email.host_placeholder','Ví dụ: smtp.gmail.com','2021-10-24 19:46:57','2021-10-24 19:47:31'),(1369,0,'vi','core/setting/setting','email.username','Tên đăng nhập','2021-10-24 19:46:57','2021-10-24 19:47:31'),(1370,0,'vi','core/setting/setting','email.username_placeholder','Tên đăng nhập vào máy chủ mail','2021-10-24 19:46:57','2021-10-24 19:47:31'),(1371,0,'vi','core/setting/setting','email.password','Mật khẩu','2021-10-24 19:46:57','2021-10-24 19:47:31'),(1372,0,'vi','core/setting/setting','email.password_placeholder','Mật khẩu đăng nhập vào máy chủ mail','2021-10-24 19:46:57','2021-10-24 19:47:31'),(1373,0,'vi','core/setting/setting','email.encryption','Mã hoá','2021-10-24 19:46:57','2021-10-24 19:47:31'),(1374,0,'vi','core/setting/setting','email.mail_gun_domain','Tên miền','2021-10-24 19:46:57','2021-10-24 19:47:31'),(1375,0,'vi','core/setting/setting','email.mail_gun_domain_placeholder','Tên miền','2021-10-24 19:46:57','2021-10-24 19:47:31'),(1376,0,'vi','core/setting/setting','email.mail_gun_secret','Chuỗi bí mật','2021-10-24 19:46:57','2021-10-24 19:47:31'),(1377,0,'vi','core/setting/setting','email.mail_gun_secret_placeholder','Chuỗi bí mật','2021-10-24 19:46:57','2021-10-24 19:47:31'),(1378,0,'vi','core/setting/setting','email.template_title','Mẫu giao diện email','2021-10-24 19:46:57','2021-10-24 19:47:31'),(1379,0,'vi','core/setting/setting','email.template_description','Giao diện mặc định cho tất cả email','2021-10-24 19:46:57','2021-10-24 19:47:31'),(1380,0,'vi','core/setting/setting','email.template_header','Mẫu cho phần trên của email','2021-10-24 19:46:57','2021-10-24 19:47:31'),(1381,0,'vi','core/setting/setting','email.template_header_description','Phần trên của tất cả email','2021-10-24 19:46:57','2021-10-24 19:47:31'),(1382,0,'vi','core/setting/setting','email.template_footer','Mẫu cho phần dưới của email','2021-10-24 19:46:57','2021-10-24 19:47:31'),(1383,0,'vi','core/setting/setting','email.template_footer_description','Phần dưới của tất cả email','2021-10-24 19:46:57','2021-10-24 19:47:31'),(1384,0,'vi','core/setting/setting','save_settings','Lưu cài đặt','2021-10-24 19:46:57','2021-10-24 19:47:31'),(1385,0,'vi','core/setting/setting','template','Mẫu','2021-10-24 19:46:57','2021-10-24 19:47:31'),(1386,0,'vi','core/setting/setting','description','Mô tả','2021-10-24 19:46:57','2021-10-24 19:47:31'),(1387,0,'vi','core/setting/setting','enable','Bật','2021-10-24 19:46:57','2021-10-24 19:47:31'),(1388,0,'vi','core/setting/setting','test_send_mail','Gửi thử nghiệm','2021-10-24 19:46:57','2021-10-24 19:47:31'),(1389,0,'en','core/table/general','operations','Operations','2021-10-24 19:46:57','2021-10-24 19:47:31'),(1390,0,'en','core/table/general','loading_data','Loading data from server','2021-10-24 19:46:57','2021-10-24 19:47:31'),(1391,0,'en','core/table/general','display','Display','2021-10-24 19:46:57','2021-10-24 19:47:31'),(1392,0,'en','core/table/general','all','All','2021-10-24 19:46:57','2021-10-24 19:47:31'),(1393,0,'en','core/table/general','edit_entry','Edit','2021-10-24 19:46:57','2021-10-24 19:47:31'),(1394,0,'en','core/table/general','delete_entry','Delete','2021-10-24 19:46:57','2021-10-24 19:47:31'),(1395,0,'en','core/table/general','show_from','Showing from','2021-10-24 19:46:57','2021-10-24 19:47:31'),(1396,0,'en','core/table/general','to','to','2021-10-24 19:46:57','2021-10-24 19:47:31'),(1397,0,'en','core/table/general','in','in','2021-10-24 19:46:57','2021-10-24 19:47:31'),(1398,0,'en','core/table/general','records','records','2021-10-24 19:46:57','2021-10-24 19:47:31'),(1399,0,'en','core/table/general','no_data','No data to display','2021-10-24 19:46:57','2021-10-24 19:47:31'),(1400,0,'en','core/table/general','no_record','No record','2021-10-24 19:46:57','2021-10-24 19:47:31'),(1401,0,'en','core/table/general','loading','Loading data from server','2021-10-24 19:46:57','2021-10-24 19:47:31'),(1402,0,'en','core/table/general','confirm_delete','Confirm delete','2021-10-24 19:46:57','2021-10-24 19:47:31'),(1403,0,'en','core/table/general','confirm_delete_msg','Do you really want to delete this record?','2021-10-24 19:46:57','2021-10-24 19:47:31'),(1404,0,'en','core/table/general','cancel','Cancel','2021-10-24 19:46:57','2021-10-24 19:47:31'),(1405,0,'en','core/table/general','delete','Delete','2021-10-24 19:46:57','2021-10-24 19:47:31'),(1406,0,'en','core/table/general','close','Close','2021-10-24 19:46:57','2021-10-24 19:47:31'),(1407,0,'en','core/table/general','contains','Contains','2021-10-24 19:46:57','2021-10-24 19:47:31'),(1408,0,'en','core/table/general','is_equal_to','Is equal to','2021-10-24 19:46:57','2021-10-24 19:47:31'),(1409,0,'en','core/table/general','greater_than','Greater than','2021-10-24 19:46:57','2021-10-24 19:47:31'),(1410,0,'en','core/table/general','less_than','Less than','2021-10-24 19:46:57','2021-10-24 19:47:31'),(1411,0,'en','core/table/general','value','Value','2021-10-24 19:46:57','2021-10-24 19:47:31'),(1412,0,'en','core/table/general','select_field','Select field','2021-10-24 19:46:57','2021-10-24 19:47:31'),(1413,0,'en','core/table/general','reset','Reset','2021-10-24 19:46:57','2021-10-24 19:47:31'),(1414,0,'en','core/table/general','add_additional_filter','Add additional filter','2021-10-24 19:46:57','2021-10-24 19:47:31'),(1415,0,'en','core/table/general','apply','Apply','2021-10-24 19:46:57','2021-10-24 19:47:31'),(1416,0,'en','core/table/general','filters','Filters','2021-10-24 19:46:57','2021-10-24 19:47:31'),(1417,0,'en','core/table/general','bulk_change','Bulk changes','2021-10-24 19:46:57','2021-10-24 19:47:31'),(1418,0,'en','core/table/general','select_option','Select option','2021-10-24 19:46:57','2021-10-24 19:47:31'),(1419,0,'en','core/table/general','bulk_actions','Bulk Actions','2021-10-24 19:46:57','2021-10-24 19:47:31'),(1420,0,'en','core/table/general','save_bulk_change_success','Update data for selected record(s) successfully!','2021-10-24 19:46:57','2021-10-24 19:47:31'),(1421,0,'en','core/table/general','please_select_record','Please select at least one record to perform this action!','2021-10-24 19:46:57','2021-10-24 19:47:31'),(1422,0,'en','core/table/general','filtered','(filtered from _MAX_ total records)','2021-10-24 19:46:57','2021-10-24 19:47:31'),(1423,0,'en','core/table/general','search','Search...','2021-10-24 19:46:57','2021-10-24 19:47:31'),(1424,0,'en','core/table/table','operations','Operations','2021-10-24 19:46:57','2021-10-24 19:47:31'),(1425,0,'en','core/table/table','loading_data','Loading data from server','2021-10-24 19:46:57','2021-10-24 19:47:31'),(1426,0,'en','core/table/table','display','Display','2021-10-24 19:46:57','2021-10-24 19:47:31'),(1427,0,'en','core/table/table','all','All','2021-10-24 19:46:57','2021-10-24 19:47:31'),(1428,0,'en','core/table/table','edit_entry','Edit','2021-10-24 19:46:57','2021-10-24 19:47:31'),(1429,0,'en','core/table/table','delete_entry','Delete','2021-10-24 19:46:57','2021-10-24 19:47:31'),(1430,0,'en','core/table/table','show_from','Showing from','2021-10-24 19:46:57','2021-10-24 19:47:31'),(1431,0,'en','core/table/table','to','to','2021-10-24 19:46:57','2021-10-24 19:47:31'),(1432,0,'en','core/table/table','in','in','2021-10-24 19:46:57','2021-10-24 19:47:31'),(1433,0,'en','core/table/table','records','records','2021-10-24 19:46:57','2021-10-24 19:47:31'),(1434,0,'en','core/table/table','no_data','No data to display','2021-10-24 19:46:57','2021-10-24 19:47:31'),(1435,0,'en','core/table/table','no_record','No record','2021-10-24 19:46:57','2021-10-24 19:47:31'),(1436,0,'en','core/table/table','loading','Loading data from server','2021-10-24 19:46:57','2021-10-24 19:47:31'),(1437,0,'en','core/table/table','confirm_delete','Confirm delete','2021-10-24 19:46:57','2021-10-24 19:47:31'),(1438,0,'en','core/table/table','confirm_delete_msg','Do you really want to delete this record?','2021-10-24 19:46:57','2021-10-24 19:47:31'),(1439,0,'en','core/table/table','cancel','Cancel','2021-10-24 19:46:57','2021-10-24 19:47:31'),(1440,0,'en','core/table/table','delete','Delete','2021-10-24 19:46:57','2021-10-24 19:47:31'),(1441,0,'en','core/table/table','close','Close','2021-10-24 19:46:57','2021-10-24 19:47:31'),(1442,0,'en','core/table/table','contains','Contains','2021-10-24 19:46:57','2021-10-24 19:47:31'),(1443,0,'en','core/table/table','is_equal_to','Is equal to','2021-10-24 19:46:57','2021-10-24 19:47:31'),(1444,0,'en','core/table/table','greater_than','Greater than','2021-10-24 19:46:57','2021-10-24 19:47:31'),(1445,0,'en','core/table/table','less_than','Less than','2021-10-24 19:46:57','2021-10-24 19:47:31'),(1446,0,'en','core/table/table','value','Value','2021-10-24 19:46:57','2021-10-24 19:47:31'),(1447,0,'en','core/table/table','select_field','Select field','2021-10-24 19:46:57','2021-10-24 19:47:31'),(1448,0,'en','core/table/table','reset','Reset','2021-10-24 19:46:57','2021-10-24 19:47:31'),(1449,0,'en','core/table/table','add_additional_filter','Add additional filter','2021-10-24 19:46:57','2021-10-24 19:47:31'),(1450,0,'en','core/table/table','apply','Apply','2021-10-24 19:46:57','2021-10-24 19:47:31'),(1451,0,'en','core/table/table','filters','Filters','2021-10-24 19:46:57','2021-10-24 19:47:31'),(1452,0,'en','core/table/table','bulk_change','Bulk changes','2021-10-24 19:46:57','2021-10-24 19:47:31'),(1453,0,'en','core/table/table','select_option','Select option','2021-10-24 19:46:57','2021-10-24 19:47:31'),(1454,0,'en','core/table/table','bulk_actions','Bulk Actions','2021-10-24 19:46:57','2021-10-24 19:47:31'),(1455,0,'en','core/table/table','save_bulk_change_success','Update data for selected record(s) successfully!','2021-10-24 19:46:57','2021-10-24 19:47:31'),(1456,0,'en','core/table/table','please_select_record','Please select at least one record to perform this action!','2021-10-24 19:46:57','2021-10-24 19:47:31'),(1457,0,'en','core/table/table','filtered','(filtered from _MAX_ total records)','2021-10-24 19:46:57','2021-10-24 19:47:31'),(1458,0,'en','core/table/table','search','Search...','2021-10-24 19:46:57','2021-10-24 19:47:31'),(1459,0,'vi','core/table/general','operations','Hành động','2021-10-24 19:46:57','2021-10-24 19:47:31'),(1460,0,'vi','core/table/general','loading_data','Đang tải dữ liệu từ hệ thống','2021-10-24 19:46:57','2021-10-24 19:47:31'),(1461,0,'vi','core/table/general','display','Hiển thị','2021-10-24 19:46:57','2021-10-24 19:47:31'),(1462,0,'vi','core/table/general','all','Tất cả','2021-10-24 19:46:57','2021-10-24 19:47:31'),(1463,0,'vi','core/table/general','edit_entry','Sửa','2021-10-24 19:46:57','2021-10-24 19:47:31'),(1464,0,'vi','core/table/general','delete_entry','Xoá','2021-10-24 19:46:57','2021-10-24 19:47:31'),(1465,0,'vi','core/table/general','show_from','Hiển thị từ','2021-10-24 19:46:57','2021-10-24 19:47:31'),(1466,0,'vi','core/table/general','to','đến','2021-10-24 19:46:57','2021-10-24 19:47:31'),(1467,0,'vi','core/table/general','in','trong tổng số','2021-10-24 19:46:57','2021-10-24 19:47:31'),(1468,0,'vi','core/table/general','records','bản ghi','2021-10-24 19:46:57','2021-10-24 19:47:31'),(1469,0,'vi','core/table/general','no_data','Không có dữ liệu để hiển thị','2021-10-24 19:46:57','2021-10-24 19:47:31'),(1470,0,'vi','core/table/general','no_record','không có bản ghi nào','2021-10-24 19:46:57','2021-10-24 19:47:31'),(1471,0,'vi','core/table/general','loading','Đang tải dữ liệu từ hệ thống','2021-10-24 19:46:57','2021-10-24 19:47:31'),(1472,0,'vi','core/table/general','confirm_delete','Xác nhận xoá','2021-10-24 19:46:57','2021-10-24 19:47:31'),(1473,0,'vi','core/table/general','confirm_delete_msg','Bạn có chắc chắn muốn xoá bản ghi này?','2021-10-24 19:46:58','2021-10-24 19:47:31'),(1474,0,'vi','core/table/general','cancel','Huỷ bỏ','2021-10-24 19:46:58','2021-10-24 19:47:31'),(1475,0,'vi','core/table/general','delete','Xoá','2021-10-24 19:46:58','2021-10-24 19:47:31'),(1476,0,'vi','core/table/general','close','Đóng','2021-10-24 19:46:58','2021-10-24 19:47:31'),(1477,0,'vi','core/table/general','is_equal_to','Bằng với','2021-10-24 19:46:58','2021-10-24 19:47:31'),(1478,0,'vi','core/table/general','greater_than','Lớn hơn','2021-10-24 19:46:58','2021-10-24 19:47:31'),(1479,0,'vi','core/table/general','less_than','Nhỏ hơn','2021-10-24 19:46:58','2021-10-24 19:47:31'),(1480,0,'vi','core/table/general','value','Giá trị','2021-10-24 19:46:58','2021-10-24 19:47:31'),(1481,0,'vi','core/table/general','select_field','Chọn trường','2021-10-24 19:46:58','2021-10-24 19:47:31'),(1482,0,'vi','core/table/general','reset','Làm mới','2021-10-24 19:46:58','2021-10-24 19:47:31'),(1483,0,'vi','core/table/general','add_additional_filter','Thêm bộ lọc','2021-10-24 19:46:58','2021-10-24 19:47:31'),(1484,0,'vi','core/table/general','apply','Áp dụng','2021-10-24 19:46:58','2021-10-24 19:47:31'),(1485,0,'vi','core/table/general','select_option','Lựa chọn','2021-10-24 19:46:58','2021-10-24 19:47:31'),(1486,0,'vi','core/table/general','filters','Lọc dữ liệu','2021-10-24 19:46:58','2021-10-24 19:47:31'),(1487,0,'vi','core/table/general','bulk_change','Thay đổi hàng loạt','2021-10-24 19:46:58','2021-10-24 19:47:31'),(1488,0,'vi','core/table/general','bulk_actions','Hành động','2021-10-24 19:46:58','2021-10-24 19:47:31'),(1489,0,'vi','core/table/general','contains','Bao gồm','2021-10-24 19:46:58','2021-10-24 19:47:31'),(1490,0,'vi','core/table/general','filtered','(đã được lọc từ _MAX_ bản ghi)','2021-10-24 19:46:58','2021-10-24 19:47:31'),(1491,0,'en','packages/menu/menu','name','Menus','2021-10-24 19:46:58','2021-10-24 19:47:31'),(1492,0,'en','packages/menu/menu','key_name','Menu name (key: :key)','2021-10-24 19:46:58','2021-10-24 19:47:31'),(1493,0,'en','packages/menu/menu','basic_info','Basic information','2021-10-24 19:46:58','2021-10-24 19:47:31'),(1494,0,'en','packages/menu/menu','add_to_menu','Add to menu','2021-10-24 19:46:58','2021-10-24 19:47:31'),(1495,0,'en','packages/menu/menu','custom_link','Custom link','2021-10-24 19:46:58','2021-10-24 19:47:31'),(1496,0,'en','packages/menu/menu','add_link','Add link','2021-10-24 19:46:58','2021-10-24 19:47:31'),(1497,0,'en','packages/menu/menu','structure','Menu structure','2021-10-24 19:46:58','2021-10-24 19:47:31'),(1498,0,'en','packages/menu/menu','remove','Remove','2021-10-24 19:46:58','2021-10-24 19:47:31'),(1499,0,'en','packages/menu/menu','cancel','Cancel','2021-10-24 19:46:58','2021-10-24 19:47:31'),(1500,0,'en','packages/menu/menu','title','Title','2021-10-24 19:46:58','2021-10-24 19:47:31'),(1501,0,'en','packages/menu/menu','icon','Icon','2021-10-24 19:46:58','2021-10-24 19:47:31'),(1502,0,'en','packages/menu/menu','url','URL','2021-10-24 19:46:58','2021-10-24 19:47:31'),(1503,0,'en','packages/menu/menu','target','Target','2021-10-24 19:46:58','2021-10-24 19:47:31'),(1504,0,'en','packages/menu/menu','css_class','CSS class','2021-10-24 19:46:58','2021-10-24 19:47:31'),(1505,0,'en','packages/menu/menu','self_open_link','Open link directly','2021-10-24 19:46:58','2021-10-24 19:47:31'),(1506,0,'en','packages/menu/menu','blank_open_link','Open link in new tab','2021-10-24 19:46:58','2021-10-24 19:47:31'),(1507,0,'en','packages/menu/menu','create','Create menu','2021-10-24 19:46:58','2021-10-24 19:47:31'),(1508,0,'en','packages/menu/menu','edit','Edit menu','2021-10-24 19:46:58','2021-10-24 19:47:31'),(1509,0,'en','packages/menu/menu','menu_settings','Menu settings','2021-10-24 19:46:58','2021-10-24 19:47:31'),(1510,0,'en','packages/menu/menu','display_location','Display location','2021-10-24 19:46:58','2021-10-24 19:47:31'),(1511,0,'vi','packages/menu/menu','name','Menu','2021-10-24 19:46:58','2021-10-24 19:47:31'),(1512,0,'vi','packages/menu/menu','cancel','Hủy bỏ','2021-10-24 19:46:58','2021-10-24 19:47:31'),(1513,0,'vi','packages/menu/menu','add_link','Thêm liên kết','2021-10-24 19:46:58','2021-10-24 19:47:31'),(1514,0,'vi','packages/menu/menu','add_to_menu','Thêm vào trình đơn','2021-10-24 19:46:58','2021-10-24 19:47:31'),(1515,0,'vi','packages/menu/menu','basic_info','Thông tin cơ bản','2021-10-24 19:46:58','2021-10-24 19:47:31'),(1516,0,'vi','packages/menu/menu','blank_open_link','Mở liên kết trong tab mới','2021-10-24 19:46:58','2021-10-24 19:47:31'),(1517,0,'vi','packages/menu/menu','css_class','CSS class','2021-10-24 19:46:58','2021-10-24 19:47:31'),(1518,0,'vi','packages/menu/menu','custom_link','Liên kết tùy chọn','2021-10-24 19:46:58','2021-10-24 19:47:31'),(1519,0,'vi','packages/menu/menu','icon','Biểu tượng','2021-10-24 19:46:58','2021-10-24 19:47:31'),(1520,0,'vi','packages/menu/menu','key_name','Tên menu (key::key)','2021-10-24 19:46:58','2021-10-24 19:47:31'),(1521,0,'vi','packages/menu/menu','remove','Xóa','2021-10-24 19:46:58','2021-10-24 19:47:31'),(1522,0,'vi','packages/menu/menu','self_open_link','Mở liên kết trong tab hiện tại','2021-10-24 19:46:58','2021-10-24 19:47:31'),(1523,0,'vi','packages/menu/menu','structure','Cấu trúc trình đơn','2021-10-24 19:46:58','2021-10-24 19:47:31'),(1524,0,'vi','packages/menu/menu','target','Target','2021-10-24 19:46:58','2021-10-24 19:47:31'),(1525,0,'vi','packages/menu/menu','title','Tiêu đề','2021-10-24 19:46:58','2021-10-24 19:47:31'),(1526,0,'vi','packages/menu/menu','url','URL','2021-10-24 19:46:58','2021-10-24 19:47:31'),(1527,0,'vi','packages/menu/menu','create','Tạo trình đơn','2021-10-24 19:46:58','2021-10-24 19:47:31'),(1528,0,'vi','packages/menu/menu','edit','Sửa trình đơn','2021-10-24 19:46:58','2021-10-24 19:47:31'),(1529,0,'en','packages/page/pages','create','Create new page','2021-10-24 19:46:58','2021-10-24 19:47:31'),(1530,0,'en','packages/page/pages','edit','Edit page','2021-10-24 19:46:58','2021-10-24 19:47:31'),(1531,0,'en','packages/page/pages','form.name','Name','2021-10-24 19:46:58','2021-10-24 19:47:31'),(1532,0,'en','packages/page/pages','form.name_placeholder','Page\'s name (Maximum 120 characters)','2021-10-24 19:46:58','2021-10-24 19:47:31'),(1533,0,'en','packages/page/pages','form.content','Content','2021-10-24 19:46:58','2021-10-24 19:47:31'),(1534,0,'en','packages/page/pages','form.note','Note content','2021-10-24 19:46:58','2021-10-24 19:47:31'),(1535,0,'en','packages/page/pages','notices.no_select','Please select at least one record to take this action!','2021-10-24 19:46:58','2021-10-24 19:47:31'),(1536,0,'en','packages/page/pages','notices.update_success_message','Update successfully','2021-10-24 19:46:58','2021-10-24 19:47:31'),(1537,0,'en','packages/page/pages','cannot_delete','Page could not be deleted','2021-10-24 19:46:58','2021-10-24 19:47:31'),(1538,0,'en','packages/page/pages','deleted','Page deleted','2021-10-24 19:46:58','2021-10-24 19:47:31'),(1539,0,'en','packages/page/pages','pages','Pages','2021-10-24 19:46:58','2021-10-24 19:47:31'),(1540,0,'en','packages/page/pages','menu','Pages','2021-10-24 19:46:58','2021-10-24 19:47:31'),(1541,0,'en','packages/page/pages','menu_name','Pages','2021-10-24 19:46:58','2021-10-24 19:47:31'),(1542,0,'en','packages/page/pages','edit_this_page','Edit this page','2021-10-24 19:46:58','2021-10-24 19:47:31'),(1543,0,'en','packages/page/pages','total_pages','Total pages','2021-10-24 19:46:58','2021-10-24 19:47:31'),(1544,0,'en','packages/page/pages','settings.show_on_front','Your homepage displays','2021-10-24 19:46:58','2021-10-24 19:47:31'),(1545,0,'en','packages/page/pages','settings.select','— Select —','2021-10-24 19:46:58','2021-10-24 19:47:31'),(1546,0,'en','packages/page/pages','front_page','Front Page','2021-10-24 19:46:58','2021-10-24 19:47:31'),(1547,0,'vi','packages/page/pages','create','Thêm trang','2021-10-24 19:46:58','2021-10-24 19:47:31'),(1548,0,'vi','packages/page/pages','edit','Sửa trang','2021-10-24 19:46:58','2021-10-24 19:47:31'),(1549,0,'vi','packages/page/pages','form.name','Tiêu đề trang','2021-10-24 19:46:58','2021-10-24 19:47:31'),(1550,0,'vi','packages/page/pages','form.note','Nội dung ghi chú','2021-10-24 19:46:58','2021-10-24 19:47:31'),(1551,0,'vi','packages/page/pages','form.name_placeholder','Tên trang (tối đa 120 kí tự)','2021-10-24 19:46:58','2021-10-24 19:47:31'),(1552,0,'vi','packages/page/pages','form.content','Nội dung','2021-10-24 19:46:58','2021-10-24 19:47:31'),(1553,0,'vi','packages/page/pages','notices.no_select','Chọn ít nhất 1 trang để thực hiện hành động này!','2021-10-24 19:46:58','2021-10-24 19:47:31'),(1554,0,'vi','packages/page/pages','notices.update_success_message','Cập nhật thành công','2021-10-24 19:46:58','2021-10-24 19:47:31'),(1555,0,'vi','packages/page/pages','deleted','Xóa trang thành công','2021-10-24 19:46:58','2021-10-24 19:47:31'),(1556,0,'vi','packages/page/pages','cannot_delete','Không thể xóa trang','2021-10-24 19:46:58','2021-10-24 19:47:31'),(1557,0,'vi','packages/page/pages','menu','Trang','2021-10-24 19:46:58','2021-10-24 19:47:31'),(1558,0,'vi','packages/page/pages','menu_name','Trang','2021-10-24 19:46:58','2021-10-24 19:47:31'),(1559,0,'vi','packages/page/pages','edit_this_page','Sửa trang này','2021-10-24 19:46:58','2021-10-24 19:47:31'),(1560,0,'vi','packages/page/pages','pages','Trang','2021-10-24 19:46:58','2021-10-24 19:47:31'),(1561,0,'en','packages/plugin-management/plugin','enabled','Enabled','2021-10-24 19:46:58','2021-10-24 19:47:31'),(1562,0,'en','packages/plugin-management/plugin','deactivated','Deactivated','2021-10-24 19:46:58','2021-10-24 19:47:31'),(1563,0,'en','packages/plugin-management/plugin','activated','Activated','2021-10-24 19:46:58','2021-10-24 19:47:31'),(1564,0,'en','packages/plugin-management/plugin','activate','Activate','2021-10-24 19:46:58','2021-10-24 19:47:31'),(1565,0,'en','packages/plugin-management/plugin','deactivate','Deactivate','2021-10-24 19:46:58','2021-10-24 19:47:31'),(1566,0,'en','packages/plugin-management/plugin','author','By','2021-10-24 19:46:58','2021-10-24 19:47:31'),(1567,0,'en','packages/plugin-management/plugin','update_plugin_status_success','Update plugin successfully','2021-10-24 19:46:58','2021-10-24 19:47:31'),(1568,0,'en','packages/plugin-management/plugin','plugins','Plugins','2021-10-24 19:46:58','2021-10-24 19:47:31'),(1569,0,'en','packages/plugin-management/plugin','missing_required_plugins','Please activate plugin(s): :plugins before activate this plugin!','2021-10-24 19:46:58','2021-10-24 19:47:31'),(1570,0,'en','packages/plugin-management/plugin','remove','Remove','2021-10-24 19:46:58','2021-10-24 19:47:31'),(1571,0,'en','packages/plugin-management/plugin','remove_plugin_success','Remove plugin successfully!','2021-10-24 19:46:58','2021-10-24 19:47:31'),(1572,0,'en','packages/plugin-management/plugin','remove_plugin','Remove plugin','2021-10-24 19:46:58','2021-10-24 19:47:31'),(1573,0,'en','packages/plugin-management/plugin','remove_plugin_confirm_message','Do you really want to remove this plugin?','2021-10-24 19:46:58','2021-10-24 19:47:31'),(1574,0,'en','packages/plugin-management/plugin','remove_plugin_confirm_yes','Yes, remove it!','2021-10-24 19:46:58','2021-10-24 19:47:31'),(1575,0,'en','packages/plugin-management/plugin','total_plugins','Total plugins','2021-10-24 19:46:58','2021-10-24 19:47:31'),(1576,0,'en','packages/plugin-management/plugin','invalid_plugin','This plugin is not a valid plugin, please check it again!','2021-10-24 19:46:58','2021-10-24 19:47:31'),(1577,0,'en','packages/plugin-management/plugin','version','Version','2021-10-24 19:46:58','2021-10-24 19:47:31'),(1578,0,'en','packages/plugin-management/plugin','invalid_json','Invalid plugin.json!','2021-10-24 19:46:58','2021-10-24 19:47:31'),(1579,0,'en','packages/plugin-management/plugin','activate_success','Activate plugin successfully!','2021-10-24 19:46:58','2021-10-24 19:47:31'),(1580,0,'en','packages/plugin-management/plugin','activated_already','This plugin is activated already!','2021-10-24 19:46:58','2021-10-24 19:47:31'),(1581,0,'en','packages/plugin-management/plugin','plugin_not_exist','This plugin is not exists.','2021-10-24 19:46:58','2021-10-24 19:47:31'),(1582,0,'en','packages/plugin-management/plugin','missing_json_file','Missing file plugin.json!','2021-10-24 19:46:58','2021-10-24 19:47:31'),(1583,0,'en','packages/plugin-management/plugin','plugin_invalid','Plugin is valid!','2021-10-24 19:46:58','2021-10-24 19:47:31'),(1584,0,'en','packages/plugin-management/plugin','published_assets_success','Publish assets for plugin :name successfully!','2021-10-24 19:46:58','2021-10-24 19:47:31'),(1585,0,'en','packages/plugin-management/plugin','plugin_removed','Plugin has been removed!','2021-10-24 19:46:58','2021-10-24 19:47:31'),(1586,0,'en','packages/plugin-management/plugin','deactivated_success','Deactivate plugin successfully!','2021-10-24 19:46:58','2021-10-24 19:47:31'),(1587,0,'en','packages/plugin-management/plugin','deactivated_already','This plugin is deactivated already!','2021-10-24 19:46:58','2021-10-24 19:47:31'),(1588,0,'en','packages/plugin-management/plugin','folder_is_not_writeable','Cannot write files! Folder :name is not writable. Please chmod to make it writable!','2021-10-24 19:46:58','2021-10-24 19:47:31'),(1589,0,'en','packages/plugin-management/plugin','plugin_is_not_ready','Plugin :name is not ready to use','2021-10-24 19:46:58','2021-10-24 19:47:31'),(1590,0,'vi','packages/plugin-management/plugin','activate','Kích hoạt','2021-10-24 19:46:58','2021-10-24 19:47:31'),(1591,0,'vi','packages/plugin-management/plugin','author','Tác giả','2021-10-24 19:46:58','2021-10-24 19:47:31'),(1592,0,'vi','packages/plugin-management/plugin','version','Phiên bản','2021-10-24 19:46:58','2021-10-24 19:47:31'),(1593,0,'vi','packages/plugin-management/plugin','activated','Đã kích hoạt','2021-10-24 19:46:58','2021-10-24 19:47:31'),(1594,0,'vi','packages/plugin-management/plugin','deactivate','Hủy kích hoạt','2021-10-24 19:46:58','2021-10-24 19:47:31'),(1595,0,'vi','packages/plugin-management/plugin','deactivated','Đã vô hiệu','2021-10-24 19:46:58','2021-10-24 19:47:31'),(1596,0,'vi','packages/plugin-management/plugin','enabled','Kích hoạt','2021-10-24 19:46:58','2021-10-24 19:47:31'),(1597,0,'vi','packages/plugin-management/plugin','invalid_plugin','Gói mở rộng không hợp lệ','2021-10-24 19:46:58','2021-10-24 19:47:31'),(1598,0,'vi','packages/plugin-management/plugin','update_plugin_status_success','Cập nhật trạng thái gói mở rộng thành công','2021-10-24 19:46:58','2021-10-24 19:47:31'),(1599,0,'vi','packages/plugin-management/plugin','missing_required_plugins','Vui lòng kích hoạt các tiện ích mở rộng :plugins trước khi kích hoạt tiện ích này','2021-10-24 19:46:58','2021-10-24 19:47:31'),(1600,0,'vi','packages/plugin-management/plugin','plugins','Tiện ích mở rộng','2021-10-24 19:46:58','2021-10-24 19:47:31'),(1601,0,'en','packages/seo-helper/seo-helper','meta_box_header','Search Engine Optimize','2021-10-24 19:46:58','2021-10-24 19:47:31'),(1602,0,'en','packages/seo-helper/seo-helper','edit_seo_meta','Edit SEO meta','2021-10-24 19:46:58','2021-10-24 19:47:31'),(1603,0,'en','packages/seo-helper/seo-helper','default_description','Setup meta title & description to make your site easy to discovered on search engines such as Google','2021-10-24 19:46:58','2021-10-24 19:47:31'),(1604,0,'en','packages/seo-helper/seo-helper','seo_title','SEO Title','2021-10-24 19:46:58','2021-10-24 19:47:31'),(1605,0,'en','packages/seo-helper/seo-helper','seo_description','SEO description','2021-10-24 19:46:58','2021-10-24 19:47:31'),(1606,0,'vi','packages/seo-helper/seo-helper','meta_box_header','Tối ưu hoá bộ máy tìm kiếm (SEO)','2021-10-24 19:46:58','2021-10-24 19:47:31'),(1607,0,'vi','packages/seo-helper/seo-helper','edit_seo_meta','Chỉnh sửa SEO','2021-10-24 19:46:58','2021-10-24 19:47:31'),(1608,0,'vi','packages/seo-helper/seo-helper','default_description','Thiết lập các thẻ mô tả giúp người dùng dễ dàng tìm thấy trên công cụ tìm kiếm như Google.','2021-10-24 19:46:58','2021-10-24 19:47:31'),(1609,0,'vi','packages/seo-helper/seo-helper','seo_title','Tiêu đề trang','2021-10-24 19:46:58','2021-10-24 19:47:31'),(1610,0,'vi','packages/seo-helper/seo-helper','seo_description','Mô tả trang','2021-10-24 19:46:58','2021-10-24 19:47:31'),(1611,0,'en','packages/slug/slug','permalink_settings','Permalink','2021-10-24 19:46:58','2021-10-24 19:47:31'),(1612,0,'en','packages/slug/slug','settings.title','Permalink settings','2021-10-24 19:46:58','2021-10-24 19:47:31'),(1613,0,'en','packages/slug/slug','settings.description','Manage permalink for all modules.','2021-10-24 19:46:58','2021-10-24 19:47:31'),(1614,0,'en','packages/slug/slug','settings.preview','Preview','2021-10-24 19:46:58','2021-10-24 19:47:31'),(1615,0,'en','packages/slug/slug','settings.turn_off_automatic_url_translation_into_latin','Turn off automatic URL translation into Latin?','2021-10-24 19:46:58','2021-10-24 19:47:31'),(1616,0,'en','packages/slug/slug','preview','Preview','2021-10-24 19:46:58','2021-10-24 19:47:31'),(1617,0,'en','packages/theme/theme','name','Themes','2021-10-24 19:46:58','2021-10-24 19:47:31'),(1618,0,'en','packages/theme/theme','theme','Theme','2021-10-24 19:46:58','2021-10-24 19:47:31'),(1619,0,'en','packages/theme/theme','author','Author','2021-10-24 19:46:58','2021-10-24 19:47:31'),(1620,0,'en','packages/theme/theme','version','Version','2021-10-24 19:46:58','2021-10-24 19:47:31'),(1621,0,'en','packages/theme/theme','description','Description','2021-10-24 19:46:58','2021-10-24 19:47:31'),(1622,0,'en','packages/theme/theme','active_success','Activate theme :name successfully!','2021-10-24 19:46:58','2021-10-24 19:47:31'),(1623,0,'en','packages/theme/theme','active','Active','2021-10-24 19:46:58','2021-10-24 19:47:31'),(1624,0,'en','packages/theme/theme','activated','Activated','2021-10-24 19:46:58','2021-10-24 19:47:31'),(1625,0,'en','packages/theme/theme','appearance','Appearance','2021-10-24 19:46:58','2021-10-24 19:47:31'),(1626,0,'en','packages/theme/theme','theme_options','Theme options','2021-10-24 19:46:58','2021-10-24 19:47:31'),(1627,0,'en','packages/theme/theme','save_changes','Save Changes','2021-10-24 19:46:58','2021-10-24 19:47:31'),(1628,0,'en','packages/theme/theme','developer_mode','Developer Mode Enabled','2021-10-24 19:46:58','2021-10-24 19:47:31'),(1629,0,'en','packages/theme/theme','custom_css','Custom CSS','2021-10-24 19:46:58','2021-10-24 19:47:31'),(1630,0,'en','packages/theme/theme','custom_js','Custom JS','2021-10-24 19:46:58','2021-10-24 19:47:31'),(1631,0,'en','packages/theme/theme','custom_header_js','Header JS','2021-10-24 19:46:58','2021-10-24 19:47:31'),(1632,0,'en','packages/theme/theme','custom_header_js_placeholder','JS in header of page, wrap it inside &#x3C;script&#x3E;&#x3C;/script&#x3E;','2021-10-24 19:46:58','2021-10-24 19:47:31'),(1633,0,'en','packages/theme/theme','custom_body_js','Body JS','2021-10-24 19:46:58','2021-10-24 19:47:31'),(1634,0,'en','packages/theme/theme','custom_body_js_placeholder','JS in body of page, wrap it inside &#x3C;script&#x3E;&#x3C;/script&#x3E;','2021-10-24 19:46:58','2021-10-24 19:47:31'),(1635,0,'en','packages/theme/theme','custom_footer_js','Footer JS','2021-10-24 19:46:58','2021-10-24 19:47:31'),(1636,0,'en','packages/theme/theme','custom_footer_js_placeholder','JS in footer of page, wrap it inside &#x3C;script&#x3E;&#x3C;/script&#x3E;','2021-10-24 19:46:58','2021-10-24 19:47:31'),(1637,0,'en','packages/theme/theme','remove_theme_success','Remove theme successfully!','2021-10-24 19:46:58','2021-10-24 19:47:31'),(1638,0,'en','packages/theme/theme','theme_is_not_existed','This theme is not existed!','2021-10-24 19:46:58','2021-10-24 19:47:31'),(1639,0,'en','packages/theme/theme','remove','Remove','2021-10-24 19:46:58','2021-10-24 19:47:31'),(1640,0,'en','packages/theme/theme','remove_theme','Remove theme','2021-10-24 19:46:58','2021-10-24 19:47:31'),(1641,0,'en','packages/theme/theme','remove_theme_confirm_message','Do you really want to remove this theme?','2021-10-24 19:46:58','2021-10-24 19:47:31'),(1642,0,'en','packages/theme/theme','remove_theme_confirm_yes','Yes, remove it!','2021-10-24 19:46:58','2021-10-24 19:47:31'),(1643,0,'en','packages/theme/theme','total_themes','Total themes','2021-10-24 19:46:58','2021-10-24 19:47:31'),(1644,0,'en','packages/theme/theme','show_admin_bar','Show admin bar (When admin logged in, still show admin bar in website)?','2021-10-24 19:46:58','2021-10-24 19:47:31'),(1645,0,'en','packages/theme/theme','settings.title','Theme','2021-10-24 19:46:58','2021-10-24 19:47:31'),(1646,0,'en','packages/theme/theme','settings.description','Setting for theme','2021-10-24 19:46:58','2021-10-24 19:47:31'),(1647,0,'en','packages/theme/theme','add_new','Add new','2021-10-24 19:46:58','2021-10-24 19:47:31'),(1648,0,'en','packages/theme/theme','theme_activated_already','Theme \":name\" is activated already!','2021-10-24 19:46:58','2021-10-24 19:47:31'),(1649,0,'en','packages/theme/theme','missing_json_file','Missing file theme.json!','2021-10-24 19:46:58','2021-10-24 19:47:31'),(1650,0,'en','packages/theme/theme','theme_invalid','Theme is valid!','2021-10-24 19:46:58','2021-10-24 19:47:31'),(1651,0,'en','packages/theme/theme','published_assets_success','Publish assets for :themes successfully!','2021-10-24 19:46:58','2021-10-24 19:47:31'),(1652,0,'en','packages/theme/theme','cannot_remove_theme','Cannot remove activated theme, please activate another theme before removing \":name\"!','2021-10-24 19:46:58','2021-10-24 19:47:31'),(1653,0,'en','packages/theme/theme','theme_deleted','Theme \":name\" has been destroyed.','2021-10-24 19:46:58','2021-10-24 19:47:31'),(1654,0,'en','packages/theme/theme','removed_assets','Remove assets of a theme :name successfully!','2021-10-24 19:46:58','2021-10-24 19:47:31'),(1655,0,'en','packages/theme/theme','update_custom_css_success','Update custom CSS successfully!','2021-10-24 19:46:58','2021-10-24 19:47:31'),(1656,0,'en','packages/theme/theme','update_custom_js_success','Update custom JS successfully!','2021-10-24 19:46:58','2021-10-24 19:47:31'),(1657,0,'en','packages/theme/theme','go_to_dashboard','Go to dashboard','2021-10-24 19:46:58','2021-10-24 19:47:31'),(1658,0,'en','packages/theme/theme','custom_css_placeholder','Using Ctrl + Space to autocomplete.','2021-10-24 19:46:58','2021-10-24 19:47:31'),(1659,0,'en','packages/theme/theme','theme_option_general','General','2021-10-24 19:46:58','2021-10-24 19:47:31'),(1660,0,'en','packages/theme/theme','theme_option_general_description','General settings','2021-10-24 19:46:58','2021-10-24 19:47:31'),(1661,0,'en','packages/theme/theme','theme_option_seo_open_graph_image','SEO default Open Graph image','2021-10-24 19:46:58','2021-10-24 19:47:31'),(1662,0,'en','packages/theme/theme','theme_option_logo','Logo','2021-10-24 19:46:58','2021-10-24 19:47:31'),(1663,0,'en','packages/theme/theme','theme_option_favicon','Favicon','2021-10-24 19:46:58','2021-10-24 19:47:31'),(1664,0,'en','packages/theme/theme','folder_is_not_writeable','Cannot write files! Folder :name is not writable. Please chmod to make it writable!','2021-10-24 19:46:58','2021-10-24 19:47:31'),(1665,0,'vi','packages/theme/theme','activated','Đã kích hoạt','2021-10-24 19:46:58','2021-10-24 19:47:31'),(1666,0,'vi','packages/theme/theme','active','Kích hoạt','2021-10-24 19:46:58','2021-10-24 19:47:31'),(1667,0,'vi','packages/theme/theme','active_success','Kích hoạt giao diện thành công!','2021-10-24 19:46:58','2021-10-24 19:47:31'),(1668,0,'vi','packages/theme/theme','author','Tác giả','2021-10-24 19:46:58','2021-10-24 19:47:31'),(1669,0,'vi','packages/theme/theme','description','Mô tả','2021-10-24 19:46:58','2021-10-24 19:47:31'),(1670,0,'vi','packages/theme/theme','theme','Giao diện','2021-10-24 19:46:58','2021-10-24 19:47:31'),(1671,0,'vi','packages/theme/theme','theme_options','Tuỳ chọn giao diện','2021-10-24 19:46:58','2021-10-24 19:47:31'),(1672,0,'vi','packages/theme/theme','version','Phiên bản','2021-10-24 19:46:58','2021-10-24 19:47:31'),(1673,0,'vi','packages/theme/theme','save_changes','Lưu thay đổi','2021-10-24 19:46:58','2021-10-24 19:47:31'),(1674,0,'vi','packages/theme/theme','developer_mode','Đang kích hoạt chế độ thử nghiệm','2021-10-24 19:46:58','2021-10-24 19:47:31'),(1675,0,'vi','packages/theme/theme','custom_css','Tuỳ chỉnh CSS','2021-10-24 19:46:58','2021-10-24 19:47:31'),(1676,0,'en','packages/widget/global','name','Widgets','2021-10-24 19:46:58','2021-10-24 19:47:31'),(1677,0,'en','packages/widget/global','create','New widget','2021-10-24 19:46:58','2021-10-24 19:47:31'),(1678,0,'en','packages/widget/global','edit','Edit widget','2021-10-24 19:46:58','2021-10-24 19:47:31'),(1679,0,'en','packages/widget/global','delete','Delete','2021-10-24 19:46:58','2021-10-24 19:47:31'),(1680,0,'en','packages/widget/global','available','Available Widgets','2021-10-24 19:46:58','2021-10-24 19:47:31'),(1681,0,'en','packages/widget/global','instruction','To activate a widget drag it to a sidebar or click on it. To deactivate a widget and delete its settings, drag it back.','2021-10-24 19:46:58','2021-10-24 19:47:31'),(1682,0,'en','packages/widget/global','number_tag_display','Number tags will be display','2021-10-24 19:46:58','2021-10-24 19:47:31'),(1683,0,'en','packages/widget/global','number_post_display','Number posts will be display','2021-10-24 19:46:58','2021-10-24 19:47:31'),(1684,0,'en','packages/widget/global','select_menu','Select Menu','2021-10-24 19:46:58','2021-10-24 19:47:31'),(1685,0,'en','packages/widget/global','widget_text','Text','2021-10-24 19:46:58','2021-10-24 19:47:31'),(1686,0,'en','packages/widget/global','widget_text_description','Arbitrary text or HTML.','2021-10-24 19:46:58','2021-10-24 19:47:31'),(1687,0,'en','packages/widget/global','widget_recent_post','Recent Posts','2021-10-24 19:46:58','2021-10-24 19:47:31'),(1688,0,'en','packages/widget/global','widget_recent_post_description','Recent posts widget.','2021-10-24 19:46:58','2021-10-24 19:47:31'),(1689,0,'en','packages/widget/global','widget_custom_menu','Custom Menu','2021-10-24 19:46:58','2021-10-24 19:47:31'),(1690,0,'en','packages/widget/global','widget_custom_menu_description','Add a custom menu to your widget area.','2021-10-24 19:46:58','2021-10-24 19:47:31'),(1691,0,'en','packages/widget/global','widget_tag','Tags','2021-10-24 19:46:58','2021-10-24 19:47:31'),(1692,0,'en','packages/widget/global','widget_tag_description','Popular tags','2021-10-24 19:46:58','2021-10-24 19:47:31'),(1693,0,'en','packages/widget/global','save_success','Save widget successfully!','2021-10-24 19:46:58','2021-10-24 19:47:31'),(1694,0,'en','packages/widget/global','delete_success','Delete widget successfully!','2021-10-24 19:46:58','2021-10-24 19:47:31'),(1695,0,'en','packages/widget/widget','name','Widgets','2021-10-24 19:46:58','2021-10-24 19:47:31'),(1696,0,'en','packages/widget/widget','create','New widget','2021-10-24 19:46:58','2021-10-24 19:47:31'),(1697,0,'en','packages/widget/widget','edit','Edit widget','2021-10-24 19:46:58','2021-10-24 19:47:31'),(1698,0,'en','packages/widget/widget','delete','Delete','2021-10-24 19:46:58','2021-10-24 19:47:31'),(1699,0,'en','packages/widget/widget','available','Available Widgets','2021-10-24 19:46:58','2021-10-24 19:47:31'),(1700,0,'en','packages/widget/widget','instruction','To activate a widget drag it to a sidebar or click on it. To deactivate a widget and delete its settings, drag it back.','2021-10-24 19:46:58','2021-10-24 19:47:31'),(1701,0,'en','packages/widget/widget','number_tag_display','Number tags will be display','2021-10-24 19:46:58','2021-10-24 19:47:31'),(1702,0,'en','packages/widget/widget','number_post_display','Number posts will be display','2021-10-24 19:46:58','2021-10-24 19:47:31'),(1703,0,'en','packages/widget/widget','select_menu','Select Menu','2021-10-24 19:46:58','2021-10-24 19:47:31'),(1704,0,'en','packages/widget/widget','widget_text','Text','2021-10-24 19:46:58','2021-10-24 19:47:31'),(1705,0,'en','packages/widget/widget','widget_text_description','Arbitrary text or HTML.','2021-10-24 19:46:58','2021-10-24 19:47:31'),(1706,0,'en','packages/widget/widget','widget_recent_post','Recent Posts','2021-10-24 19:46:58','2021-10-24 19:47:31'),(1707,0,'en','packages/widget/widget','widget_recent_post_description','Recent posts widget.','2021-10-24 19:46:58','2021-10-24 19:47:31'),(1708,0,'en','packages/widget/widget','widget_custom_menu','Custom Menu','2021-10-24 19:46:58','2021-10-24 19:47:31'),(1709,0,'en','packages/widget/widget','widget_custom_menu_description','Add a custom menu to your widget area.','2021-10-24 19:46:58','2021-10-24 19:47:31'),(1710,0,'en','packages/widget/widget','widget_tag','Tags','2021-10-24 19:46:58','2021-10-24 19:47:31'),(1711,0,'en','packages/widget/widget','widget_tag_description','Popular tags','2021-10-24 19:46:58','2021-10-24 19:47:31'),(1712,0,'en','packages/widget/widget','save_success','Save widget successfully!','2021-10-24 19:46:58','2021-10-24 19:47:31'),(1713,0,'en','packages/widget/widget','delete_success','Delete widget successfully!','2021-10-24 19:46:58','2021-10-24 19:47:31'),(1714,0,'en','packages/widget/widget','primary_sidebar_name','Primary sidebar','2021-10-24 19:46:58','2021-10-24 19:47:31'),(1715,0,'en','packages/widget/widget','primary_sidebar_description','Primary sidebar section','2021-10-24 19:46:58','2021-10-24 19:47:31'),(1716,0,'vi','packages/widget/global','name','Widgets','2021-10-24 19:46:58','2021-10-24 19:47:31'),(1717,0,'vi','packages/widget/global','create','New widget','2021-10-24 19:46:58','2021-10-24 19:47:31'),(1718,0,'vi','packages/widget/global','edit','Edit widget','2021-10-24 19:46:58','2021-10-24 19:47:31'),(1719,0,'vi','packages/widget/global','available','Tiện ích có sẵn','2021-10-24 19:46:58','2021-10-24 19:47:31'),(1720,0,'vi','packages/widget/global','delete','Xóa','2021-10-24 19:46:58','2021-10-24 19:47:31'),(1721,0,'vi','packages/widget/global','instruction','Để kích hoạt tiện ích, hãy kéo nó vào sidebar hoặc nhấn vào nó. Để hủy kích hoạt tiện ích và xóa các thiết lập của tiện ích, kéo nó quay trở lại.','2021-10-24 19:46:58','2021-10-24 19:47:31'),(1722,0,'vi','packages/widget/global','number_post_display','Số bài viết sẽ hiển thị','2021-10-24 19:46:58','2021-10-24 19:47:31'),(1723,0,'vi','packages/widget/global','number_tag_display','Số thẻ sẽ hiển thị','2021-10-24 19:46:58','2021-10-24 19:47:31'),(1724,0,'vi','packages/widget/global','select_menu','Lựa chọn trình đơn','2021-10-24 19:46:58','2021-10-24 19:47:31'),(1725,0,'vi','packages/widget/global','widget_custom_menu','Menu tùy chỉnh','2021-10-24 19:46:58','2021-10-24 19:47:31'),(1726,0,'vi','packages/widget/global','widget_custom_menu_description','Thêm menu tùy chỉnh vào khu vực tiện ích của bạn','2021-10-24 19:46:58','2021-10-24 19:47:31'),(1727,0,'vi','packages/widget/global','widget_recent_post','Bài viết gần đây','2021-10-24 19:46:58','2021-10-24 19:47:31'),(1728,0,'vi','packages/widget/global','widget_recent_post_description','Tiện ích bài viết gần đây','2021-10-24 19:46:58','2021-10-24 19:47:31'),(1729,0,'vi','packages/widget/global','widget_tag','Thẻ','2021-10-24 19:46:58','2021-10-24 19:47:31'),(1730,0,'vi','packages/widget/global','widget_tag_description','Thẻ phổ biến, sử dụng nhiều','2021-10-24 19:46:58','2021-10-24 19:47:31'),(1731,0,'vi','packages/widget/global','widget_text','Văn bản','2021-10-24 19:46:58','2021-10-24 19:47:31'),(1732,0,'vi','packages/widget/global','widget_text_description','Văn bản tùy ý hoặc HTML.','2021-10-24 19:46:58','2021-10-24 19:47:31'),(1733,0,'vi','packages/widget/global','delete_success','Xoá tiện ích thành công','2021-10-24 19:46:58','2021-10-24 19:47:31'),(1734,0,'vi','packages/widget/global','save_success','Lưu tiện ích thành công!','2021-10-24 19:46:58','2021-10-24 19:47:31'),(1735,0,'en','plugins/ads/ads','name','Ads','2021-10-24 19:46:58','2021-10-24 19:47:31'),(1736,0,'en','plugins/ads/ads','create','New ads','2021-10-24 19:46:58','2021-10-24 19:47:31'),(1737,0,'en','plugins/ads/ads','edit','Edit ads','2021-10-24 19:46:59','2021-10-24 19:47:31'),(1738,0,'en','plugins/ads/ads','location','Location','2021-10-24 19:46:59','2021-10-24 19:47:31'),(1739,0,'en','plugins/ads/ads','url','URL','2021-10-24 19:46:59','2021-10-24 19:47:31'),(1740,0,'en','plugins/ads/ads','expired_at','Expired at','2021-10-24 19:46:59','2021-10-24 19:47:31'),(1741,0,'en','plugins/ads/ads','key','Key','2021-10-24 19:46:59','2021-10-24 19:47:31'),(1742,0,'en','plugins/ads/ads','shortcode','Shortcode','2021-10-24 19:46:59','2021-10-24 19:47:31'),(1743,0,'en','plugins/ads/ads','clicked','Clicked','2021-10-24 19:46:59','2021-10-24 19:47:31'),(1744,0,'en','plugins/ads/ads','not_set','Not set','2021-10-24 19:46:59','2021-10-24 19:47:31'),(1745,0,'en','plugins/analytics/analytics','sessions','Sessions','2021-10-24 19:46:59','2021-10-24 19:47:31'),(1746,0,'en','plugins/analytics/analytics','visitors','Visitors','2021-10-24 19:46:59','2021-10-24 19:47:31'),(1747,0,'en','plugins/analytics/analytics','pageviews','Pageviews','2021-10-24 19:46:59','2021-10-24 19:47:31'),(1748,0,'en','plugins/analytics/analytics','bounce_rate','Bounce Rate','2021-10-24 19:46:59','2021-10-24 19:47:31'),(1749,0,'en','plugins/analytics/analytics','page_session','Pages/Session','2021-10-24 19:46:59','2021-10-24 19:47:31'),(1750,0,'en','plugins/analytics/analytics','avg_duration','Avg. Duration','2021-10-24 19:46:59','2021-10-24 19:47:31'),(1751,0,'en','plugins/analytics/analytics','percent_new_session','Percent new session','2021-10-24 19:46:59','2021-10-24 19:47:31'),(1752,0,'en','plugins/analytics/analytics','new_users','New visitors','2021-10-24 19:46:59','2021-10-24 19:47:31'),(1753,0,'en','plugins/analytics/analytics','visits','visits','2021-10-24 19:46:59','2021-10-24 19:47:31'),(1754,0,'en','plugins/analytics/analytics','views','views','2021-10-24 19:46:59','2021-10-24 19:47:31'),(1755,0,'en','plugins/analytics/analytics','view_id_not_specified','You must provide a valid view id. The document here: <a href=\"https://docs.botble.com/cms/master/plugin-analytics\" target=\"_blank\">https://docs.botble.com/cms/master/plugin-analytics</a>','2021-10-24 19:46:59','2021-10-24 19:47:31'),(1756,0,'en','plugins/analytics/analytics','credential_is_not_valid','Analytics credentials is not valid. The document here: <a href=\"https://docs.botble.com/cms/master/plugin-analytics\" target=\"_blank\">https://docs.botble.com/cms/master/plugin-analytics</a>','2021-10-24 19:46:59','2021-10-24 19:47:31'),(1757,0,'en','plugins/analytics/analytics','start_date_can_not_before_end_date','Start date :start_date cannot be after end date :end_date','2021-10-24 19:46:59','2021-10-24 19:47:31'),(1758,0,'en','plugins/analytics/analytics','wrong_configuration','To view analytics you\'ll need to get a google analytics client id and add it to your settings. <br /> You also need JSON credential data. <br /> The document here: <a href=\"https://docs.botble.com/cms/master/plugin-analytics\" target=\"_blank\">https://docs.botble.com/cms/master/plugin-analytics</a>','2021-10-24 19:46:59','2021-10-24 19:47:31'),(1759,0,'en','plugins/analytics/analytics','settings.title','Google Analytics','2021-10-24 19:46:59','2021-10-24 19:47:31'),(1760,0,'en','plugins/analytics/analytics','settings.description','Config Credentials for Google Analytics','2021-10-24 19:46:59','2021-10-24 19:47:31'),(1761,0,'en','plugins/analytics/analytics','settings.tracking_code','Tracking ID','2021-10-24 19:46:59','2021-10-24 19:47:31'),(1762,0,'en','plugins/analytics/analytics','settings.tracking_code_placeholder','Example: GA-12586526-8','2021-10-24 19:46:59','2021-10-24 19:47:31'),(1763,0,'en','plugins/analytics/analytics','settings.view_id','View ID','2021-10-24 19:46:59','2021-10-24 19:47:31'),(1764,0,'en','plugins/analytics/analytics','settings.view_id_description','Google Analytics View ID','2021-10-24 19:46:59','2021-10-24 19:47:31'),(1765,0,'en','plugins/analytics/analytics','settings.json_credential','Service Account Credentials','2021-10-24 19:46:59','2021-10-24 19:47:31'),(1766,0,'en','plugins/analytics/analytics','settings.json_credential_description','Service Account Credentials','2021-10-24 19:46:59','2021-10-24 19:47:31'),(1767,0,'en','plugins/analytics/analytics','widget_analytics_page','Top Most Visit Pages','2021-10-24 19:46:59','2021-10-24 19:47:31'),(1768,0,'en','plugins/analytics/analytics','widget_analytics_browser','Top Browsers','2021-10-24 19:46:59','2021-10-24 19:47:31'),(1769,0,'en','plugins/analytics/analytics','widget_analytics_referrer','Top Referrers','2021-10-24 19:46:59','2021-10-24 19:47:31'),(1770,0,'en','plugins/analytics/analytics','widget_analytics_general','Site Analytics','2021-10-24 19:46:59','2021-10-24 19:47:31'),(1771,0,'vi','plugins/analytics/analytics','avg_duration','Trung bình','2021-10-24 19:46:59','2021-10-24 19:47:31'),(1772,0,'vi','plugins/analytics/analytics','bounce_rate','Tỉ lệ thoát','2021-10-24 19:46:59','2021-10-24 19:47:31'),(1773,0,'vi','plugins/analytics/analytics','page_session','Trang/Phiên','2021-10-24 19:46:59','2021-10-24 19:47:31'),(1774,0,'vi','plugins/analytics/analytics','pageviews','Lượt xem','2021-10-24 19:46:59','2021-10-24 19:47:31'),(1775,0,'vi','plugins/analytics/analytics','sessions','Phiên','2021-10-24 19:46:59','2021-10-24 19:47:31'),(1776,0,'vi','plugins/analytics/analytics','views','lượt xem','2021-10-24 19:46:59','2021-10-24 19:47:31'),(1777,0,'vi','plugins/analytics/analytics','visitors','Người truy cập','2021-10-24 19:46:59','2021-10-24 19:47:31'),(1778,0,'vi','plugins/analytics/analytics','visits','lượt ghé thăm','2021-10-24 19:46:59','2021-10-24 19:47:31'),(1779,0,'vi','plugins/analytics/analytics','credential_is_not_valid','Thông tin cài đặt không hợp lệ. Tài liệu hướng dẫn tại đây: <a href=\"http://docs.botble.com/cms/:version/analytics\" target=\"_blank\">http://docs.botble.com/cms/:version/analytics</a>','2021-10-24 19:46:59','2021-10-24 19:47:31'),(1780,0,'vi','plugins/analytics/analytics','new_users','Lượt khách mới','2021-10-24 19:46:59','2021-10-24 19:47:31'),(1781,0,'vi','plugins/analytics/analytics','percent_new_session','Tỉ lệ khách mới','2021-10-24 19:46:59','2021-10-24 19:47:31'),(1782,0,'vi','plugins/analytics/analytics','start_date_can_not_before_end_date','Ngày bắt đầu :start_date không thể sau ngày kết thúc :end_date','2021-10-24 19:46:59','2021-10-24 19:47:31'),(1783,0,'vi','plugins/analytics/analytics','view_id_not_specified','Bạn phải cung cấp View ID hợp lê. Tài liệu hướng dẫn tại đây: <a href=\"http://docs.botble.com/cms/:version/analytics\" target=\"_blank\">http://docs.botble.com/cms/:version/analytics</a>','2021-10-24 19:46:59','2021-10-24 19:47:31'),(1784,0,'vi','plugins/analytics/analytics','wrong_configuration','Để xem dữ liệu thống kê Google Analytics, bạn cần lấy thông tin Client ID và thêm nó vào trong phần cài đặt. Bạn cũng cần thông tin xác thực dạng JSON. Tài liệu hướng dẫn tại đây: <a href=\"http://docs.botble.com/cms/:version/analytics\" target=\"_blank\">http://docs.botble.com/cms/:version/analytics</a>','2021-10-24 19:46:59','2021-10-24 19:47:31'),(1785,0,'vi','plugins/analytics/analytics','settings.title','Google Analytics','2021-10-24 19:46:59','2021-10-24 19:47:31'),(1786,0,'vi','plugins/analytics/analytics','settings.description','Config Credentials for Google Analytics','2021-10-24 19:46:59','2021-10-24 19:47:31'),(1787,0,'vi','plugins/analytics/analytics','settings.tracking_code','Tracking Code','2021-10-24 19:46:59','2021-10-24 19:47:31'),(1788,0,'vi','plugins/analytics/analytics','settings.tracking_code_placeholder','Example: GA-12586526-8','2021-10-24 19:46:59','2021-10-24 19:47:31'),(1789,0,'vi','plugins/analytics/analytics','settings.view_id','View ID','2021-10-24 19:46:59','2021-10-24 19:47:31'),(1790,0,'vi','plugins/analytics/analytics','settings.view_id_description','Google Analytics View ID','2021-10-24 19:46:59','2021-10-24 19:47:31'),(1791,0,'vi','plugins/analytics/analytics','settings.json_credential','Service Account Credentials','2021-10-24 19:46:59','2021-10-24 19:47:31'),(1792,0,'vi','plugins/analytics/analytics','settings.json_credential_description','Service Account Credentials','2021-10-24 19:46:59','2021-10-24 19:47:31'),(1793,0,'vi','plugins/analytics/analytics','widget_analytics_browser','Trình duyệt truy cập nhiều','2021-10-24 19:46:59','2021-10-24 19:47:31'),(1794,0,'vi','plugins/analytics/analytics','widget_analytics_general','Thống kê truy cập','2021-10-24 19:46:59','2021-10-24 19:47:31'),(1795,0,'vi','plugins/analytics/analytics','widget_analytics_page','Trang được xem nhiều nhất','2021-10-24 19:46:59','2021-10-24 19:47:31'),(1796,0,'vi','plugins/analytics/analytics','widget_analytics_referrer','Trang giới thiệu nhiều','2021-10-24 19:46:59','2021-10-24 19:47:31'),(1797,0,'en','plugins/audit-log/history','name','Activities Logs','2021-10-24 19:46:59','2021-10-24 19:47:31'),(1798,0,'en','plugins/audit-log/history','created','created','2021-10-24 19:46:59','2021-10-24 19:47:31'),(1799,0,'en','plugins/audit-log/history','updated','updated','2021-10-24 19:46:59','2021-10-24 19:47:31'),(1800,0,'en','plugins/audit-log/history','deleted','deleted','2021-10-24 19:46:59','2021-10-24 19:47:31'),(1801,0,'en','plugins/audit-log/history','logged in','logged in','2021-10-24 19:46:59','2021-10-24 19:47:31'),(1802,0,'en','plugins/audit-log/history','logged out','logged out','2021-10-24 19:46:59','2021-10-24 19:47:31'),(1803,0,'en','plugins/audit-log/history','changed password','changed password','2021-10-24 19:46:59','2021-10-24 19:47:31'),(1804,0,'en','plugins/audit-log/history','updated profile','updated profile','2021-10-24 19:46:59','2021-10-24 19:47:31'),(1805,0,'en','plugins/audit-log/history','attached','attached','2021-10-24 19:46:59','2021-10-24 19:47:31'),(1806,0,'en','plugins/audit-log/history','shared','shared','2021-10-24 19:46:59','2021-10-24 19:47:31'),(1807,0,'en','plugins/audit-log/history','to the system','to the system','2021-10-24 19:46:59','2021-10-24 19:47:31'),(1808,0,'en','plugins/audit-log/history','of the system','of the system','2021-10-24 19:46:59','2021-10-24 19:47:31'),(1809,0,'en','plugins/audit-log/history','menu','menu','2021-10-24 19:46:59','2021-10-24 19:47:31'),(1810,0,'en','plugins/audit-log/history','post','post','2021-10-24 19:46:59','2021-10-24 19:47:31'),(1811,0,'en','plugins/audit-log/history','page','page','2021-10-24 19:46:59','2021-10-24 19:47:31'),(1812,0,'en','plugins/audit-log/history','category','category','2021-10-24 19:46:59','2021-10-24 19:47:31'),(1813,0,'en','plugins/audit-log/history','tag','tag','2021-10-24 19:46:59','2021-10-24 19:47:31'),(1814,0,'en','plugins/audit-log/history','user','user','2021-10-24 19:46:59','2021-10-24 19:47:31'),(1815,0,'en','plugins/audit-log/history','contact','contact','2021-10-24 19:46:59','2021-10-24 19:47:31'),(1816,0,'en','plugins/audit-log/history','backup','backup','2021-10-24 19:46:59','2021-10-24 19:47:31'),(1817,0,'en','plugins/audit-log/history','custom-field','custom field','2021-10-24 19:46:59','2021-10-24 19:47:31'),(1818,0,'en','plugins/audit-log/history','widget_audit_logs','Activities Logs','2021-10-24 19:46:59','2021-10-24 19:47:31'),(1819,0,'en','plugins/audit-log/history','action','Action','2021-10-24 19:46:59','2021-10-24 19:47:31'),(1820,0,'en','plugins/audit-log/history','user_agent','User Agent','2021-10-24 19:46:59','2021-10-24 19:47:31'),(1821,0,'en','plugins/audit-log/history','system','System','2021-10-24 19:46:59','2021-10-24 19:47:31'),(1822,0,'en','plugins/audit-log/history','delete_all','Delete all records','2021-10-24 19:46:59','2021-10-24 19:47:31'),(1823,0,'vi','plugins/audit-log/history','name','Lịch sử hoạt động','2021-10-24 19:46:59','2021-10-24 19:47:31'),(1824,0,'vi','plugins/audit-log/history','created',' đã tạo','2021-10-24 19:46:59','2021-10-24 19:47:31'),(1825,0,'vi','plugins/audit-log/history','updated',' đã cập nhật','2021-10-24 19:46:59','2021-10-24 19:47:31'),(1826,0,'vi','plugins/audit-log/history','deleted',' đã xóa','2021-10-24 19:46:59','2021-10-24 19:47:31'),(1827,0,'vi','plugins/audit-log/history','attached','đính kèm','2021-10-24 19:46:59','2021-10-24 19:47:31'),(1828,0,'vi','plugins/audit-log/history','backup','sao lưu','2021-10-24 19:46:59','2021-10-24 19:47:31'),(1829,0,'vi','plugins/audit-log/history','category','danh mục','2021-10-24 19:46:59','2021-10-24 19:47:31'),(1830,0,'vi','plugins/audit-log/history','changed password','thay đổi mật khẩu','2021-10-24 19:46:59','2021-10-24 19:47:31'),(1831,0,'vi','plugins/audit-log/history','contact','liên hệ','2021-10-24 19:46:59','2021-10-24 19:47:31'),(1832,0,'vi','plugins/audit-log/history','custom-field','khung mở rộng','2021-10-24 19:46:59','2021-10-24 19:47:31'),(1833,0,'vi','plugins/audit-log/history','logged in','đăng nhập','2021-10-24 19:46:59','2021-10-24 19:47:31'),(1834,0,'vi','plugins/audit-log/history','logged out','đăng xuất','2021-10-24 19:46:59','2021-10-24 19:47:31'),(1835,0,'vi','plugins/audit-log/history','menu','trình đơn','2021-10-24 19:46:59','2021-10-24 19:47:31'),(1836,0,'vi','plugins/audit-log/history','of the system','khỏi hệ thống','2021-10-24 19:46:59','2021-10-24 19:47:31'),(1837,0,'vi','plugins/audit-log/history','page','trang','2021-10-24 19:46:59','2021-10-24 19:47:31'),(1838,0,'vi','plugins/audit-log/history','post','bài viết','2021-10-24 19:46:59','2021-10-24 19:47:31'),(1839,0,'vi','plugins/audit-log/history','shared','đã chia sẻ','2021-10-24 19:46:59','2021-10-24 19:47:31'),(1840,0,'vi','plugins/audit-log/history','tag','thẻ','2021-10-24 19:46:59','2021-10-24 19:47:31'),(1841,0,'vi','plugins/audit-log/history','to the system','vào hệ thống','2021-10-24 19:46:59','2021-10-24 19:47:31'),(1842,0,'vi','plugins/audit-log/history','updated profile','cập nhật tài khoản','2021-10-24 19:46:59','2021-10-24 19:47:31'),(1843,0,'vi','plugins/audit-log/history','user','thành viên','2021-10-24 19:46:59','2021-10-24 19:47:31'),(1844,0,'vi','plugins/audit-log/history','widget_audit_logs','Lịch sử hoạt động','2021-10-24 19:46:59','2021-10-24 19:47:31'),(1845,0,'en','plugins/backup/backup','name','Backup','2021-10-24 19:46:59','2021-10-24 19:47:31'),(1846,0,'en','plugins/backup/backup','backup_description','Backup database and uploads folder.','2021-10-24 19:46:59','2021-10-24 19:47:31'),(1847,0,'en','plugins/backup/backup','create_backup_success','Created backup successfully!','2021-10-24 19:46:59','2021-10-24 19:47:31'),(1848,0,'en','plugins/backup/backup','delete_backup_success','Delete backup successfully!','2021-10-24 19:46:59','2021-10-24 19:47:31'),(1849,0,'en','plugins/backup/backup','restore_backup_success','Restore backup successfully!','2021-10-24 19:46:59','2021-10-24 19:47:31'),(1850,0,'en','plugins/backup/backup','generate_btn','Generate backup','2021-10-24 19:46:59','2021-10-24 19:47:31'),(1851,0,'en','plugins/backup/backup','create','Create a backup','2021-10-24 19:46:59','2021-10-24 19:47:31'),(1852,0,'en','plugins/backup/backup','restore','Restore a backup','2021-10-24 19:46:59','2021-10-24 19:47:31'),(1853,0,'en','plugins/backup/backup','create_btn','Create','2021-10-24 19:46:59','2021-10-24 19:47:31'),(1854,0,'en','plugins/backup/backup','restore_btn','Restore','2021-10-24 19:46:59','2021-10-24 19:47:31'),(1855,0,'en','plugins/backup/backup','restore_confirm_msg','Do you really want to restore this revision?','2021-10-24 19:46:59','2021-10-24 19:47:31'),(1856,0,'en','plugins/backup/backup','download_uploads_folder','Download backup of uploads folder','2021-10-24 19:46:59','2021-10-24 19:47:31'),(1857,0,'en','plugins/backup/backup','download_database','Download backup of database','2021-10-24 19:46:59','2021-10-24 19:47:31'),(1858,0,'en','plugins/backup/backup','restore_tooltip','Restore this backup','2021-10-24 19:46:59','2021-10-24 19:47:31'),(1859,0,'en','plugins/backup/backup','demo_alert','Hi guest, if you see demo site is destroyed, please help me <a href=\":link\">go here</a> and restore demo site to the latest revision! Thank you so much!','2021-10-24 19:46:59','2021-10-24 19:47:31'),(1860,0,'en','plugins/backup/backup','menu_name','Backups','2021-10-24 19:46:59','2021-10-24 19:47:31'),(1861,0,'en','plugins/backup/backup','size','Size','2021-10-24 19:46:59','2021-10-24 19:47:31'),(1862,0,'en','plugins/backup/backup','no_backups','There is no backup now!','2021-10-24 19:46:59','2021-10-24 19:47:31'),(1863,0,'en','plugins/backup/backup','proc_open_disabled_error','Function <strong>proc_open()</strong> has been disabled so the system cannot backup the database. Please contact your hosting provider to enable it.','2021-10-24 19:46:59','2021-10-24 19:47:31'),(1864,0,'en','plugins/backup/backup','database_backup_not_existed','Backup database is not existed!','2021-10-24 19:46:59','2021-10-24 19:47:31'),(1865,0,'en','plugins/backup/backup','uploads_folder_backup_not_existed','Backup uploads folder is not existed!','2021-10-24 19:46:59','2021-10-24 19:47:31'),(1866,0,'en','plugins/backup/backup','important_message1','This is a simple backup feature, it is a solution for you if your site has < 1GB data and can be used for quickly backup your site.','2021-10-24 19:46:59','2021-10-24 19:47:31'),(1867,0,'en','plugins/backup/backup','important_message2','If you have more than 1GB images/files in local storage, you should use backup feature of your hosting or VPS.','2021-10-24 19:46:59','2021-10-24 19:47:31'),(1868,0,'en','plugins/backup/backup','important_message3','To backup your database, function <strong>proc_open()</strong> or <strong>system()</strong> must be enabled. Contact your hosting provider to enable it if it is disabled.','2021-10-24 19:46:59','2021-10-24 19:47:31'),(1869,0,'en','plugins/backup/backup','important_message4','It is not a full backup, it is just back up uploaded files and your database.','2021-10-24 19:46:59','2021-10-24 19:47:31'),(1870,0,'vi','plugins/backup/backup','backup_description','Sao lưu cơ sở dữ liệu và thư mục /uploads','2021-10-24 19:46:59','2021-10-24 19:47:31'),(1871,0,'vi','plugins/backup/backup','create','Tạo bản sao lưu','2021-10-24 19:46:59','2021-10-24 19:47:31'),(1872,0,'vi','plugins/backup/backup','create_backup_success','Tạo bản sao lưu thành công!','2021-10-24 19:46:59','2021-10-24 19:47:31'),(1873,0,'vi','plugins/backup/backup','create_btn','Tạo','2021-10-24 19:46:59','2021-10-24 19:47:31'),(1874,0,'vi','plugins/backup/backup','delete_backup_success','Xóa bản sao lưu thành công!','2021-10-24 19:46:59','2021-10-24 19:47:31'),(1875,0,'vi','plugins/backup/backup','generate_btn','Tạo sao lưu','2021-10-24 19:46:59','2021-10-24 19:47:31'),(1876,0,'vi','plugins/backup/backup','name','Sao lưu','2021-10-24 19:46:59','2021-10-24 19:47:31'),(1877,0,'vi','plugins/backup/backup','restore','Khôi phục bản sao lưu','2021-10-24 19:46:59','2021-10-24 19:47:31'),(1878,0,'vi','plugins/backup/backup','restore_backup_success','Khôi phục bản sao lưu thành công','2021-10-24 19:46:59','2021-10-24 19:47:31'),(1879,0,'vi','plugins/backup/backup','restore_btn','Khôi phục','2021-10-24 19:46:59','2021-10-24 19:47:31'),(1880,0,'vi','plugins/backup/backup','restore_confirm_msg','Bạn có chắc chắn muốn khôi phục hệ thống về thời điểm tạo bản sao lưu này?','2021-10-24 19:46:59','2021-10-24 19:47:31'),(1881,0,'vi','plugins/backup/backup','restore_tooltip','Khôi phục bản sao lưu này','2021-10-24 19:46:59','2021-10-24 19:47:31'),(1882,0,'vi','plugins/backup/backup','download_database','Tải về bản sao lưu CSDL','2021-10-24 19:46:59','2021-10-24 19:47:31'),(1883,0,'vi','plugins/backup/backup','download_uploads_folder','Tải về bản sao lưu thư mục uploads','2021-10-24 19:46:59','2021-10-24 19:47:31'),(1884,0,'vi','plugins/backup/backup','menu_name','Sao lưu','2021-10-24 19:46:59','2021-10-24 19:47:31'),(1885,0,'vi','plugins/backup/backup','demo_alert','Chào khách, nếu bạn thấy trang demo bị phá hoại, hãy tới <a href=\":link\">trang sao lưu</a> và khôi phục bản sao lưu cuối cùng. Cảm ơn bạn nhiều!','2021-10-24 19:46:59','2021-10-24 19:47:31'),(1886,0,'en','plugins/blog/base','menu_name','Blog','2021-10-24 19:46:59','2021-10-24 19:47:31'),(1887,0,'en','plugins/blog/base','blog_page','Blog Page','2021-10-24 19:46:59','2021-10-24 19:47:31'),(1888,0,'en','plugins/blog/base','select','-- Select --','2021-10-24 19:46:59','2021-10-24 19:47:31'),(1889,0,'en','plugins/blog/base','blog_page_id','Blog page','2021-10-24 19:46:59','2021-10-24 19:47:31'),(1890,0,'en','plugins/blog/base','number_posts_per_page','Number posts per page','2021-10-24 19:46:59','2021-10-24 19:47:31'),(1891,0,'en','plugins/blog/base','write_some_tags','Write some tags','2021-10-24 19:46:59','2021-10-24 19:47:31'),(1892,0,'en','plugins/blog/base','short_code_name','Blog posts','2021-10-24 19:46:59','2021-10-24 19:47:31'),(1893,0,'en','plugins/blog/base','short_code_description','Add blog posts','2021-10-24 19:46:59','2021-10-24 19:47:31'),(1894,0,'en','plugins/blog/base','number_posts_per_page_in_category','Number of posts per page in a category','2021-10-24 19:46:59','2021-10-24 19:47:31'),(1895,0,'en','plugins/blog/base','number_posts_per_page_in_tag','Number of posts per page in a tag','2021-10-24 19:46:59','2021-10-24 19:47:31'),(1896,0,'en','plugins/blog/categories','create','Create new category','2021-10-24 19:46:59','2021-10-24 19:47:31'),(1897,0,'en','plugins/blog/categories','edit','Edit category','2021-10-24 19:46:59','2021-10-24 19:47:31'),(1898,0,'en','plugins/blog/categories','menu','Categories','2021-10-24 19:46:59','2021-10-24 19:47:31'),(1899,0,'en','plugins/blog/categories','edit_this_category','Edit this category','2021-10-24 19:46:59','2021-10-24 19:47:31'),(1900,0,'en','plugins/blog/categories','menu_name','Categories','2021-10-24 19:46:59','2021-10-24 19:47:31'),(1901,0,'en','plugins/blog/categories','none','None','2021-10-24 19:46:59','2021-10-24 19:47:31'),(1902,0,'en','plugins/blog/categories','total_posts','Total posts: :total','2021-10-24 19:46:59','2021-10-24 19:47:31'),(1903,0,'en','plugins/blog/member','dob','Born :date','2021-10-24 19:46:59','2021-10-24 19:47:31'),(1904,0,'en','plugins/blog/member','draft_posts','Draft Posts','2021-10-24 19:46:59','2021-10-24 19:47:31'),(1905,0,'en','plugins/blog/member','pending_posts','Pending Posts','2021-10-24 19:46:59','2021-10-24 19:47:31'),(1906,0,'en','plugins/blog/member','published_posts','Published Posts','2021-10-24 19:46:59','2021-10-24 19:47:31'),(1907,0,'en','plugins/blog/member','posts','Posts','2021-10-24 19:46:59','2021-10-24 19:47:31'),(1908,0,'en','plugins/blog/member','write_post','Write a post','2021-10-24 19:46:59','2021-10-24 19:47:31'),(1909,0,'en','plugins/blog/posts','create','Create new post','2021-10-24 19:46:59','2021-10-24 19:47:31'),(1910,0,'en','plugins/blog/posts','edit','Edit post','2021-10-24 19:46:59','2021-10-24 19:47:31'),(1911,0,'en','plugins/blog/posts','form.name','Name','2021-10-24 19:46:59','2021-10-24 19:47:31'),(1912,0,'en','plugins/blog/posts','form.name_placeholder','Post\'s name (Maximum :c characters)','2021-10-24 19:46:59','2021-10-24 19:47:31'),(1913,0,'en','plugins/blog/posts','form.description','Description','2021-10-24 19:46:59','2021-10-24 19:47:31'),(1914,0,'en','plugins/blog/posts','form.description_placeholder','Short description for post (Maximum :c characters)','2021-10-24 19:46:59','2021-10-24 19:47:31'),(1915,0,'en','plugins/blog/posts','form.categories','Categories','2021-10-24 19:46:59','2021-10-24 19:47:31'),(1916,0,'en','plugins/blog/posts','form.tags','Tags','2021-10-24 19:46:59','2021-10-24 19:47:31'),(1917,0,'en','plugins/blog/posts','form.tags_placeholder','Tags','2021-10-24 19:46:59','2021-10-24 19:47:31'),(1918,0,'en','plugins/blog/posts','form.content','Content','2021-10-24 19:46:59','2021-10-24 19:47:31'),(1919,0,'en','plugins/blog/posts','form.is_featured','Is featured?','2021-10-24 19:46:59','2021-10-24 19:47:31'),(1920,0,'en','plugins/blog/posts','form.note','Note content','2021-10-24 19:46:59','2021-10-24 19:47:31'),(1921,0,'en','plugins/blog/posts','form.format_type','Format','2021-10-24 19:46:59','2021-10-24 19:47:31'),(1922,0,'en','plugins/blog/posts','cannot_delete','Post could not be deleted','2021-10-24 19:46:59','2021-10-24 19:47:31'),(1923,0,'en','plugins/blog/posts','post_deleted','Post deleted','2021-10-24 19:46:59','2021-10-24 19:47:31'),(1924,0,'en','plugins/blog/posts','posts','Posts','2021-10-24 19:46:59','2021-10-24 19:47:31'),(1925,0,'en','plugins/blog/posts','post','Post','2021-10-24 19:46:59','2021-10-24 19:47:31'),(1926,0,'en','plugins/blog/posts','edit_this_post','Edit this post','2021-10-24 19:46:59','2021-10-24 19:47:31'),(1927,0,'en','plugins/blog/posts','no_new_post_now','There is no new post now!','2021-10-24 19:46:59','2021-10-24 19:47:31'),(1928,0,'en','plugins/blog/posts','menu_name','Posts','2021-10-24 19:46:59','2021-10-24 19:47:31'),(1929,0,'en','plugins/blog/posts','widget_posts_recent','Recent Posts','2021-10-24 19:46:59','2021-10-24 19:47:31'),(1930,0,'en','plugins/blog/posts','categories','Categories','2021-10-24 19:46:59','2021-10-24 19:47:31'),(1931,0,'en','plugins/blog/posts','category','Category','2021-10-24 19:46:59','2021-10-24 19:47:31'),(1932,0,'en','plugins/blog/posts','author','Author','2021-10-24 19:46:59','2021-10-24 19:47:31'),(1933,0,'en','plugins/blog/settings','select','-- Select --','2021-10-24 19:46:59','2021-10-24 19:47:31'),(1934,0,'en','plugins/blog/settings','blog_page_id','Blog page','2021-10-24 19:46:59','2021-10-24 19:47:31'),(1935,0,'en','plugins/blog/tags','form.name','Name','2021-10-24 19:46:59','2021-10-24 19:47:31'),(1936,0,'en','plugins/blog/tags','form.name_placeholder','Tag\'s name (Maximum 120 characters)','2021-10-24 19:46:59','2021-10-24 19:47:31'),(1937,0,'en','plugins/blog/tags','form.description','Description','2021-10-24 19:46:59','2021-10-24 19:47:31'),(1938,0,'en','plugins/blog/tags','form.description_placeholder','Short description for tag (Maximum 400 characters)','2021-10-24 19:46:59','2021-10-24 19:47:31'),(1939,0,'en','plugins/blog/tags','form.categories','Categories','2021-10-24 19:46:59','2021-10-24 19:47:31'),(1940,0,'en','plugins/blog/tags','notices.no_select','Please select at least one tag to take this action!','2021-10-24 19:46:59','2021-10-24 19:47:31'),(1941,0,'en','plugins/blog/tags','create','Create new tag','2021-10-24 19:46:59','2021-10-24 19:47:31'),(1942,0,'en','plugins/blog/tags','edit','Edit tag','2021-10-24 19:46:59','2021-10-24 19:47:31'),(1943,0,'en','plugins/blog/tags','cannot_delete','Tag could not be deleted','2021-10-24 19:46:59','2021-10-24 19:47:31'),(1944,0,'en','plugins/blog/tags','deleted','Tag deleted','2021-10-24 19:46:59','2021-10-24 19:47:31'),(1945,0,'en','plugins/blog/tags','menu','Tags','2021-10-24 19:46:59','2021-10-24 19:47:31'),(1946,0,'en','plugins/blog/tags','edit_this_tag','Edit this tag','2021-10-24 19:46:59','2021-10-24 19:47:31'),(1947,0,'en','plugins/blog/tags','menu_name','Tags','2021-10-24 19:46:59','2021-10-24 19:47:31'),(1948,0,'vi','plugins/blog/base','menu_name','Blog','2021-10-24 19:46:59','2021-10-24 19:47:31'),(1949,0,'vi','plugins/blog/categories','create','Thêm danh mục mới','2021-10-24 19:46:59','2021-10-24 19:47:31'),(1950,0,'vi','plugins/blog/categories','edit','Sửa danh mục','2021-10-24 19:46:59','2021-10-24 19:47:31'),(1951,0,'vi','plugins/blog/categories','menu_name','Danh mục','2021-10-24 19:46:59','2021-10-24 19:47:31'),(1952,0,'vi','plugins/blog/categories','edit_this_category','Sửa danh mục này','2021-10-24 19:46:59','2021-10-24 19:47:31'),(1953,0,'vi','plugins/blog/categories','menu','Danh mục','2021-10-24 19:46:59','2021-10-24 19:47:31'),(1954,0,'vi','plugins/blog/posts','create','Thêm bài viết','2021-10-24 19:46:59','2021-10-24 19:47:31'),(1955,0,'vi','plugins/blog/posts','edit','Sửa bài viết','2021-10-24 19:46:59','2021-10-24 19:47:31'),(1956,0,'vi','plugins/blog/posts','form.name','Tên','2021-10-24 19:46:59','2021-10-24 19:47:31'),(1957,0,'vi','plugins/blog/posts','form.name_placeholder','Tên bài viết (Tối đa 120 kí tự)','2021-10-24 19:46:59','2021-10-24 19:47:31'),(1958,0,'vi','plugins/blog/posts','form.description','Mô tả','2021-10-24 19:46:59','2021-10-24 19:47:31'),(1959,0,'vi','plugins/blog/posts','form.description_placeholder','Mô tả ngắn cho bài viết (Tối đa 400 kí tự)','2021-10-24 19:46:59','2021-10-24 19:47:31'),(1960,0,'vi','plugins/blog/posts','form.categories','Chuyên mục','2021-10-24 19:46:59','2021-10-24 19:47:31'),(1961,0,'vi','plugins/blog/posts','form.tags','Từ khóa','2021-10-24 19:46:59','2021-10-24 19:47:31'),(1962,0,'vi','plugins/blog/posts','form.tags_placeholder','Thêm từ khóa','2021-10-24 19:46:59','2021-10-24 19:47:31'),(1963,0,'vi','plugins/blog/posts','form.content','Nội dung','2021-10-24 19:46:59','2021-10-24 19:47:31'),(1964,0,'vi','plugins/blog/posts','form.note','Nội dung ghi chú','2021-10-24 19:46:59','2021-10-24 19:47:31'),(1965,0,'vi','plugins/blog/posts','form.format_type','Định dạng','2021-10-24 19:46:59','2021-10-24 19:47:31'),(1966,0,'vi','plugins/blog/posts','post_deleted','Xóa bài viết thành công','2021-10-24 19:46:59','2021-10-24 19:47:31'),(1967,0,'vi','plugins/blog/posts','cannot_delete','Không thể xóa bài viết','2021-10-24 19:46:59','2021-10-24 19:47:31'),(1968,0,'vi','plugins/blog/posts','menu_name','Bài viết','2021-10-24 19:46:59','2021-10-24 19:47:31'),(1969,0,'vi','plugins/blog/posts','edit_this_post','Sửa bài viết này','2021-10-24 19:47:00','2021-10-24 19:47:31'),(1970,0,'vi','plugins/blog/posts','no_new_post_now','Hiện tại không có bài viết mới!','2021-10-24 19:47:00','2021-10-24 19:47:31'),(1971,0,'vi','plugins/blog/posts','posts','Bài viết','2021-10-24 19:47:00','2021-10-24 19:47:31'),(1972,0,'vi','plugins/blog/posts','widget_posts_recent','Bài viết gần đây','2021-10-24 19:47:00','2021-10-24 19:47:31'),(1973,0,'vi','plugins/blog/posts','author','Tác giả','2021-10-24 19:47:00','2021-10-24 19:47:31'),(1974,0,'vi','plugins/blog/tags','create','Thêm thẻ mới','2021-10-24 19:47:00','2021-10-24 19:47:31'),(1975,0,'vi','plugins/blog/tags','edit','Sửa thẻ','2021-10-24 19:47:00','2021-10-24 19:47:31'),(1976,0,'vi','plugins/blog/tags','form.name','Tên','2021-10-24 19:47:00','2021-10-24 19:47:31'),(1977,0,'vi','plugins/blog/tags','form.name_placeholder','Tên thẻ (Tối đa 120 kí tự)','2021-10-24 19:47:00','2021-10-24 19:47:31'),(1978,0,'vi','plugins/blog/tags','form.description','Mô tả','2021-10-24 19:47:00','2021-10-24 19:47:31'),(1979,0,'vi','plugins/blog/tags','form.description_placeholder','Mô tả ngắn cho tag (Tối đa 400 kí tự)','2021-10-24 19:47:00','2021-10-24 19:47:31'),(1980,0,'vi','plugins/blog/tags','form.categories','Chuyên mục','2021-10-24 19:47:00','2021-10-24 19:47:31'),(1981,0,'vi','plugins/blog/tags','notices.no_select','Chọn ít nhất 1 bài viết để thực hiện hành động này!','2021-10-24 19:47:00','2021-10-24 19:47:31'),(1982,0,'vi','plugins/blog/tags','cannot_delete','Không thể xóa thẻ','2021-10-24 19:47:00','2021-10-24 19:47:31'),(1983,0,'vi','plugins/blog/tags','deleted','Xóa thẻ thành công','2021-10-24 19:47:00','2021-10-24 19:47:31'),(1984,0,'vi','plugins/blog/tags','menu_name','Thẻ','2021-10-24 19:47:00','2021-10-24 19:47:31'),(1985,0,'vi','plugins/blog/tags','edit_this_tag','Sửa thẻ này','2021-10-24 19:47:00','2021-10-24 19:47:31'),(1986,0,'vi','plugins/blog/tags','menu','Thẻ','2021-10-24 19:47:00','2021-10-24 19:47:31'),(1987,0,'en','plugins/captcha/captcha','settings.title','Captcha','2021-10-24 19:47:00','2021-10-24 19:47:31'),(1988,0,'en','plugins/captcha/captcha','settings.description','Settings for Google Captcha','2021-10-24 19:47:00','2021-10-24 19:47:31'),(1989,0,'en','plugins/captcha/captcha','settings.captcha_site_key','Captcha Site Key','2021-10-24 19:47:00','2021-10-24 19:47:31'),(1990,0,'en','plugins/captcha/captcha','settings.captcha_secret','Captcha Secret','2021-10-24 19:47:00','2021-10-24 19:47:31'),(1991,0,'en','plugins/captcha/captcha','settings.enable_captcha','Enable Captcha?','2021-10-24 19:47:00','2021-10-24 19:47:31'),(1992,0,'en','plugins/captcha/captcha','settings.helper','Go here to get credentials https://www.google.com/recaptcha/admin#list.','2021-10-24 19:47:00','2021-10-24 19:47:31'),(1993,0,'en','plugins/captcha/captcha','settings.hide_badge','Hide recaptcha badge (for v3)','2021-10-24 19:47:00','2021-10-24 19:47:31'),(1994,0,'en','plugins/captcha/captcha','settings.type','Type','2021-10-24 19:47:00','2021-10-24 19:47:31'),(1995,0,'en','plugins/captcha/captcha','settings.v2_description','V2 (Verify requests with a challenge)','2021-10-24 19:47:00','2021-10-24 19:47:31'),(1996,0,'en','plugins/captcha/captcha','settings.v3_description','V3 (Verify requests with a score)','2021-10-24 19:47:00','2021-10-24 19:47:31'),(1997,0,'en','plugins/captcha/captcha','failed_validate','Failed to validate the captcha.','2021-10-24 19:47:00','2021-10-24 19:47:31'),(1998,0,'en','plugins/contact/contact','menu','Contact','2021-10-24 19:47:00','2021-10-24 19:47:31'),(1999,0,'en','plugins/contact/contact','edit','View contact','2021-10-24 19:47:00','2021-10-24 19:47:31'),(2000,0,'en','plugins/contact/contact','tables.phone','Phone','2021-10-24 19:47:00','2021-10-24 19:47:31'),(2001,0,'en','plugins/contact/contact','tables.email','Email','2021-10-24 19:47:00','2021-10-24 19:47:31'),(2002,0,'en','plugins/contact/contact','tables.full_name','Full Name','2021-10-24 19:47:00','2021-10-24 19:47:31'),(2003,0,'en','plugins/contact/contact','tables.time','Time','2021-10-24 19:47:00','2021-10-24 19:47:31'),(2004,0,'en','plugins/contact/contact','tables.address','Address','2021-10-24 19:47:00','2021-10-24 19:47:31'),(2005,0,'en','plugins/contact/contact','tables.subject','Subject','2021-10-24 19:47:00','2021-10-24 19:47:31'),(2006,0,'en','plugins/contact/contact','tables.content','Content','2021-10-24 19:47:00','2021-10-24 19:47:31'),(2007,0,'en','plugins/contact/contact','contact_information','Contact information','2021-10-24 19:47:00','2021-10-24 19:47:31'),(2008,0,'en','plugins/contact/contact','replies','Replies','2021-10-24 19:47:00','2021-10-24 19:47:31'),(2009,0,'en','plugins/contact/contact','email.header','Email','2021-10-24 19:47:00','2021-10-24 19:47:31'),(2010,0,'en','plugins/contact/contact','email.title','New contact from your site','2021-10-24 19:47:00','2021-10-24 19:47:31'),(2011,0,'en','plugins/contact/contact','form.name.required','Name is required','2021-10-24 19:47:00','2021-10-24 19:47:31'),(2012,0,'en','plugins/contact/contact','form.email.required','Email is required','2021-10-24 19:47:00','2021-10-24 19:47:31'),(2013,0,'en','plugins/contact/contact','form.email.email','The email address is not valid','2021-10-24 19:47:00','2021-10-24 19:47:31'),(2014,0,'en','plugins/contact/contact','form.content.required','Content is required','2021-10-24 19:47:00','2021-10-24 19:47:31'),(2015,0,'en','plugins/contact/contact','contact_sent_from','This contact information sent from','2021-10-24 19:47:00','2021-10-24 19:47:31'),(2016,0,'en','plugins/contact/contact','sender','Sender','2021-10-24 19:47:00','2021-10-24 19:47:31'),(2017,0,'en','plugins/contact/contact','sender_email','Email','2021-10-24 19:47:00','2021-10-24 19:47:31'),(2018,0,'en','plugins/contact/contact','sender_address','Address','2021-10-24 19:47:00','2021-10-24 19:47:31'),(2019,0,'en','plugins/contact/contact','sender_phone','Phone','2021-10-24 19:47:00','2021-10-24 19:47:31'),(2020,0,'en','plugins/contact/contact','message_content','Message content','2021-10-24 19:47:00','2021-10-24 19:47:31'),(2021,0,'en','plugins/contact/contact','sent_from','Email sent from','2021-10-24 19:47:00','2021-10-24 19:47:31'),(2022,0,'en','plugins/contact/contact','form_name','Name','2021-10-24 19:47:00','2021-10-24 19:47:31'),(2023,0,'en','plugins/contact/contact','form_email','Email','2021-10-24 19:47:00','2021-10-24 19:47:31'),(2024,0,'en','plugins/contact/contact','form_address','Address','2021-10-24 19:47:00','2021-10-24 19:47:31'),(2025,0,'en','plugins/contact/contact','form_subject','Subject','2021-10-24 19:47:00','2021-10-24 19:47:31'),(2026,0,'en','plugins/contact/contact','form_phone','Phone','2021-10-24 19:47:00','2021-10-24 19:47:31'),(2027,0,'en','plugins/contact/contact','form_message','Message','2021-10-24 19:47:00','2021-10-24 19:47:31'),(2028,0,'en','plugins/contact/contact','required_field','The field with (<span style=\"color: red\">*</span>) is required.','2021-10-24 19:47:00','2021-10-24 19:47:31'),(2029,0,'en','plugins/contact/contact','send_btn','Send message','2021-10-24 19:47:00','2021-10-24 19:47:31'),(2030,0,'en','plugins/contact/contact','new_msg_notice','You have <span class=\"bold\">:count</span> New Messages','2021-10-24 19:47:00','2021-10-24 19:47:31'),(2031,0,'en','plugins/contact/contact','view_all','View all','2021-10-24 19:47:00','2021-10-24 19:47:31'),(2032,0,'en','plugins/contact/contact','statuses.read','Read','2021-10-24 19:47:00','2021-10-24 19:47:31'),(2033,0,'en','plugins/contact/contact','statuses.unread','Unread','2021-10-24 19:47:00','2021-10-24 19:47:31'),(2034,0,'en','plugins/contact/contact','phone','Phone','2021-10-24 19:47:00','2021-10-24 19:47:31'),(2035,0,'en','plugins/contact/contact','address','Address','2021-10-24 19:47:00','2021-10-24 19:47:31'),(2036,0,'en','plugins/contact/contact','message','Message','2021-10-24 19:47:00','2021-10-24 19:47:31'),(2037,0,'en','plugins/contact/contact','settings.email.title','Contact','2021-10-24 19:47:00','2021-10-24 19:47:31'),(2038,0,'en','plugins/contact/contact','settings.email.description','Contact email configuration','2021-10-24 19:47:00','2021-10-24 19:47:31'),(2039,0,'en','plugins/contact/contact','settings.email.templates.notice_title','Send notice to administrator','2021-10-24 19:47:00','2021-10-24 19:47:31'),(2040,0,'en','plugins/contact/contact','settings.email.templates.notice_description','Email template to send notice to administrator when system get new contact','2021-10-24 19:47:00','2021-10-24 19:47:31'),(2041,0,'en','plugins/contact/contact','no_reply','No reply yet!','2021-10-24 19:47:00','2021-10-24 19:47:31'),(2042,0,'en','plugins/contact/contact','reply','Reply','2021-10-24 19:47:00','2021-10-24 19:47:31'),(2043,0,'en','plugins/contact/contact','send','Send','2021-10-24 19:47:00','2021-10-24 19:47:31'),(2044,0,'en','plugins/contact/contact','shortcode_name','Contact form','2021-10-24 19:47:00','2021-10-24 19:47:31'),(2045,0,'en','plugins/contact/contact','shortcode_description','Add a contact form','2021-10-24 19:47:00','2021-10-24 19:47:31'),(2046,0,'en','plugins/contact/contact','shortcode_content_description','Add shortcode [contact-form][/contact-form] to editor?','2021-10-24 19:47:00','2021-10-24 19:47:31'),(2047,0,'en','plugins/contact/contact','message_sent_success','Message sent successfully!','2021-10-24 19:47:00','2021-10-24 19:47:31'),(2048,0,'vi','plugins/contact/contact','menu','Liên hệ','2021-10-24 19:47:00','2021-10-24 19:47:31'),(2049,0,'vi','plugins/contact/contact','edit','Xem liên hệ','2021-10-24 19:47:00','2021-10-24 19:47:31'),(2050,0,'vi','plugins/contact/contact','tables.phone','Điện thoại','2021-10-24 19:47:00','2021-10-24 19:47:31'),(2051,0,'vi','plugins/contact/contact','tables.email','Email','2021-10-24 19:47:00','2021-10-24 19:47:31'),(2052,0,'vi','plugins/contact/contact','tables.full_name','Họ tên','2021-10-24 19:47:00','2021-10-24 19:47:31'),(2053,0,'vi','plugins/contact/contact','tables.time','Thời gian','2021-10-24 19:47:00','2021-10-24 19:47:31'),(2054,0,'vi','plugins/contact/contact','tables.address','Địa địa chỉ','2021-10-24 19:47:00','2021-10-24 19:47:31'),(2055,0,'vi','plugins/contact/contact','tables.subject','Tiêu đề','2021-10-24 19:47:00','2021-10-24 19:47:31'),(2056,0,'vi','plugins/contact/contact','tables.content','Nội dung','2021-10-24 19:47:00','2021-10-24 19:47:31'),(2057,0,'vi','plugins/contact/contact','contact_information','Thông tin liên hệ','2021-10-24 19:47:00','2021-10-24 19:47:31'),(2058,0,'vi','plugins/contact/contact','email.title','Thông tin liên hệ mới','2021-10-24 19:47:00','2021-10-24 19:47:31'),(2059,0,'vi','plugins/contact/contact','email.header','Email','2021-10-24 19:47:00','2021-10-24 19:47:31'),(2060,0,'vi','plugins/contact/contact','contact_sent_from','Liên hệ này được gửi từ','2021-10-24 19:47:00','2021-10-24 19:47:31'),(2061,0,'vi','plugins/contact/contact','form_address','Địa chỉ','2021-10-24 19:47:00','2021-10-24 19:47:31'),(2062,0,'vi','plugins/contact/contact','form_email','Thư điện tử','2021-10-24 19:47:00','2021-10-24 19:47:31'),(2063,0,'vi','plugins/contact/contact','form_message','Thông điệp','2021-10-24 19:47:00','2021-10-24 19:47:31'),(2064,0,'vi','plugins/contact/contact','form_name','Họ tên','2021-10-24 19:47:00','2021-10-24 19:47:31'),(2065,0,'vi','plugins/contact/contact','form_phone','Số điện thoại','2021-10-24 19:47:00','2021-10-24 19:47:31'),(2066,0,'vi','plugins/contact/contact','message_content','Nội dung thông điệp','2021-10-24 19:47:00','2021-10-24 19:47:31'),(2067,0,'vi','plugins/contact/contact','required_field','Những trường có dấu (<span style=\"color: red\">*</span>) là bắt buộc.','2021-10-24 19:47:00','2021-10-24 19:47:31'),(2068,0,'vi','plugins/contact/contact','send_btn','Gửi tin nhắn','2021-10-24 19:47:00','2021-10-24 19:47:31'),(2069,0,'vi','plugins/contact/contact','sender','Người gửi','2021-10-24 19:47:00','2021-10-24 19:47:31'),(2070,0,'vi','plugins/contact/contact','sender_address','Địa chỉ','2021-10-24 19:47:00','2021-10-24 19:47:31'),(2071,0,'vi','plugins/contact/contact','sender_email','Thư điện tử','2021-10-24 19:47:00','2021-10-24 19:47:31'),(2072,0,'vi','plugins/contact/contact','sender_phone','Số điện thoại','2021-10-24 19:47:00','2021-10-24 19:47:31'),(2073,0,'vi','plugins/contact/contact','sent_from','Thư được gửi từ','2021-10-24 19:47:00','2021-10-24 19:47:31'),(2074,0,'vi','plugins/contact/contact','address','Địa chỉ','2021-10-24 19:47:00','2021-10-24 19:47:31'),(2075,0,'vi','plugins/contact/contact','message','Liên hệ','2021-10-24 19:47:00','2021-10-24 19:47:31'),(2076,0,'vi','plugins/contact/contact','new_msg_notice','Bạn có <span class=\"bold\">:count</span> tin nhắn mới','2021-10-24 19:47:00','2021-10-24 19:47:31'),(2077,0,'vi','plugins/contact/contact','phone','Điện thoại','2021-10-24 19:47:00','2021-10-24 19:47:31'),(2078,0,'vi','plugins/contact/contact','statuses.read','Đã đọc','2021-10-24 19:47:00','2021-10-24 19:47:31'),(2079,0,'vi','plugins/contact/contact','statuses.unread','Chưa đọc','2021-10-24 19:47:00','2021-10-24 19:47:31'),(2080,0,'vi','plugins/contact/contact','view_all','Xem tất cả','2021-10-24 19:47:00','2021-10-24 19:47:31'),(2081,0,'vi','plugins/contact/contact','settings.email.title','Liên hệ','2021-10-24 19:47:00','2021-10-24 19:47:31'),(2082,0,'vi','plugins/contact/contact','settings.email.description','Cấu hình thông tin cho mục liên hệ','2021-10-24 19:47:00','2021-10-24 19:47:31'),(2083,0,'vi','plugins/contact/contact','settings.email.templates.notice_title','Thông báo tới admin','2021-10-24 19:47:00','2021-10-24 19:47:31'),(2084,0,'vi','plugins/contact/contact','settings.email.templates.notice_description','Mẫu nội dung email gửi tới admin khi có liên hệ mới','2021-10-24 19:47:00','2021-10-24 19:47:31'),(2085,0,'en','plugins/cookie-consent/cookie-consent','theme_options.name','Cookie Consent','2021-10-24 19:47:00','2021-10-24 19:47:31'),(2086,0,'en','plugins/cookie-consent/cookie-consent','theme_options.description','Cookie consent settings','2021-10-24 19:47:00','2021-10-24 19:47:31'),(2087,0,'en','plugins/cookie-consent/cookie-consent','theme_options.enable','Enable cookie consent?','2021-10-24 19:47:00','2021-10-24 19:47:31'),(2088,0,'en','plugins/cookie-consent/cookie-consent','theme_options.message','Message','2021-10-24 19:47:00','2021-10-24 19:47:31'),(2089,0,'en','plugins/cookie-consent/cookie-consent','theme_options.button_text','Button text','2021-10-24 19:47:00','2021-10-24 19:47:31'),(2090,0,'en','plugins/cookie-consent/cookie-consent','theme_options.max_width','Max width (px)','2021-10-24 19:47:00','2021-10-24 19:47:31'),(2091,0,'en','plugins/cookie-consent/cookie-consent','theme_options.background_color','Background color','2021-10-24 19:47:00','2021-10-24 19:47:31'),(2092,0,'en','plugins/cookie-consent/cookie-consent','theme_options.text_color','Text color','2021-10-24 19:47:00','2021-10-24 19:47:31'),(2093,0,'en','plugins/cookie-consent/cookie-consent','theme_options.learn_more_url','Learn more URL','2021-10-24 19:47:00','2021-10-24 19:47:31'),(2094,0,'en','plugins/cookie-consent/cookie-consent','theme_options.learn_more_text','Learn more text','2021-10-24 19:47:00','2021-10-24 19:47:31'),(2095,0,'en','plugins/cookie-consent/cookie-consent','theme_options.style','Style','2021-10-24 19:47:00','2021-10-24 19:47:31'),(2096,0,'en','plugins/cookie-consent/cookie-consent','theme_options.full_width','Full width','2021-10-24 19:47:00','2021-10-24 19:47:31'),(2097,0,'en','plugins/cookie-consent/cookie-consent','theme_options.minimal','Minimal','2021-10-24 19:47:00','2021-10-24 19:47:31'),(2098,0,'en','plugins/cookie-consent/cookie-consent','message','Your experience on this site will be improved by allowing cookies.','2021-10-24 19:47:00','2021-10-24 19:47:31'),(2099,0,'en','plugins/cookie-consent/cookie-consent','button_text','Allow cookies','2021-10-24 19:47:00','2021-10-24 19:47:31'),(2100,0,'en','plugins/ecommerce/brands','name','Brands','2021-10-24 19:47:00','2021-10-24 19:47:31'),(2101,0,'en','plugins/ecommerce/brands','create','New brand','2021-10-24 19:47:00','2021-10-24 19:47:31'),(2102,0,'en','plugins/ecommerce/brands','edit','Edit brand','2021-10-24 19:47:00','2021-10-24 19:47:31'),(2103,0,'en','plugins/ecommerce/brands','form.name','Name','2021-10-24 19:47:00','2021-10-24 19:47:31'),(2104,0,'en','plugins/ecommerce/brands','form.name_placeholder','Brand\'s name (Maximum 255 characters)','2021-10-24 19:47:00','2021-10-24 19:47:31'),(2105,0,'en','plugins/ecommerce/brands','form.description','Description','2021-10-24 19:47:00','2021-10-24 19:47:31'),(2106,0,'en','plugins/ecommerce/brands','form.description_placeholder','Short description for brand (Maximum 400 characters)','2021-10-24 19:47:00','2021-10-24 19:47:31'),(2107,0,'en','plugins/ecommerce/brands','form.website','Website','2021-10-24 19:47:00','2021-10-24 19:47:31'),(2108,0,'en','plugins/ecommerce/brands','form.logo','Logo','2021-10-24 19:47:00','2021-10-24 19:47:31'),(2109,0,'en','plugins/ecommerce/brands','form.is_featured','Is featured','2021-10-24 19:47:00','2021-10-24 19:47:31'),(2110,0,'en','plugins/ecommerce/brands','logo','Logo','2021-10-24 19:47:00','2021-10-24 19:47:31'),(2111,0,'en','plugins/ecommerce/brands','website','Website','2021-10-24 19:47:00','2021-10-24 19:47:31'),(2112,0,'en','plugins/ecommerce/brands','notices.no_select','Please select at least one record to take this action!','2021-10-24 19:47:00','2021-10-24 19:47:31'),(2113,0,'en','plugins/ecommerce/brands','notices.update_success_message','Update successfully','2021-10-24 19:47:00','2021-10-24 19:47:31'),(2114,0,'en','plugins/ecommerce/brands','cannot_delete','Brand could not be deleted','2021-10-24 19:47:00','2021-10-24 19:47:31'),(2115,0,'en','plugins/ecommerce/brands','brand_deleted','Brand deleted','2021-10-24 19:47:00','2021-10-24 19:47:31'),(2116,0,'en','plugins/ecommerce/brands','menu','Brands','2021-10-24 19:47:00','2021-10-24 19:47:31'),(2117,0,'en','plugins/ecommerce/brands','no_brand','No brand','2021-10-24 19:47:00','2021-10-24 19:47:31'),(2118,0,'en','plugins/ecommerce/brands','intro.title','Manage brands','2021-10-24 19:47:00','2021-10-24 19:47:31'),(2119,0,'en','plugins/ecommerce/brands','intro.description','Manage product brands such as Nike, Adidas, Bitis ...','2021-10-24 19:47:00','2021-10-24 19:47:31'),(2120,0,'en','plugins/ecommerce/brands','intro.button_text','Create brand','2021-10-24 19:47:00','2021-10-24 19:47:31'),(2121,0,'en','plugins/ecommerce/bulk-import','name','Bulk Import','2021-10-24 19:47:00','2021-10-24 19:47:31'),(2122,0,'en','plugins/ecommerce/bulk-import','loading_text','Importing','2021-10-24 19:47:00','2021-10-24 19:47:31'),(2123,0,'en','plugins/ecommerce/bulk-import','imported_successfully','Imported successfully.','2021-10-24 19:47:00','2021-10-24 19:47:31'),(2124,0,'en','plugins/ecommerce/bulk-import','please_choose_the_file_mime','Please choose the file mime :types','2021-10-24 19:47:00','2021-10-24 19:47:31'),(2125,0,'en','plugins/ecommerce/bulk-import','please_choose_the_file','Please choose the file','2021-10-24 19:47:00','2021-10-24 19:47:31'),(2126,0,'en','plugins/ecommerce/bulk-import','start_import','Start Import','2021-10-24 19:47:00','2021-10-24 19:47:31'),(2127,0,'en','plugins/ecommerce/bulk-import','note','Note!','2021-10-24 19:47:00','2021-10-24 19:47:31'),(2128,0,'en','plugins/ecommerce/bulk-import','warning_before_importing','If this is your first time using this feature, please read the documentation or contact the Administrator for access to the correct functionality!','2021-10-24 19:47:00','2021-10-24 19:47:31'),(2129,0,'en','plugins/ecommerce/bulk-import','results','Result: :success successes, :failed failures','2021-10-24 19:47:00','2021-10-24 19:47:31'),(2130,0,'en','plugins/ecommerce/bulk-import','failures','Failures','2021-10-24 19:47:00','2021-10-24 19:47:31'),(2131,0,'en','plugins/ecommerce/bulk-import','tables.import','Import','2021-10-24 19:47:00','2021-10-24 19:47:31'),(2132,0,'en','plugins/ecommerce/bulk-import','template','Template','2021-10-24 19:47:00','2021-10-24 19:47:31'),(2133,0,'en','plugins/ecommerce/bulk-import','rules','Rules','2021-10-24 19:47:00','2021-10-24 19:47:31'),(2134,0,'en','plugins/ecommerce/bulk-import','choose_file_with_mime','Choose file with mime: (:types)','2021-10-24 19:47:00','2021-10-24 19:47:31'),(2135,0,'en','plugins/ecommerce/bulk-import','choose_file','Choose file','2021-10-24 19:47:00','2021-10-24 19:47:31'),(2136,0,'en','plugins/ecommerce/bulk-import','menu','Import products','2021-10-24 19:47:00','2021-10-24 19:47:31'),(2137,0,'en','plugins/ecommerce/bulk-import','download-csv-file','Download CSV template','2021-10-24 19:47:00','2021-10-24 19:47:31'),(2138,0,'en','plugins/ecommerce/bulk-import','download-excel-file','Download Excel template','2021-10-24 19:47:00','2021-10-24 19:47:31'),(2139,0,'en','plugins/ecommerce/bulk-import','downloading','Downloading...','2021-10-24 19:47:00','2021-10-24 19:47:31'),(2140,0,'en','plugins/ecommerce/bulk-import','export.template.input_error','Input error','2021-10-24 19:47:00','2021-10-24 19:47:31'),(2141,0,'en','plugins/ecommerce/bulk-import','export.template.number_not_allowed','Number is not allowed!','2021-10-24 19:47:00','2021-10-24 19:47:31'),(2142,0,'en','plugins/ecommerce/bulk-import','export.template.allowed_input','Allowed input','2021-10-24 19:47:00','2021-10-24 19:47:31'),(2143,0,'en','plugins/ecommerce/bulk-import','export.template.prompt_decimal','Only numbers or decimals are accepted and greater than or equal to :min.','2021-10-24 19:47:00','2021-10-24 19:47:31'),(2144,0,'en','plugins/ecommerce/bulk-import','export.template.prompt_whole_number','Only numbers are accepted and greater than or equal to :min.','2021-10-24 19:47:00','2021-10-24 19:47:31'),(2145,0,'en','plugins/ecommerce/bulk-import','export.template.prompt_list','Please pick a value from the drop-down list.','2021-10-24 19:47:00','2021-10-24 19:47:31'),(2146,0,'en','plugins/ecommerce/bulk-import','export.template.pick_from_list','Pick from list','2021-10-24 19:47:00','2021-10-24 19:47:31'),(2147,0,'en','plugins/ecommerce/bulk-import','export.template.value_not_in_list','Value is not in list.','2021-10-24 19:47:00','2021-10-24 19:47:31'),(2148,0,'en','plugins/ecommerce/currency','currencies','Currencies','2021-10-24 19:47:00','2021-10-24 19:47:31'),(2149,0,'en','plugins/ecommerce/currency','setting_description','List of currencies using on website','2021-10-24 19:47:00','2021-10-24 19:47:31'),(2150,0,'en','plugins/ecommerce/currency','name','Name','2021-10-24 19:47:00','2021-10-24 19:47:31'),(2151,0,'en','plugins/ecommerce/currency','symbol','Symbol','2021-10-24 19:47:00','2021-10-24 19:47:31'),(2152,0,'en','plugins/ecommerce/currency','number_of_decimals','Number of decimals','2021-10-24 19:47:00','2021-10-24 19:47:31'),(2153,0,'en','plugins/ecommerce/currency','exchange_rate','Exchange rate','2021-10-24 19:47:00','2021-10-24 19:47:31'),(2154,0,'en','plugins/ecommerce/currency','is_prefix_symbol','Position of symbol','2021-10-24 19:47:00','2021-10-24 19:47:31'),(2155,0,'en','plugins/ecommerce/currency','is_default','Is default?','2021-10-24 19:47:00','2021-10-24 19:47:31'),(2156,0,'en','plugins/ecommerce/currency','remove','Remove','2021-10-24 19:47:00','2021-10-24 19:47:31'),(2157,0,'en','plugins/ecommerce/currency','new_currency','Add a new currency','2021-10-24 19:47:00','2021-10-24 19:47:31'),(2158,0,'en','plugins/ecommerce/currency','save_settings','Save settings','2021-10-24 19:47:00','2021-10-24 19:47:31'),(2159,0,'en','plugins/ecommerce/currency','before_number','Before number','2021-10-24 19:47:00','2021-10-24 19:47:31'),(2160,0,'en','plugins/ecommerce/currency','after_number','After number','2021-10-24 19:47:00','2021-10-24 19:47:31'),(2161,0,'en','plugins/ecommerce/currency','require_at_least_one_currency','The system requires at least one currency!','2021-10-24 19:47:00','2021-10-24 19:47:31'),(2162,0,'en','plugins/ecommerce/customer','name','Customers','2021-10-24 19:47:00','2021-10-24 19:47:31'),(2163,0,'en','plugins/ecommerce/customer','create','Create a customer','2021-10-24 19:47:00','2021-10-24 19:47:31'),(2164,0,'en','plugins/ecommerce/customer','edit','Edit customer \":name\"','2021-10-24 19:47:00','2021-10-24 19:47:31'),(2165,0,'en','plugins/ecommerce/customer','email','Email','2021-10-24 19:47:00','2021-10-24 19:47:31'),(2166,0,'en','plugins/ecommerce/customer','email_placeholder','Ex: example@gmail.com','2021-10-24 19:47:00','2021-10-24 19:47:31'),(2167,0,'en','plugins/ecommerce/customer','password','Password','2021-10-24 19:47:00','2021-10-24 19:47:31'),(2168,0,'en','plugins/ecommerce/customer','change_password','Change password?','2021-10-24 19:47:00','2021-10-24 19:47:31'),(2169,0,'en','plugins/ecommerce/customer','password_confirmation','Password confirmation','2021-10-24 19:47:00','2021-10-24 19:47:31'),(2170,0,'en','plugins/ecommerce/customer','intro.title','Manage customers','2021-10-24 19:47:00','2021-10-24 19:47:31'),(2171,0,'en','plugins/ecommerce/customer','intro.description','When a customer buy your product(s), you will know their order histories.','2021-10-24 19:47:00','2021-10-24 19:47:31'),(2172,0,'en','plugins/ecommerce/customer','intro.button_text','Create customer','2021-10-24 19:47:00','2021-10-24 19:47:31'),(2173,0,'en','plugins/ecommerce/customer','phone','Phone','2021-10-24 19:47:00','2021-10-24 19:47:31'),(2174,0,'en','plugins/ecommerce/customer','phone_placeholder','Phone','2021-10-24 19:47:00','2021-10-24 19:47:31'),(2175,0,'en','plugins/ecommerce/customer','avatar','Avatar','2021-10-24 19:47:00','2021-10-24 19:47:31'),(2176,0,'en','plugins/ecommerce/customer','dob','Date of birth','2021-10-24 19:47:00','2021-10-24 19:47:31'),(2177,0,'en','plugins/ecommerce/customer','statuses.activated','Activated','2021-10-24 19:47:00','2021-10-24 19:47:31'),(2178,0,'en','plugins/ecommerce/customer','statuses.locked','Locked','2021-10-24 19:47:00','2021-10-24 19:47:31'),(2179,0,'en','plugins/ecommerce/discount','name','Discounts','2021-10-24 19:47:00','2021-10-24 19:47:31'),(2180,0,'en','plugins/ecommerce/discount','create','Create discount','2021-10-24 19:47:00','2021-10-24 19:47:31'),(2181,0,'en','plugins/ecommerce/discount','invalid_coupon','This coupon is invalid or expired!','2021-10-24 19:47:01','2021-10-24 19:47:31'),(2182,0,'en','plugins/ecommerce/discount','cannot_use_same_time_with_other_discount_program','Cannot use this coupon in the same time with other discount program!','2021-10-24 19:47:01','2021-10-24 19:47:31'),(2183,0,'en','plugins/ecommerce/discount','not_used','This coupon is not used yet!','2021-10-24 19:47:01','2021-10-24 19:47:31'),(2184,0,'en','plugins/ecommerce/discount','detail','Detail','2021-10-24 19:47:01','2021-10-24 19:47:31'),(2185,0,'en','plugins/ecommerce/discount','used','Used','2021-10-24 19:47:01','2021-10-24 19:47:31'),(2186,0,'en','plugins/ecommerce/discount','intro.title','Manage discount/coupon code','2021-10-24 19:47:01','2021-10-24 19:47:31'),(2187,0,'en','plugins/ecommerce/discount','intro.description','Create coupon code or promotion for your products.','2021-10-24 19:47:01','2021-10-24 19:47:31'),(2188,0,'en','plugins/ecommerce/discount','intro.button_text','Create discount','2021-10-24 19:47:01','2021-10-24 19:47:31'),(2189,0,'en','plugins/ecommerce/discount','expired','Expired','2021-10-24 19:47:01','2021-10-24 19:47:31'),(2190,0,'en','plugins/ecommerce/discount','discount_promotion','Discount promotion','2021-10-24 19:47:01','2021-10-24 19:47:31'),(2191,0,'en','plugins/ecommerce/discount','can','can','2021-10-24 19:47:01','2021-10-24 19:47:31'),(2192,0,'en','plugins/ecommerce/discount','cannot','cannot','2021-10-24 19:47:01','2021-10-24 19:47:31'),(2193,0,'en','plugins/ecommerce/discount','use_with_promotion','be used with promotion','2021-10-24 19:47:01','2021-10-24 19:47:31'),(2194,0,'en','plugins/ecommerce/discount','create_discount_validate_title_required_if','Please enter the name of the promotion','2021-10-24 19:47:01','2021-10-24 19:47:31'),(2195,0,'en','plugins/ecommerce/discount','create_discount_validate_code_required_if','Please enter the promotion code','2021-10-24 19:47:01','2021-10-24 19:47:31'),(2196,0,'en','plugins/ecommerce/discount','create_discount_validate_value_required','Amount must be greater than 0','2021-10-24 19:47:01','2021-10-24 19:47:31'),(2197,0,'en','plugins/ecommerce/discount','create_discount_validate_target_required','No object selected for promotion','2021-10-24 19:47:01','2021-10-24 19:47:31'),(2198,0,'en','plugins/ecommerce/discount','enums.type-options.amount','Amount - Fixed','2021-10-24 19:47:01','2021-10-24 19:47:31'),(2199,0,'en','plugins/ecommerce/discount','enums.type-options.percentage','Discount %','2021-10-24 19:47:01','2021-10-24 19:47:31'),(2200,0,'en','plugins/ecommerce/discount','enums.type-options.shipping','Free shipping','2021-10-24 19:47:01','2021-10-24 19:47:31'),(2201,0,'en','plugins/ecommerce/discount','enums.type-options.same-price','Same price','2021-10-24 19:47:01','2021-10-24 19:47:31'),(2202,0,'en','plugins/ecommerce/discount','discount','Discount','2021-10-24 19:47:01','2021-10-24 19:47:31'),(2203,0,'en','plugins/ecommerce/discount','create_coupon_code','Create coupon code','2021-10-24 19:47:01','2021-10-24 19:47:31'),(2204,0,'en','plugins/ecommerce/discount','create_discount_promotion','Create discount promotion','2021-10-24 19:47:01','2021-10-24 19:47:31'),(2205,0,'en','plugins/ecommerce/discount','generate_coupon_code','Generate coupon code','2021-10-24 19:47:01','2021-10-24 19:47:31'),(2206,0,'en','plugins/ecommerce/discount','customers_will_enter_this_coupon_code_when_they_checkout','Customers will enter this coupon code when they checkout','2021-10-24 19:47:01','2021-10-24 19:47:31'),(2207,0,'en','plugins/ecommerce/discount','select_type_of_discount','Select type of discount','2021-10-24 19:47:01','2021-10-24 19:47:31'),(2208,0,'en','plugins/ecommerce/discount','coupon_code','Coupon code','2021-10-24 19:47:01','2021-10-24 19:47:31'),(2209,0,'en','plugins/ecommerce/discount','promotion','Promotion','2021-10-24 19:47:01','2021-10-24 19:47:31'),(2210,0,'en','plugins/ecommerce/discount','can_be_used_with_promotion','Can be used with promotion','2021-10-24 19:47:01','2021-10-24 19:47:31'),(2211,0,'en','plugins/ecommerce/discount','unlimited_coupon','Unlimited coupon','2021-10-24 19:47:01','2021-10-24 19:47:31'),(2212,0,'en','plugins/ecommerce/discount','enter_number','Enter number','2021-10-24 19:47:01','2021-10-24 19:47:31'),(2213,0,'en','plugins/ecommerce/discount','coupon_type','Coupon type','2021-10-24 19:47:01','2021-10-24 19:47:31'),(2214,0,'en','plugins/ecommerce/discount','percentage_discount','Percentage discount (%)','2021-10-24 19:47:01','2021-10-24 19:47:31'),(2215,0,'en','plugins/ecommerce/discount','free_shipping','Free shipping','2021-10-24 19:47:01','2021-10-24 19:47:31'),(2216,0,'en','plugins/ecommerce/discount','same_price','Same price','2021-10-24 19:47:01','2021-10-24 19:47:31'),(2217,0,'en','plugins/ecommerce/discount','apply_for','apply for','2021-10-24 19:47:01','2021-10-24 19:47:31'),(2218,0,'en','plugins/ecommerce/discount','all_orders','All orders','2021-10-24 19:47:01','2021-10-24 19:47:31'),(2219,0,'en','plugins/ecommerce/discount','order_amount_from','Order amount from','2021-10-24 19:47:01','2021-10-24 19:47:31'),(2220,0,'en','plugins/ecommerce/discount','product_collection','Product collection','2021-10-24 19:47:01','2021-10-24 19:47:31'),(2221,0,'en','plugins/ecommerce/discount','product','Product','2021-10-24 19:47:01','2021-10-24 19:47:31'),(2222,0,'en','plugins/ecommerce/discount','customer','Customer','2021-10-24 19:47:01','2021-10-24 19:47:31'),(2223,0,'en','plugins/ecommerce/discount','variant','Variant','2021-10-24 19:47:01','2021-10-24 19:47:31'),(2224,0,'en','plugins/ecommerce/discount','search_product','Search product','2021-10-24 19:47:01','2021-10-24 19:47:31'),(2225,0,'en','plugins/ecommerce/discount','no_products_found','No products found!','2021-10-24 19:47:01','2021-10-24 19:47:31'),(2226,0,'en','plugins/ecommerce/discount','search_customer','Search customer','2021-10-24 19:47:01','2021-10-24 19:47:31'),(2227,0,'en','plugins/ecommerce/discount','no_customer_found','No customer found!','2021-10-24 19:47:01','2021-10-24 19:47:31'),(2228,0,'en','plugins/ecommerce/discount','one_time_per_order','One time per order','2021-10-24 19:47:01','2021-10-24 19:47:31'),(2229,0,'en','plugins/ecommerce/discount','one_time_per_product_in_cart','One time per product in cart','2021-10-24 19:47:01','2021-10-24 19:47:31'),(2230,0,'en','plugins/ecommerce/discount','number_of_products','Number of products required to apply','2021-10-24 19:47:01','2021-10-24 19:47:31'),(2231,0,'en','plugins/ecommerce/discount','selected_products','Selected products','2021-10-24 19:47:01','2021-10-24 19:47:31'),(2232,0,'en','plugins/ecommerce/discount','selected_customers','Selected customers','2021-10-24 19:47:01','2021-10-24 19:47:31'),(2233,0,'en','plugins/ecommerce/discount','time','Time','2021-10-24 19:47:01','2021-10-24 19:47:31'),(2234,0,'en','plugins/ecommerce/discount','start_date','Start date','2021-10-24 19:47:01','2021-10-24 19:47:31'),(2235,0,'en','plugins/ecommerce/discount','end_date','End date','2021-10-24 19:47:01','2021-10-24 19:47:31'),(2236,0,'en','plugins/ecommerce/discount','never_expired','Never expired','2021-10-24 19:47:01','2021-10-24 19:47:31'),(2237,0,'en','plugins/ecommerce/discount','save','Save','2021-10-24 19:47:01','2021-10-24 19:47:31'),(2238,0,'en','plugins/ecommerce/discount','enter_promotion_name','Enter promotion name','2021-10-24 19:47:01','2021-10-24 19:47:31'),(2239,0,'en','plugins/ecommerce/discount','enter_coupon_name','Enter coupon name','2021-10-24 19:47:01','2021-10-24 19:47:31'),(2240,0,'en','plugins/ecommerce/discount','cancel','Cancel','2021-10-24 19:47:01','2021-10-24 19:47:31'),(2241,0,'en','plugins/ecommerce/discount','is','Is','2021-10-24 19:47:01','2021-10-24 19:47:31'),(2242,0,'en','plugins/ecommerce/discount','when_shipping_fee_less_than','when shipping fee less than','2021-10-24 19:47:01','2021-10-24 19:47:31'),(2243,0,'en','plugins/ecommerce/ecommerce','settings','Settings','2021-10-24 19:47:01','2021-10-24 19:47:31'),(2244,0,'en','plugins/ecommerce/ecommerce','name','Ecommerce','2021-10-24 19:47:01','2021-10-24 19:47:31'),(2245,0,'en','plugins/ecommerce/ecommerce','setting.email.title','E-commerce','2021-10-24 19:47:01','2021-10-24 19:47:31'),(2246,0,'en','plugins/ecommerce/ecommerce','setting.email.description','Ecommerce email config','2021-10-24 19:47:01','2021-10-24 19:47:31'),(2247,0,'en','plugins/ecommerce/ecommerce','setting.email.order_confirm_subject','Subject of order confirmation email','2021-10-24 19:47:01','2021-10-24 19:47:31'),(2248,0,'en','plugins/ecommerce/ecommerce','setting.email.order_confirm_subject_placeholder','The subject of email confirmation send to the customer','2021-10-24 19:47:01','2021-10-24 19:47:31'),(2249,0,'en','plugins/ecommerce/ecommerce','setting.email.order_confirm_content','Content of order confirmation email','2021-10-24 19:47:01','2021-10-24 19:47:31'),(2250,0,'en','plugins/ecommerce/ecommerce','setting.email.order_status_change_subject','Subject of email when changing order\'s status','2021-10-24 19:47:01','2021-10-24 19:47:31'),(2251,0,'en','plugins/ecommerce/ecommerce','setting.email.order_status_change_subject_placeholder','Subject of email when changing order\'s status send to customer','2021-10-24 19:47:01','2021-10-24 19:47:31'),(2252,0,'en','plugins/ecommerce/ecommerce','setting.email.order_status_change_content','Content of email when changing order\'s status','2021-10-24 19:47:01','2021-10-24 19:47:31'),(2253,0,'en','plugins/ecommerce/ecommerce','setting.email.from_email','Email from','2021-10-24 19:47:01','2021-10-24 19:47:31'),(2254,0,'en','plugins/ecommerce/ecommerce','setting.email.from_email_placeholder','Email from address to display in mail. Ex: example@gmail.com','2021-10-24 19:47:01','2021-10-24 19:47:31'),(2255,0,'en','plugins/ecommerce/ecommerce','setting.title','Basic information','2021-10-24 19:47:01','2021-10-24 19:47:31'),(2256,0,'en','plugins/ecommerce/ecommerce','setting.state','State','2021-10-24 19:47:01','2021-10-24 19:47:31'),(2257,0,'en','plugins/ecommerce/ecommerce','setting.city','City','2021-10-24 19:47:01','2021-10-24 19:47:31'),(2258,0,'en','plugins/ecommerce/ecommerce','setting.country','Country','2021-10-24 19:47:01','2021-10-24 19:47:31'),(2259,0,'en','plugins/ecommerce/ecommerce','setting.select country','Select a country...','2021-10-24 19:47:01','2021-10-24 19:47:31'),(2260,0,'en','plugins/ecommerce/ecommerce','setting.weight_unit_gram','Gram (g)','2021-10-24 19:47:01','2021-10-24 19:47:31'),(2261,0,'en','plugins/ecommerce/ecommerce','setting.weight_unit_kilogram','Kilogram (kg)','2021-10-24 19:47:01','2021-10-24 19:47:31'),(2262,0,'en','plugins/ecommerce/ecommerce','setting.weight_unit_lb','Pound (lb)','2021-10-24 19:47:01','2021-10-24 19:47:31'),(2263,0,'en','plugins/ecommerce/ecommerce','setting.weight_unit_oz','Ounce (oz)','2021-10-24 19:47:01','2021-10-24 19:47:31'),(2264,0,'en','plugins/ecommerce/ecommerce','setting.height_unit_cm','Centimeter (cm)','2021-10-24 19:47:01','2021-10-24 19:47:31'),(2265,0,'en','plugins/ecommerce/ecommerce','setting.height_unit_m','Meter (m)','2021-10-24 19:47:01','2021-10-24 19:47:31'),(2266,0,'en','plugins/ecommerce/ecommerce','setting.height_unit_inch','Inch','2021-10-24 19:47:01','2021-10-24 19:47:31'),(2267,0,'en','plugins/ecommerce/ecommerce','setting.store_locator_title','Store locators','2021-10-24 19:47:01','2021-10-24 19:47:31'),(2268,0,'en','plugins/ecommerce/ecommerce','setting.store_locator_description','All the lists of your chains, main stores, branches, etc. The locations can be used to track sales and to help us configure tax rates to charge when selling products.','2021-10-24 19:47:01','2021-10-24 19:47:31'),(2269,0,'en','plugins/ecommerce/ecommerce','setting.phone','Phone','2021-10-24 19:47:01','2021-10-24 19:47:31'),(2270,0,'en','plugins/ecommerce/ecommerce','setting.address','Address','2021-10-24 19:47:01','2021-10-24 19:47:31'),(2271,0,'en','plugins/ecommerce/ecommerce','setting.is_primary','Primary?','2021-10-24 19:47:01','2021-10-24 19:47:31'),(2272,0,'en','plugins/ecommerce/ecommerce','setting.add_new','Add new','2021-10-24 19:47:01','2021-10-24 19:47:31'),(2273,0,'en','plugins/ecommerce/ecommerce','setting.or','Or','2021-10-24 19:47:01','2021-10-24 19:47:31'),(2274,0,'en','plugins/ecommerce/ecommerce','setting.change_primary_store','change default store locator','2021-10-24 19:47:01','2021-10-24 19:47:31'),(2275,0,'en','plugins/ecommerce/ecommerce','setting.other_settings','Other settings','2021-10-24 19:47:01','2021-10-24 19:47:31'),(2276,0,'en','plugins/ecommerce/ecommerce','setting.other_settings_description','Settings for cart, review...','2021-10-24 19:47:01','2021-10-24 19:47:31'),(2277,0,'en','plugins/ecommerce/ecommerce','setting.enable_cart','Enable shopping cart?','2021-10-24 19:47:01','2021-10-24 19:47:31'),(2278,0,'en','plugins/ecommerce/ecommerce','setting.enable_tax','Enable tax?','2021-10-24 19:47:01','2021-10-24 19:47:31'),(2279,0,'en','plugins/ecommerce/ecommerce','setting.display_product_price_including_taxes','Display product price including taxes?','2021-10-24 19:47:01','2021-10-24 19:47:31'),(2280,0,'en','plugins/ecommerce/ecommerce','setting.enable_review','Enable review?','2021-10-24 19:47:01','2021-10-24 19:47:31'),(2281,0,'en','plugins/ecommerce/ecommerce','setting.enable_quick_buy_button','Enable quick buy button?','2021-10-24 19:47:01','2021-10-24 19:47:31'),(2282,0,'en','plugins/ecommerce/ecommerce','setting.quick_buy_target','Quick buy target page?','2021-10-24 19:47:01','2021-10-24 19:47:31'),(2283,0,'en','plugins/ecommerce/ecommerce','setting.checkout_page','Checkout page','2021-10-24 19:47:01','2021-10-24 19:47:31'),(2284,0,'en','plugins/ecommerce/ecommerce','setting.cart_page','Cart page','2021-10-24 19:47:01','2021-10-24 19:47:31'),(2285,0,'en','plugins/ecommerce/ecommerce','setting.add_location','Add location','2021-10-24 19:47:01','2021-10-24 19:47:31'),(2286,0,'en','plugins/ecommerce/ecommerce','setting.edit_location','Edit location','2021-10-24 19:47:01','2021-10-24 19:47:31'),(2287,0,'en','plugins/ecommerce/ecommerce','setting.delete_location','Delete location','2021-10-24 19:47:01','2021-10-24 19:47:31'),(2288,0,'en','plugins/ecommerce/ecommerce','setting.change_primary_location','Change primary location','2021-10-24 19:47:01','2021-10-24 19:47:31'),(2289,0,'en','plugins/ecommerce/ecommerce','setting.delete_location_confirmation','Are you sure you want to delete this location? This action cannot be undo.','2021-10-24 19:47:01','2021-10-24 19:47:31'),(2290,0,'en','plugins/ecommerce/ecommerce','setting.save_location','Save location','2021-10-24 19:47:01','2021-10-24 19:47:31'),(2291,0,'en','plugins/ecommerce/ecommerce','setting.accept','Accept','2021-10-24 19:47:01','2021-10-24 19:47:31'),(2292,0,'en','plugins/ecommerce/ecommerce','setting.select_country','Select country','2021-10-24 19:47:01','2021-10-24 19:47:31'),(2293,0,'en','plugins/ecommerce/ecommerce','setting.zip_code_enabled','Enable Zip Code?','2021-10-24 19:47:01','2021-10-24 19:47:31'),(2294,0,'en','plugins/ecommerce/ecommerce','setting.thousands_separator','Thousands separator','2021-10-24 19:47:01','2021-10-24 19:47:31'),(2295,0,'en','plugins/ecommerce/ecommerce','setting.decimal_separator','Decimal separator','2021-10-24 19:47:01','2021-10-24 19:47:31'),(2296,0,'en','plugins/ecommerce/ecommerce','setting.separator_period','Period (.)','2021-10-24 19:47:01','2021-10-24 19:47:31'),(2297,0,'en','plugins/ecommerce/ecommerce','setting.separator_comma','Comma (,)','2021-10-24 19:47:01','2021-10-24 19:47:31'),(2298,0,'en','plugins/ecommerce/ecommerce','setting.separator_space','Space ( )','2021-10-24 19:47:01','2021-10-24 19:47:31'),(2299,0,'en','plugins/ecommerce/ecommerce','setting.available_countries','Available countries','2021-10-24 19:47:01','2021-10-24 19:47:31'),(2300,0,'en','plugins/ecommerce/ecommerce','setting.all','All','2021-10-24 19:47:01','2021-10-24 19:47:31'),(2301,0,'en','plugins/ecommerce/ecommerce','setting.verify_customer_email','Verify customer\'s email?','2021-10-24 19:47:01','2021-10-24 19:47:31'),(2302,0,'en','plugins/ecommerce/ecommerce','setting.minimum_order_amount','Minimum order amount to place an order (:currency).','2021-10-24 19:47:01','2021-10-24 19:47:31'),(2303,0,'en','plugins/ecommerce/ecommerce','setting.enable_guest_checkout','Enable guest checkout?','2021-10-24 19:47:01','2021-10-24 19:47:31'),(2304,0,'en','plugins/ecommerce/ecommerce','setting.payment_method_cod_minimum_amount','Minimum order amount - :currency (Optional)','2021-10-24 19:47:01','2021-10-24 19:47:31'),(2305,0,'en','plugins/ecommerce/ecommerce','setting.review.max_file_size','Review max file size (MB)','2021-10-24 19:47:01','2021-10-24 19:47:31'),(2306,0,'en','plugins/ecommerce/ecommerce','setting.review.max_file_number','Review max file number','2021-10-24 19:47:01','2021-10-24 19:47:31'),(2307,0,'en','plugins/ecommerce/ecommerce','setting.using_custom_font_for_invoice','Using custom font for invoice?','2021-10-24 19:47:01','2021-10-24 19:47:31'),(2308,0,'en','plugins/ecommerce/ecommerce','setting.invoice_font_family','Invoice font family (Only work for Latin language)','2021-10-24 19:47:01','2021-10-24 19:47:31'),(2309,0,'en','plugins/ecommerce/ecommerce','setting.enable_invoice_stamp','Enable invoice stamp','2021-10-24 19:47:01','2021-10-24 19:47:31'),(2310,0,'en','plugins/ecommerce/ecommerce','setting.make_phone_field_at_the_checkout_optional','Make phone field at the checkout optional.','2021-10-24 19:47:01','2021-10-24 19:47:31'),(2311,0,'en','plugins/ecommerce/ecommerce','store_address','Store address','2021-10-24 19:47:01','2021-10-24 19:47:31'),(2312,0,'en','plugins/ecommerce/ecommerce','store_phone','Store phone','2021-10-24 19:47:01','2021-10-24 19:47:31'),(2313,0,'en','plugins/ecommerce/ecommerce','order_id','Order ID','2021-10-24 19:47:01','2021-10-24 19:47:31'),(2314,0,'en','plugins/ecommerce/ecommerce','order_token','Order token','2021-10-24 19:47:01','2021-10-24 19:47:31'),(2315,0,'en','plugins/ecommerce/ecommerce','customer_name','Customer name','2021-10-24 19:47:01','2021-10-24 19:47:31'),(2316,0,'en','plugins/ecommerce/ecommerce','customer_email','Customer email','2021-10-24 19:47:01','2021-10-24 19:47:31'),(2317,0,'en','plugins/ecommerce/ecommerce','customer_phone','Customer phone','2021-10-24 19:47:01','2021-10-24 19:47:31'),(2318,0,'en','plugins/ecommerce/ecommerce','customer_address','Customer address','2021-10-24 19:47:01','2021-10-24 19:47:31'),(2319,0,'en','plugins/ecommerce/ecommerce','product_list','List products in order','2021-10-24 19:47:01','2021-10-24 19:47:31'),(2320,0,'en','plugins/ecommerce/ecommerce','payment_detail','Payment detail','2021-10-24 19:47:01','2021-10-24 19:47:31'),(2321,0,'en','plugins/ecommerce/ecommerce','shipping_method','Shipping method','2021-10-24 19:47:01','2021-10-24 19:47:31'),(2322,0,'en','plugins/ecommerce/ecommerce','payment_method','Payment method','2021-10-24 19:47:01','2021-10-24 19:47:31'),(2323,0,'en','plugins/ecommerce/ecommerce','standard_and_format','Standard & Format','2021-10-24 19:47:01','2021-10-24 19:47:31'),(2324,0,'en','plugins/ecommerce/ecommerce','standard_and_format_description','Standards and formats are used to calculate things like product prices, shipping weights, and order times.','2021-10-24 19:47:01','2021-10-24 19:47:31'),(2325,0,'en','plugins/ecommerce/ecommerce','change_order_format','Edit order code format (optional)','2021-10-24 19:47:01','2021-10-24 19:47:31'),(2326,0,'en','plugins/ecommerce/ecommerce','change_order_format_description','The default order code starts at: number. You can change the start or end string to create the order code you want, for example \"DH-: number\" or \": number-A\"','2021-10-24 19:47:01','2021-10-24 19:47:31'),(2327,0,'en','plugins/ecommerce/ecommerce','start_with','Start with','2021-10-24 19:47:01','2021-10-24 19:47:31'),(2328,0,'en','plugins/ecommerce/ecommerce','end_with','End with','2021-10-24 19:47:01','2021-10-24 19:47:31'),(2329,0,'en','plugins/ecommerce/ecommerce','order_will_be_shown','Your order code will be shown','2021-10-24 19:47:01','2021-10-24 19:47:31'),(2330,0,'en','plugins/ecommerce/ecommerce','weight_unit','Unit of weight','2021-10-24 19:47:01','2021-10-24 19:47:31'),(2331,0,'en','plugins/ecommerce/ecommerce','height_unit','Unit length / height','2021-10-24 19:47:01','2021-10-24 19:47:31'),(2332,0,'en','plugins/ecommerce/ecommerce','theme_options.name','Ecommerce','2021-10-24 19:47:01','2021-10-24 19:47:31'),(2333,0,'en','plugins/ecommerce/ecommerce','theme_options.description','Theme options for Ecommerce','2021-10-24 19:47:01','2021-10-24 19:47:31'),(2334,0,'en','plugins/ecommerce/ecommerce','theme_options.number_products_per_page','Number of products per page','2021-10-24 19:47:01','2021-10-24 19:47:31'),(2335,0,'en','plugins/ecommerce/ecommerce','theme_options.number_of_cross_sale_product','Number of cross sale products in product detail page','2021-10-24 19:47:01','2021-10-24 19:47:31'),(2336,0,'en','plugins/ecommerce/ecommerce','theme_options.max_price_filter','Maximum price to filter','2021-10-24 19:47:01','2021-10-24 19:47:31'),(2337,0,'en','plugins/ecommerce/ecommerce','theme_options.logo_in_the_checkout_page','Logo in the checkout page (Default is the main logo)','2021-10-24 19:47:01','2021-10-24 19:47:31'),(2338,0,'en','plugins/ecommerce/ecommerce','theme_options.logo_in_invoices','Logo in invoices (Default is the main logo)','2021-10-24 19:47:01','2021-10-24 19:47:31'),(2339,0,'en','plugins/ecommerce/email','customer_new_order_title','Order confirmation','2021-10-24 19:47:01','2021-10-24 19:47:31'),(2340,0,'en','plugins/ecommerce/email','customer_new_order_description','Send email confirmation to customer when an order placed','2021-10-24 19:47:01','2021-10-24 19:47:31'),(2341,0,'en','plugins/ecommerce/email','order_cancellation_title','Order cancellation','2021-10-24 19:47:01','2021-10-24 19:47:31'),(2342,0,'en','plugins/ecommerce/email','order_cancellation_description','Send to custom when they cancelled order','2021-10-24 19:47:01','2021-10-24 19:47:31'),(2343,0,'en','plugins/ecommerce/email','delivery_confirmation_title','Delivering confirmation','2021-10-24 19:47:01','2021-10-24 19:47:31'),(2344,0,'en','plugins/ecommerce/email','delivery_confirmation_description','Send to customer when order is delivering','2021-10-24 19:47:01','2021-10-24 19:47:31'),(2345,0,'en','plugins/ecommerce/email','admin_new_order_title','Notice about new order','2021-10-24 19:47:01','2021-10-24 19:47:31'),(2346,0,'en','plugins/ecommerce/email','admin_new_order_description','Send to administrators when an order placed','2021-10-24 19:47:01','2021-10-24 19:47:31'),(2347,0,'en','plugins/ecommerce/email','order_confirmation_title','Order confirmation','2021-10-24 19:47:01','2021-10-24 19:47:31'),(2348,0,'en','plugins/ecommerce/email','order_confirmation_description','Send to customer when they order was confirmed by admins','2021-10-24 19:47:01','2021-10-24 19:47:31'),(2349,0,'en','plugins/ecommerce/email','payment_confirmation_title','Payment confirmation','2021-10-24 19:47:01','2021-10-24 19:47:31'),(2350,0,'en','plugins/ecommerce/email','payment_confirmation_description','Send to customer when their payment was confirmed','2021-10-24 19:47:01','2021-10-24 19:47:31'),(2351,0,'en','plugins/ecommerce/email','order_recover_title','Incomplete order','2021-10-24 19:47:01','2021-10-24 19:47:31'),(2352,0,'en','plugins/ecommerce/email','order_recover_description','Send to custom to remind them about incomplete orders','2021-10-24 19:47:01','2021-10-24 19:47:31'),(2353,0,'en','plugins/ecommerce/email','view_order','View order','2021-10-24 19:47:01','2021-10-24 19:47:31'),(2354,0,'en','plugins/ecommerce/email','link_go_to_our_shop','or <a href=\":link\">Go to our shop</a>','2021-10-24 19:47:01','2021-10-24 19:47:31'),(2355,0,'en','plugins/ecommerce/email','order_number','Order number: <strong>:order_id</strong>','2021-10-24 19:47:01','2021-10-24 19:47:31'),(2356,0,'en','plugins/ecommerce/email','order_information','Order information:','2021-10-24 19:47:01','2021-10-24 19:47:31'),(2357,0,'en','plugins/ecommerce/flash-sale','name','Flash sales','2021-10-24 19:47:01','2021-10-24 19:47:31'),(2358,0,'en','plugins/ecommerce/flash-sale','create','New flash sale','2021-10-24 19:47:01','2021-10-24 19:47:31'),(2359,0,'en','plugins/ecommerce/flash-sale','edit','Edit flash sale','2021-10-24 19:47:01','2021-10-24 19:47:31'),(2360,0,'en','plugins/ecommerce/flash-sale','products','Products','2021-10-24 19:47:01','2021-10-24 19:47:31'),(2361,0,'en','plugins/ecommerce/order','statuses.pending','Pending','2021-10-24 19:47:01','2021-10-24 19:47:31'),(2362,0,'en','plugins/ecommerce/order','statuses.processing','Processing','2021-10-24 19:47:01','2021-10-24 19:47:31'),(2363,0,'en','plugins/ecommerce/order','statuses.delivering','Delivering','2021-10-24 19:47:01','2021-10-24 19:47:31'),(2364,0,'en','plugins/ecommerce/order','statuses.delivered','Delivered','2021-10-24 19:47:01','2021-10-24 19:47:31'),(2365,0,'en','plugins/ecommerce/order','statuses.completed','Completed','2021-10-24 19:47:01','2021-10-24 19:47:31'),(2366,0,'en','plugins/ecommerce/order','statuses.canceled','Canceled','2021-10-24 19:47:01','2021-10-24 19:47:31'),(2367,0,'en','plugins/ecommerce/order','menu','Orders','2021-10-24 19:47:01','2021-10-24 19:47:31'),(2368,0,'en','plugins/ecommerce/order','create','Create an order','2021-10-24 19:47:01','2021-10-24 19:47:31'),(2369,0,'en','plugins/ecommerce/order','cancel_error','The order is delivering or completed','2021-10-24 19:47:01','2021-10-24 19:47:31'),(2370,0,'en','plugins/ecommerce/order','cancel_success','You do cancel the order successful','2021-10-24 19:47:01','2021-10-24 19:47:31'),(2371,0,'en','plugins/ecommerce/order','incomplete_order','Incomplete orders','2021-10-24 19:47:01','2021-10-24 19:47:31'),(2372,0,'en','plugins/ecommerce/order','order_id','Order ID','2021-10-24 19:47:01','2021-10-24 19:47:31'),(2373,0,'en','plugins/ecommerce/order','product_id','Product ID','2021-10-24 19:47:01','2021-10-24 19:47:31'),(2374,0,'en','plugins/ecommerce/order','customer_label','Customer','2021-10-24 19:47:01','2021-10-24 19:47:31'),(2375,0,'en','plugins/ecommerce/order','tax_amount','Tax Amount','2021-10-24 19:47:01','2021-10-24 19:47:31'),(2376,0,'en','plugins/ecommerce/order','shipping_amount','Shipping amount','2021-10-24 19:47:01','2021-10-24 19:47:31'),(2377,0,'en','plugins/ecommerce/order','payment_method','Payment method','2021-10-24 19:47:01','2021-10-24 19:47:31'),(2378,0,'en','plugins/ecommerce/order','payment_status_label','Payment status','2021-10-24 19:47:01','2021-10-24 19:47:31'),(2379,0,'en','plugins/ecommerce/order','manage_orders','Manage orders','2021-10-24 19:47:01','2021-10-24 19:47:31'),(2380,0,'en','plugins/ecommerce/order','order_intro_description','Once your store has orders, this is where you will process and track those orders.','2021-10-24 19:47:01','2021-10-24 19:47:31'),(2381,0,'en','plugins/ecommerce/order','create_new_order','Create a new order','2021-10-24 19:47:01','2021-10-24 19:47:31'),(2382,0,'en','plugins/ecommerce/order','manage_incomplete_orders','Manage incomplete orders','2021-10-24 19:47:01','2021-10-24 19:47:31'),(2383,0,'en','plugins/ecommerce/order','incomplete_orders_intro_description','Incomplete order is an order created when a customer adds a product to the cart, proceeds to fill out the purchase information but does not complete the checkout process.','2021-10-24 19:47:01','2021-10-24 19:47:31'),(2384,0,'en','plugins/ecommerce/order','invoice_for_order','Invoice for order','2021-10-24 19:47:01','2021-10-24 19:47:31'),(2385,0,'en','plugins/ecommerce/order','created','Created','2021-10-24 19:47:01','2021-10-24 19:47:31'),(2386,0,'en','plugins/ecommerce/order','invoice','Invoice','2021-10-24 19:47:01','2021-10-24 19:47:31'),(2387,0,'en','plugins/ecommerce/order','return','Return','2021-10-24 19:47:01','2021-10-24 19:47:31'),(2388,0,'en','plugins/ecommerce/order','total_refund_amount','Total refund amount','2021-10-24 19:47:01','2021-10-24 19:47:31'),(2389,0,'en','plugins/ecommerce/order','total_amount_can_be_refunded','Total amount can be refunded','2021-10-24 19:47:01','2021-10-24 19:47:31'),(2390,0,'en','plugins/ecommerce/order','refund_reason','Refund reason (optional)','2021-10-24 19:47:01','2021-10-24 19:47:31'),(2391,0,'en','plugins/ecommerce/order','products','product(s)','2021-10-24 19:47:01','2021-10-24 19:47:31'),(2392,0,'en','plugins/ecommerce/order','default','Default','2021-10-24 19:47:01','2021-10-24 19:47:31'),(2393,0,'en','plugins/ecommerce/order','system','System','2021-10-24 19:47:01','2021-10-24 19:47:31'),(2394,0,'en','plugins/ecommerce/order','new_order_from','New order :order_id from :customer','2021-10-24 19:47:01','2021-10-24 19:47:31'),(2395,0,'en','plugins/ecommerce/order','confirmation_email_was_sent_to_customer','The email confirmation was sent to customer','2021-10-24 19:47:01','2021-10-24 19:47:31'),(2396,0,'en','plugins/ecommerce/order','address_name_required','The name field is required.','2021-10-24 19:47:01','2021-10-24 19:47:31'),(2397,0,'en','plugins/ecommerce/order','address_phone_required','The phone field is required.','2021-10-24 19:47:01','2021-10-24 19:47:31'),(2398,0,'en','plugins/ecommerce/order','address_email_required','The email field is required.','2021-10-24 19:47:01','2021-10-24 19:47:31'),(2399,0,'en','plugins/ecommerce/order','address_email_unique','The customer with that email is existed, please choose other email or login with this email!','2021-10-24 19:47:01','2021-10-24 19:47:31'),(2400,0,'en','plugins/ecommerce/order','address_state_required','The state field is required.','2021-10-24 19:47:01','2021-10-24 19:47:31'),(2401,0,'en','plugins/ecommerce/order','address_city_required','The city field is required.','2021-10-24 19:47:01','2021-10-24 19:47:31'),(2402,0,'en','plugins/ecommerce/order','address_country_required','The country field is required.','2021-10-24 19:47:01','2021-10-24 19:47:31'),(2403,0,'en','plugins/ecommerce/order','address_address_required','The address field is required.','2021-10-24 19:47:01','2021-10-24 19:47:31'),(2404,0,'en','plugins/ecommerce/order','create_order_from_payment_page','Order was created from checkout page','2021-10-24 19:47:01','2021-10-24 19:47:31'),(2405,0,'en','plugins/ecommerce/order','order_was_verified_by','Order was verified by %user_name%','2021-10-24 19:47:01','2021-10-24 19:47:31'),(2406,0,'en','plugins/ecommerce/order','new_order','New order :order_id','2021-10-24 19:47:01','2021-10-24 19:47:31'),(2407,0,'en','plugins/ecommerce/order','payment_was_confirmed_by','Payment was confirmed (amount :money) by %user_name%','2021-10-24 19:47:01','2021-10-24 19:47:31'),(2408,0,'en','plugins/ecommerce/order','edit_order','Edit order :code','2021-10-24 19:47:01','2021-10-24 19:47:31'),(2409,0,'en','plugins/ecommerce/order','confirm_order_success','Confirm order successfully!','2021-10-24 19:47:01','2021-10-24 19:47:31'),(2410,0,'en','plugins/ecommerce/order','error_when_sending_email','There is an error when sending email','2021-10-24 19:47:02','2021-10-24 19:47:31'),(2411,0,'en','plugins/ecommerce/order','sent_confirmation_email_success','Sent confirmation email successfully!','2021-10-24 19:47:02','2021-10-24 19:47:31'),(2412,0,'en','plugins/ecommerce/order','order_was_sent_to_shipping_team','Order was sent to shipping team','2021-10-24 19:47:02','2021-10-24 19:47:31'),(2413,0,'en','plugins/ecommerce/order','by_username','by %user_name%','2021-10-24 19:47:02','2021-10-24 19:47:31'),(2414,0,'en','plugins/ecommerce/order','shipping_was_created_from','Shipping was created from order %order_id%','2021-10-24 19:47:02','2021-10-24 19:47:31'),(2415,0,'en','plugins/ecommerce/order','shipping_was_canceled_success','Shipping was cancelled successfully!','2021-10-24 19:47:02','2021-10-24 19:47:31'),(2416,0,'en','plugins/ecommerce/order','shipping_was_canceled_by','Shipping was cancelled by %user_name%','2021-10-24 19:47:02','2021-10-24 19:47:31'),(2417,0,'en','plugins/ecommerce/order','update_shipping_address_success','Update shipping address successfully!','2021-10-24 19:47:02','2021-10-24 19:47:31'),(2418,0,'en','plugins/ecommerce/order','order_was_canceled_by','Order was cancelled by %user_name%','2021-10-24 19:47:02','2021-10-24 19:47:31'),(2419,0,'en','plugins/ecommerce/order','confirm_payment_success','Confirm payment successfully!','2021-10-24 19:47:02','2021-10-24 19:47:31'),(2420,0,'en','plugins/ecommerce/order','refund_amount_invalid','Refund amount must be lower or equal :price','2021-10-24 19:47:02','2021-10-24 19:47:31'),(2421,0,'en','plugins/ecommerce/order','number_of_products_invalid','Number of products refund is not valid!','2021-10-24 19:47:02','2021-10-24 19:47:31'),(2422,0,'en','plugins/ecommerce/order','cannot_found_payment_for_this_order','Cannot found payment for this order!','2021-10-24 19:47:02','2021-10-24 19:47:31'),(2423,0,'en','plugins/ecommerce/order','refund_success_with_price','Refund success :price','2021-10-24 19:47:02','2021-10-24 19:47:31'),(2424,0,'en','plugins/ecommerce/order','refund_success','Refund successfully!','2021-10-24 19:47:02','2021-10-24 19:47:31'),(2425,0,'en','plugins/ecommerce/order','order_is_not_existed','Order is not existed!','2021-10-24 19:47:02','2021-10-24 19:47:31'),(2426,0,'en','plugins/ecommerce/order','reorder','Reorder','2021-10-24 19:47:02','2021-10-24 19:47:31'),(2427,0,'en','plugins/ecommerce/order','sent_email_incomplete_order_success','Sent email to remind about incomplete order successfully!','2021-10-24 19:47:02','2021-10-24 19:47:31'),(2428,0,'en','plugins/ecommerce/order','applied_coupon_success','Applied coupon \":code\" successfully!','2021-10-24 19:47:02','2021-10-24 19:47:31'),(2429,0,'en','plugins/ecommerce/order','new_order_notice','You have <span class=\"bold\">:count</span> New Order(s)','2021-10-24 19:47:02','2021-10-24 19:47:31'),(2430,0,'en','plugins/ecommerce/order','view_all','View all','2021-10-24 19:47:02','2021-10-24 19:47:31'),(2431,0,'en','plugins/ecommerce/order','cancel_order','Cancel order','2021-10-24 19:47:02','2021-10-24 19:47:31'),(2432,0,'en','plugins/ecommerce/order','order_canceled','Order canceled','2021-10-24 19:47:02','2021-10-24 19:47:31'),(2433,0,'en','plugins/ecommerce/order','order_was_canceled_at','Order was canceled at','2021-10-24 19:47:02','2021-10-24 19:47:31'),(2434,0,'en','plugins/ecommerce/order','completed','Completed','2021-10-24 19:47:02','2021-10-24 19:47:31'),(2435,0,'en','plugins/ecommerce/order','uncompleted','Uncompleted','2021-10-24 19:47:02','2021-10-24 19:47:31'),(2436,0,'en','plugins/ecommerce/order','sku','SKU','2021-10-24 19:47:02','2021-10-24 19:47:31'),(2437,0,'en','plugins/ecommerce/order','warehouse','Warehouse','2021-10-24 19:47:02','2021-10-24 19:47:31'),(2438,0,'en','plugins/ecommerce/order','sub_amount','Sub amount','2021-10-24 19:47:02','2021-10-24 19:47:31'),(2439,0,'en','plugins/ecommerce/order','coupon_code','Coupon code: \":code\"','2021-10-24 19:47:02','2021-10-24 19:47:31'),(2440,0,'en','plugins/ecommerce/order','shipping_fee','Shipping fee','2021-10-24 19:47:02','2021-10-24 19:47:31'),(2441,0,'en','plugins/ecommerce/order','tax','Tax','2021-10-24 19:47:02','2021-10-24 19:47:31'),(2442,0,'en','plugins/ecommerce/order','refunded_amount','Refunded amount','2021-10-24 19:47:02','2021-10-24 19:47:31'),(2443,0,'en','plugins/ecommerce/order','amount_received','The amount actually received','2021-10-24 19:47:02','2021-10-24 19:47:31'),(2444,0,'en','plugins/ecommerce/order','download_invoice','Download invoice','2021-10-24 19:47:02','2021-10-24 19:47:31'),(2445,0,'en','plugins/ecommerce/order','add_note','Add note...','2021-10-24 19:47:02','2021-10-24 19:47:31'),(2446,0,'en','plugins/ecommerce/order','order_was_confirmed','Order was confirmed','2021-10-24 19:47:02','2021-10-24 19:47:31'),(2447,0,'en','plugins/ecommerce/order','confirm_order','Confirm order','2021-10-24 19:47:02','2021-10-24 19:47:31'),(2448,0,'en','plugins/ecommerce/order','confirm','Confirm','2021-10-24 19:47:02','2021-10-24 19:47:31'),(2449,0,'en','plugins/ecommerce/order','order_was_canceled','Order was canceled','2021-10-24 19:47:02','2021-10-24 19:47:31'),(2450,0,'en','plugins/ecommerce/order','pending_payment','Pending payment','2021-10-24 19:47:02','2021-10-24 19:47:31'),(2451,0,'en','plugins/ecommerce/order','payment_was_accepted','Payment :money was accepted','2021-10-24 19:47:02','2021-10-24 19:47:31'),(2452,0,'en','plugins/ecommerce/order','payment_was_refunded','Payment was refunded','2021-10-24 19:47:02','2021-10-24 19:47:31'),(2453,0,'en','plugins/ecommerce/order','confirm_payment','Confirm payment','2021-10-24 19:47:02','2021-10-24 19:47:31'),(2454,0,'en','plugins/ecommerce/order','refund','Refund','2021-10-24 19:47:02','2021-10-24 19:47:31'),(2455,0,'en','plugins/ecommerce/order','all_products_are_not_delivered','All products are not delivered','2021-10-24 19:47:02','2021-10-24 19:47:31'),(2456,0,'en','plugins/ecommerce/order','delivery','Delivery','2021-10-24 19:47:02','2021-10-24 19:47:31'),(2457,0,'en','plugins/ecommerce/order','history','History','2021-10-24 19:47:02','2021-10-24 19:47:31'),(2458,0,'en','plugins/ecommerce/order','order_number','Order number','2021-10-24 19:47:02','2021-10-24 19:47:31'),(2459,0,'en','plugins/ecommerce/order','from','from','2021-10-24 19:47:02','2021-10-24 19:47:31'),(2460,0,'en','plugins/ecommerce/order','status','Status','2021-10-24 19:47:02','2021-10-24 19:47:31'),(2461,0,'en','plugins/ecommerce/order','successfully','Successfully','2021-10-24 19:47:02','2021-10-24 19:47:31'),(2462,0,'en','plugins/ecommerce/order','transaction_type','Transaction\'s type','2021-10-24 19:47:02','2021-10-24 19:47:31'),(2463,0,'en','plugins/ecommerce/order','staff','Staff','2021-10-24 19:47:02','2021-10-24 19:47:31'),(2464,0,'en','plugins/ecommerce/order','refund_date','Refund date','2021-10-24 19:47:02','2021-10-24 19:47:31'),(2465,0,'en','plugins/ecommerce/order','n_a','N\\A','2021-10-24 19:47:02','2021-10-24 19:47:31'),(2466,0,'en','plugins/ecommerce/order','payment_date','Payment date','2021-10-24 19:47:02','2021-10-24 19:47:31'),(2467,0,'en','plugins/ecommerce/order','payment_gateway','Payment gateway','2021-10-24 19:47:02','2021-10-24 19:47:31'),(2468,0,'en','plugins/ecommerce/order','transaction_amount','Transaction amount','2021-10-24 19:47:02','2021-10-24 19:47:31'),(2469,0,'en','plugins/ecommerce/order','resend','Resend','2021-10-24 19:47:02','2021-10-24 19:47:31'),(2470,0,'en','plugins/ecommerce/order','default_store','Default store','2021-10-24 19:47:02','2021-10-24 19:47:31'),(2471,0,'en','plugins/ecommerce/order','update_address','Update address','2021-10-24 19:47:02','2021-10-24 19:47:31'),(2472,0,'en','plugins/ecommerce/order','have_an_account_already','Have an account already','2021-10-24 19:47:02','2021-10-24 19:47:31'),(2473,0,'en','plugins/ecommerce/order','dont_have_an_account_yet','Don\'t have an account yet','2021-10-24 19:47:02','2021-10-24 19:47:31'),(2474,0,'en','plugins/ecommerce/order','mark_payment_as_confirmed','Mark <span>:method</span> as confirmed','2021-10-24 19:47:02','2021-10-24 19:47:31'),(2475,0,'en','plugins/ecommerce/order','resend_order_confirmation','Resend order confirmation','2021-10-24 19:47:02','2021-10-24 19:47:31'),(2476,0,'en','plugins/ecommerce/order','resend_order_confirmation_description','Confirmation email will be sent to <strong>:email</strong>?','2021-10-24 19:47:02','2021-10-24 19:47:31'),(2477,0,'en','plugins/ecommerce/order','send','Send','2021-10-24 19:47:02','2021-10-24 19:47:31'),(2478,0,'en','plugins/ecommerce/order','update','Update','2021-10-24 19:47:02','2021-10-24 19:47:31'),(2479,0,'en','plugins/ecommerce/order','cancel_shipping_confirmation','Cancel shipping confirmation?','2021-10-24 19:47:02','2021-10-24 19:47:31'),(2480,0,'en','plugins/ecommerce/order','cancel_shipping_confirmation_description','Cancel shipping confirmation?','2021-10-24 19:47:02','2021-10-24 19:47:31'),(2481,0,'en','plugins/ecommerce/order','cancel_order_confirmation','Cancel order confirmation?','2021-10-24 19:47:02','2021-10-24 19:47:31'),(2482,0,'en','plugins/ecommerce/order','cancel_order_confirmation_description','Are you sure you want to cancel this order? This action cannot rollback','2021-10-24 19:47:02','2021-10-24 19:47:31'),(2483,0,'en','plugins/ecommerce/order','confirm_payment_confirmation_description','Processed by <strong>:method</strong>. Did you receive payment outside the system? This payment won\'t be saved into system and cannot be refunded','2021-10-24 19:47:02','2021-10-24 19:47:31'),(2484,0,'en','plugins/ecommerce/order','save_note','Save note','2021-10-24 19:47:02','2021-10-24 19:47:31'),(2485,0,'en','plugins/ecommerce/order','order_note','Order note','2021-10-24 19:47:02','2021-10-24 19:47:31'),(2486,0,'en','plugins/ecommerce/order','order_note_placeholder','Note about order, ex: time or shipping instruction.','2021-10-24 19:47:02','2021-10-24 19:47:31'),(2487,0,'en','plugins/ecommerce/order','order_amount','Order amount','2021-10-24 19:47:02','2021-10-24 19:47:31'),(2488,0,'en','plugins/ecommerce/order','additional_information','Additional information','2021-10-24 19:47:02','2021-10-24 19:47:31'),(2489,0,'en','plugins/ecommerce/order','notice_about_incomplete_order','Notice about incomplete order','2021-10-24 19:47:02','2021-10-24 19:47:31'),(2490,0,'en','plugins/ecommerce/order','notice_about_incomplete_order_description','Remind email about uncompleted order will be send to <strong>:email</strong>?','2021-10-24 19:47:02','2021-10-24 19:47:31'),(2491,0,'en','plugins/ecommerce/order','incomplete_order_description_1','An incomplete order is when a potential customer places items in their shopping cart, and goes all the way through to the payment page, but then doesn\'t complete the transaction.','2021-10-24 19:47:02','2021-10-24 19:47:31'),(2492,0,'en','plugins/ecommerce/order','incomplete_order_description_2','If you have contacted customers and they want to continue buying, you can help them complete their order by following the link:','2021-10-24 19:47:02','2021-10-24 19:47:31'),(2493,0,'en','plugins/ecommerce/order','send_an_email_to_recover_this_order','Send an email to customer to recover this order','2021-10-24 19:47:02','2021-10-24 19:47:31'),(2494,0,'en','plugins/ecommerce/order','see_maps','See maps','2021-10-24 19:47:02','2021-10-24 19:47:31'),(2495,0,'en','plugins/ecommerce/order','one_or_more_products_dont_have_enough_quantity','One or more products don\'t have enough quantity!','2021-10-24 19:47:02','2021-10-24 19:47:31'),(2496,0,'en','plugins/ecommerce/order','cannot_send_order_recover_to_mail','The email could not be found so it can\'t send a recovery email to the customer.','2021-10-24 19:47:02','2021-10-24 19:47:31'),(2497,0,'en','plugins/ecommerce/order','payment_info','Payment Info','2021-10-24 19:47:02','2021-10-24 19:47:31'),(2498,0,'en','plugins/ecommerce/order','payment_method_refund_automatic','Your customer will be refunded using :method automatically.','2021-10-24 19:47:02','2021-10-24 19:47:31'),(2499,0,'en','plugins/ecommerce/order','order','Order','2021-10-24 19:47:02','2021-10-24 19:47:31'),(2500,0,'en','plugins/ecommerce/order','order_information','Order information','2021-10-24 19:47:02','2021-10-24 19:47:31'),(2501,0,'en','plugins/ecommerce/order','create_a_new_product','Create a new product','2021-10-24 19:47:02','2021-10-24 19:47:31'),(2502,0,'en','plugins/ecommerce/order','out_of_stock','Out of stock','2021-10-24 19:47:02','2021-10-24 19:47:31'),(2503,0,'en','plugins/ecommerce/order','products_available','product(s) available','2021-10-24 19:47:02','2021-10-24 19:47:31'),(2504,0,'en','plugins/ecommerce/order','no_products_found','No products found!','2021-10-24 19:47:02','2021-10-24 19:47:31'),(2505,0,'en','plugins/ecommerce/order','note','Note','2021-10-24 19:47:02','2021-10-24 19:47:31'),(2506,0,'en','plugins/ecommerce/order','note_for_order','Note for order...','2021-10-24 19:47:02','2021-10-24 19:47:31'),(2507,0,'en','plugins/ecommerce/order','amount','Amount','2021-10-24 19:47:02','2021-10-24 19:47:31'),(2508,0,'en','plugins/ecommerce/order','add_discount','Add discount','2021-10-24 19:47:02','2021-10-24 19:47:31'),(2509,0,'en','plugins/ecommerce/order','discount','Discount','2021-10-24 19:47:02','2021-10-24 19:47:31'),(2510,0,'en','plugins/ecommerce/order','add_shipping_fee','Add shipping fee','2021-10-24 19:47:02','2021-10-24 19:47:31'),(2511,0,'en','plugins/ecommerce/order','shipping','Shipping','2021-10-24 19:47:02','2021-10-24 19:47:31'),(2512,0,'en','plugins/ecommerce/order','total_amount','Total amount','2021-10-24 19:47:02','2021-10-24 19:47:31'),(2513,0,'en','plugins/ecommerce/order','confirm_payment_and_create_order','Confirm payment and create order','2021-10-24 19:47:02','2021-10-24 19:47:31'),(2514,0,'en','plugins/ecommerce/order','paid','Paid','2021-10-24 19:47:02','2021-10-24 19:47:31'),(2515,0,'en','plugins/ecommerce/order','pay_later','Pay later','2021-10-24 19:47:02','2021-10-24 19:47:31'),(2516,0,'en','plugins/ecommerce/order','customer_information','Customer information','2021-10-24 19:47:02','2021-10-24 19:47:31'),(2517,0,'en','plugins/ecommerce/order','create_new_customer','Create new customer','2021-10-24 19:47:02','2021-10-24 19:47:31'),(2518,0,'en','plugins/ecommerce/order','no_customer_found','No customer found!','2021-10-24 19:47:02','2021-10-24 19:47:31'),(2519,0,'en','plugins/ecommerce/order','customer','Customer','2021-10-24 19:47:02','2021-10-24 19:47:31'),(2520,0,'en','plugins/ecommerce/order','orders','order(s)','2021-10-24 19:47:02','2021-10-24 19:47:31'),(2521,0,'en','plugins/ecommerce/order','shipping_address','Shipping Address','2021-10-24 19:47:02','2021-10-24 19:47:31'),(2522,0,'en','plugins/ecommerce/order','see_on_maps','See on maps','2021-10-24 19:47:02','2021-10-24 19:47:31'),(2523,0,'en','plugins/ecommerce/order','name','Name','2021-10-24 19:47:02','2021-10-24 19:47:31'),(2524,0,'en','plugins/ecommerce/order','price','Price','2021-10-24 19:47:02','2021-10-24 19:47:31'),(2525,0,'en','plugins/ecommerce/order','sku_optional','SKU (optional)','2021-10-24 19:47:02','2021-10-24 19:47:31'),(2526,0,'en','plugins/ecommerce/order','with_storehouse_management','With storehouse management?','2021-10-24 19:47:02','2021-10-24 19:47:31'),(2527,0,'en','plugins/ecommerce/order','quantity','Quantity','2021-10-24 19:47:02','2021-10-24 19:47:31'),(2528,0,'en','plugins/ecommerce/order','allow_customer_checkout_when_this_product_out_of_stock','Allow customer checkout when this product out of stock?','2021-10-24 19:47:02','2021-10-24 19:47:31'),(2529,0,'en','plugins/ecommerce/order','address','Address','2021-10-24 19:47:02','2021-10-24 19:47:31'),(2530,0,'en','plugins/ecommerce/order','phone','Phone','2021-10-24 19:47:02','2021-10-24 19:47:31'),(2531,0,'en','plugins/ecommerce/order','country','Country','2021-10-24 19:47:02','2021-10-24 19:47:31'),(2532,0,'en','plugins/ecommerce/order','state','State','2021-10-24 19:47:02','2021-10-24 19:47:31'),(2533,0,'en','plugins/ecommerce/order','city','City','2021-10-24 19:47:02','2021-10-24 19:47:31'),(2534,0,'en','plugins/ecommerce/order','zip_code','Zip code','2021-10-24 19:47:02','2021-10-24 19:47:31'),(2535,0,'en','plugins/ecommerce/order','discount_based_on','Discount based on','2021-10-24 19:47:02','2021-10-24 19:47:31'),(2536,0,'en','plugins/ecommerce/order','or_coupon_code','Or coupon code','2021-10-24 19:47:02','2021-10-24 19:47:31'),(2537,0,'en','plugins/ecommerce/order','description','Description','2021-10-24 19:47:02','2021-10-24 19:47:31'),(2538,0,'en','plugins/ecommerce/order','how_to_select_configured_shipping','How to select configured shipping?','2021-10-24 19:47:02','2021-10-24 19:47:31'),(2539,0,'en','plugins/ecommerce/order','please_add_customer_information_with_the_complete_shipping_address_to_see_the_configured_shipping_rates','Please add customer information with the complete shipping address to see the configured shipping rates','2021-10-24 19:47:02','2021-10-24 19:47:31'),(2540,0,'en','plugins/ecommerce/order','free_shipping','Free shipping','2021-10-24 19:47:02','2021-10-24 19:47:31'),(2541,0,'en','plugins/ecommerce/order','custom','Custom','2021-10-24 19:47:02','2021-10-24 19:47:31'),(2542,0,'en','plugins/ecommerce/order','email','Email','2021-10-24 19:47:02','2021-10-24 19:47:31'),(2543,0,'en','plugins/ecommerce/order','create_order','Create order','2021-10-24 19:47:02','2021-10-24 19:47:31'),(2544,0,'en','plugins/ecommerce/order','close','Close','2021-10-24 19:47:02','2021-10-24 19:47:31'),(2545,0,'en','plugins/ecommerce/order','confirm_payment_is_paid_for_this_order','Confirm payment is paid for this order','2021-10-24 19:47:02','2021-10-24 19:47:31'),(2546,0,'en','plugins/ecommerce/order','payment_status_of_the_order_is_paid_once_the_order_has_been_created_you_cannot_change_the_payment_method_or_status','Payment status of the order is Paid. Once the order has been created, you cannot change the payment method or status','2021-10-24 19:47:02','2021-10-24 19:47:31'),(2547,0,'en','plugins/ecommerce/order','select_payment_method','Select payment method','2021-10-24 19:47:02','2021-10-24 19:47:31'),(2548,0,'en','plugins/ecommerce/order','cash_on_delivery_cod','Cash on delivery (COD)','2021-10-24 19:47:02','2021-10-24 19:47:31'),(2549,0,'en','plugins/ecommerce/order','bank_transfer','Bank transfer','2021-10-24 19:47:02','2021-10-24 19:47:31'),(2550,0,'en','plugins/ecommerce/order','paid_amount','Paid amount','2021-10-24 19:47:02','2021-10-24 19:47:31'),(2551,0,'en','plugins/ecommerce/order','confirm_that_payment_for_this_order_will_be_paid_later','Confirm that payment for this order will be paid later','2021-10-24 19:47:02','2021-10-24 19:47:31'),(2552,0,'en','plugins/ecommerce/order','payment_status_of_the_order_is_pending_once_the_order_has_been_created_you_cannot_change_the_payment_method_or_status','Payment status of the order is Pending. Once the order has been created, you cannot change the payment method or status','2021-10-24 19:47:02','2021-10-24 19:47:31'),(2553,0,'en','plugins/ecommerce/order','pending_amount','Pending amount','2021-10-24 19:47:02','2021-10-24 19:47:31'),(2554,0,'en','plugins/ecommerce/order','update_email','Update email','2021-10-24 19:47:02','2021-10-24 19:47:31'),(2555,0,'en','plugins/ecommerce/order','save','Save','2021-10-24 19:47:02','2021-10-24 19:47:31'),(2556,0,'en','plugins/ecommerce/order','cancel','Cancel','2021-10-24 19:47:02','2021-10-24 19:47:31'),(2557,0,'en','plugins/ecommerce/order','create_a_new_order','Create a new order','2021-10-24 19:47:02','2021-10-24 19:47:31'),(2558,0,'en','plugins/ecommerce/order','search_or_create_new_product','Search or create a new product','2021-10-24 19:47:02','2021-10-24 19:47:31'),(2559,0,'en','plugins/ecommerce/order','search_or_create_new_customer','Search or create a new customer','2021-10-24 19:47:02','2021-10-24 19:47:31'),(2560,0,'en','plugins/ecommerce/order','discount_description','Discount description','2021-10-24 19:47:02','2021-10-24 19:47:31'),(2561,0,'en','plugins/ecommerce/order','cant_select_out_of_stock_product','Cannot select out of stock product!','2021-10-24 19:47:02','2021-10-24 19:47:31'),(2562,0,'en','plugins/ecommerce/payment','name','Payments','2021-10-24 19:47:02','2021-10-24 19:47:31'),(2563,0,'en','plugins/ecommerce/payment','payment_method','Payment methods','2021-10-24 19:47:02','2021-10-24 19:47:31'),(2564,0,'en','plugins/ecommerce/payment','view_payment','View payment #','2021-10-24 19:47:02','2021-10-24 19:47:31'),(2565,0,'en','plugins/ecommerce/payment','charge_id','Charge ID','2021-10-24 19:47:02','2021-10-24 19:47:31'),(2566,0,'en','plugins/ecommerce/payment','amount','Amount','2021-10-24 19:47:02','2021-10-24 19:47:31'),(2567,0,'en','plugins/ecommerce/payment','currency','Currency','2021-10-24 19:47:02','2021-10-24 19:47:31'),(2568,0,'en','plugins/ecommerce/payment','user','User','2021-10-24 19:47:02','2021-10-24 19:47:31'),(2569,0,'en','plugins/ecommerce/payment','paypal_name_required','PayPal\'s name is required!','2021-10-24 19:47:02','2021-10-24 19:47:31'),(2570,0,'en','plugins/ecommerce/payment','paypal_name_max','PayPal\'s name is too long!','2021-10-24 19:47:02','2021-10-24 19:47:31'),(2571,0,'en','plugins/ecommerce/payment','stripe_name_required','Stripe\'s name is required!','2021-10-24 19:47:02','2021-10-24 19:47:31'),(2572,0,'en','plugins/ecommerce/payment','stripe_name_max','Stripe\'s name is too long!','2021-10-24 19:47:02','2021-10-24 19:47:31'),(2573,0,'en','plugins/ecommerce/payment','status','Status','2021-10-24 19:47:02','2021-10-24 19:47:31'),(2574,0,'en','plugins/ecommerce/payment','enabled','Enabled','2021-10-24 19:47:02','2021-10-24 19:47:31'),(2575,0,'en','plugins/ecommerce/payment','disabled','Disabled','2021-10-24 19:47:02','2021-10-24 19:47:31'),(2576,0,'en','plugins/ecommerce/payment','client_id','Client ID','2021-10-24 19:47:02','2021-10-24 19:47:31'),(2577,0,'en','plugins/ecommerce/payment','client_secret','Client Secret','2021-10-24 19:47:02','2021-10-24 19:47:31'),(2578,0,'en','plugins/ecommerce/payment','mode','Mode','2021-10-24 19:47:02','2021-10-24 19:47:31'),(2579,0,'en','plugins/ecommerce/payment','sandbox','Sandbox','2021-10-24 19:47:02','2021-10-24 19:47:31'),(2580,0,'en','plugins/ecommerce/payment','live','Live','2021-10-24 19:47:02','2021-10-24 19:47:31'),(2581,0,'en','plugins/ecommerce/payment','enable_payment_log','Enable Payment Log','2021-10-24 19:47:02','2021-10-24 19:47:31'),(2582,0,'en','plugins/ecommerce/payment','yes','Yes','2021-10-24 19:47:02','2021-10-24 19:47:31'),(2583,0,'en','plugins/ecommerce/payment','no','No','2021-10-24 19:47:02','2021-10-24 19:47:31'),(2584,0,'en','plugins/ecommerce/payment','client_key','Client Key','2021-10-24 19:47:02','2021-10-24 19:47:31'),(2585,0,'en','plugins/ecommerce/payment','stripe','Stripe','2021-10-24 19:47:02','2021-10-24 19:47:31'),(2586,0,'en','plugins/ecommerce/payment','paypal','PayPal','2021-10-24 19:47:02','2021-10-24 19:47:31'),(2587,0,'en','plugins/ecommerce/payment','action','Action','2021-10-24 19:47:02','2021-10-24 19:47:31'),(2588,0,'en','plugins/ecommerce/payment','go_back','Go back','2021-10-24 19:47:02','2021-10-24 19:47:31'),(2589,0,'en','plugins/ecommerce/payment','view','View','2021-10-24 19:47:02','2021-10-24 19:47:31'),(2590,0,'en','plugins/ecommerce/payment','cash_on_delivery','Cash on delivery (COD)','2021-10-24 19:47:02','2021-10-24 19:47:31'),(2591,0,'en','plugins/ecommerce/payment','via_bank_transfer','Via bank transfer','2021-10-24 19:47:02','2021-10-24 19:47:31'),(2592,0,'en','plugins/ecommerce/payment','payment_via_cart','Payment via card','2021-10-24 19:47:02','2021-10-24 19:47:31'),(2593,0,'en','plugins/ecommerce/payment','card_number','Card number','2021-10-24 19:47:02','2021-10-24 19:47:31'),(2594,0,'en','plugins/ecommerce/payment','full_name','Full name','2021-10-24 19:47:02','2021-10-24 19:47:31'),(2595,0,'en','plugins/ecommerce/payment','payment_via_paypal','Payment via PayPal','2021-10-24 19:47:02','2021-10-24 19:47:31'),(2596,0,'en','plugins/ecommerce/payment','mm_yy','MM/YY','2021-10-24 19:47:02','2021-10-24 19:47:31'),(2597,0,'en','plugins/ecommerce/payment','cvc','CVC','2021-10-24 19:47:02','2021-10-24 19:47:31'),(2598,0,'en','plugins/ecommerce/payment','details','Details','2021-10-24 19:47:02','2021-10-24 19:47:31'),(2599,0,'en','plugins/ecommerce/payment','payer_name','Payer Name','2021-10-24 19:47:02','2021-10-24 19:47:31'),(2600,0,'en','plugins/ecommerce/payment','email','Email','2021-10-24 19:47:02','2021-10-24 19:47:31'),(2601,0,'en','plugins/ecommerce/payment','phone','Phone','2021-10-24 19:47:02','2021-10-24 19:47:31'),(2602,0,'en','plugins/ecommerce/payment','country','Country','2021-10-24 19:47:02','2021-10-24 19:47:31'),(2603,0,'en','plugins/ecommerce/payment','shipping_address','Shipping Address','2021-10-24 19:47:02','2021-10-24 19:47:31'),(2604,0,'en','plugins/ecommerce/payment','payment_details','Payment Details','2021-10-24 19:47:02','2021-10-24 19:47:31'),(2605,0,'en','plugins/ecommerce/payment','card','Card','2021-10-24 19:47:02','2021-10-24 19:47:31'),(2606,0,'en','plugins/ecommerce/payment','address','Address','2021-10-24 19:47:02','2021-10-24 19:47:31'),(2607,0,'en','plugins/ecommerce/payment','could_not_get_stripe_token','Could not get Stripe token to make a charge.','2021-10-24 19:47:02','2021-10-24 19:47:31'),(2608,0,'en','plugins/ecommerce/payment','new_payment','Payment for order :id','2021-10-24 19:47:02','2021-10-24 19:47:31'),(2609,0,'en','plugins/ecommerce/payment','payment_id','Payment ID','2021-10-24 19:47:02','2021-10-24 19:47:31'),(2610,0,'en','plugins/ecommerce/prices','name','Price','2021-10-24 19:47:02','2021-10-24 19:47:31'),(2611,0,'en','plugins/ecommerce/prices','create','New price','2021-10-24 19:47:02','2021-10-24 19:47:31'),(2612,0,'en','plugins/ecommerce/prices','edit','Edit price','2021-10-24 19:47:02','2021-10-24 19:47:31'),(2613,0,'en','plugins/ecommerce/prices','list','List price','2021-10-24 19:47:02','2021-10-24 19:47:31'),(2614,0,'en','plugins/ecommerce/product-attribute-sets','name','Product attribute sets','2021-10-24 19:47:02','2021-10-24 19:47:31'),(2615,0,'en','plugins/ecommerce/product-attribute-sets','create','New product attribute set','2021-10-24 19:47:02','2021-10-24 19:47:31'),(2616,0,'en','plugins/ecommerce/product-attribute-sets','edit','Edit product attribute set','2021-10-24 19:47:02','2021-10-24 19:47:31'),(2617,0,'en','plugins/ecommerce/product-attribute-sets','visible_in_categories','Visible in categories','2021-10-24 19:47:02','2021-10-24 19:47:31'),(2618,0,'en','plugins/ecommerce/product-attribute-sets','product_with_more_version','Product with more version','2021-10-24 19:47:02','2021-10-24 19:47:31'),(2619,0,'en','plugins/ecommerce/product-attribute-sets','create_a_version','Create a version','2021-10-24 19:47:02','2021-10-24 19:47:31'),(2620,0,'en','plugins/ecommerce/product-attribute-sets','enabled','Enabled','2021-10-24 19:47:02','2021-10-24 19:47:31'),(2621,0,'en','plugins/ecommerce/product-attribute-sets','attributes','Attributes','2021-10-24 19:47:02','2021-10-24 19:47:31'),(2622,0,'en','plugins/ecommerce/product-attribute-sets','price','Price','2021-10-24 19:47:02','2021-10-24 19:47:31'),(2623,0,'en','plugins/ecommerce/product-attribute-sets','edit_btn','Edit','2021-10-24 19:47:02','2021-10-24 19:47:31'),(2624,0,'en','plugins/ecommerce/product-attribute-sets','remove_btn','Remove','2021-10-24 19:47:02','2021-10-24 19:47:31'),(2625,0,'en','plugins/ecommerce/product-attribute-sets','product','Product','2021-10-24 19:47:02','2021-10-24 19:47:31'),(2626,0,'en','plugins/ecommerce/product-attribute-sets','back_to_product','Back to product','2021-10-24 19:47:02','2021-10-24 19:47:31'),(2627,0,'en','plugins/ecommerce/product-attribute-sets','save','Save','2021-10-24 19:47:02','2021-10-24 19:47:31'),(2628,0,'en','plugins/ecommerce/product-attribute-sets','other_existing_versions','Other existing versions','2021-10-24 19:47:02','2021-10-24 19:47:31'),(2629,0,'en','plugins/ecommerce/product-attribute-sets','version_information','Version information','2021-10-24 19:47:02','2021-10-24 19:47:31'),(2630,0,'en','plugins/ecommerce/product-attribute-sets','add_rule','Add rule','2021-10-24 19:47:02','2021-10-24 19:47:31'),(2631,0,'en','plugins/ecommerce/product-attribute-sets','rules','Rules','2021-10-24 19:47:02','2021-10-24 19:47:31'),(2632,0,'en','plugins/ecommerce/product-attribute-sets','pricing','Pricing','2021-10-24 19:47:02','2021-10-24 19:47:31'),(2633,0,'en','plugins/ecommerce/product-attribute-sets','sale_price','Sale price','2021-10-24 19:47:02','2021-10-24 19:47:31'),(2634,0,'en','plugins/ecommerce/product-attribute-sets','sale_type','Sale type','2021-10-24 19:47:02','2021-10-24 19:47:31'),(2635,0,'en','plugins/ecommerce/product-attribute-sets','no_sale_price','No sale price','2021-10-24 19:47:02','2021-10-24 19:47:31'),(2636,0,'en','plugins/ecommerce/product-attribute-sets','always_on_sale','Always on sale','2021-10-24 19:47:02','2021-10-24 19:47:31'),(2637,0,'en','plugins/ecommerce/product-attribute-sets','limited_time','Limited time','2021-10-24 19:47:02','2021-10-24 19:47:31'),(2638,0,'en','plugins/ecommerce/product-attribute-sets','from','From','2021-10-24 19:47:02','2021-10-24 19:47:31'),(2639,0,'en','plugins/ecommerce/product-attribute-sets','to','To','2021-10-24 19:47:02','2021-10-24 19:47:31'),(2640,0,'en','plugins/ecommerce/product-attribute-sets','storehouse','Storehouse','2021-10-24 19:47:02','2021-10-24 19:47:31'),(2641,0,'en','plugins/ecommerce/product-attribute-sets','no_storehouse_management','No storehouse management','2021-10-24 19:47:02','2021-10-24 19:47:31'),(2642,0,'en','plugins/ecommerce/product-attribute-sets','with_storehouse_management','With storehouse management','2021-10-24 19:47:02','2021-10-24 19:47:31'),(2643,0,'en','plugins/ecommerce/product-attribute-sets','quantity','Quantity','2021-10-24 19:47:03','2021-10-24 19:47:31'),(2644,0,'en','plugins/ecommerce/product-attribute-sets','allow_customer_checkout_out_of_stock','Allow customer checkout when this product out of stock','2021-10-24 19:47:03','2021-10-24 19:47:31'),(2645,0,'en','plugins/ecommerce/product-attribute-sets','shipping','Shipping','2021-10-24 19:47:03','2021-10-24 19:47:31'),(2646,0,'en','plugins/ecommerce/product-attribute-sets','length','Length','2021-10-24 19:47:03','2021-10-24 19:47:31'),(2647,0,'en','plugins/ecommerce/product-attribute-sets','wide','Wide','2021-10-24 19:47:03','2021-10-24 19:47:31'),(2648,0,'en','plugins/ecommerce/product-attribute-sets','height','Height','2021-10-24 19:47:03','2021-10-24 19:47:31'),(2649,0,'en','plugins/ecommerce/product-attribute-sets','weight','Weight','2021-10-24 19:47:03','2021-10-24 19:47:31'),(2650,0,'en','plugins/ecommerce/product-attribute-sets','version_images','Version images','2021-10-24 19:47:03','2021-10-24 19:47:31'),(2651,0,'en','plugins/ecommerce/product-attribute-sets','add_new_image','Add new image','2021-10-24 19:47:03','2021-10-24 19:47:31'),(2652,0,'en','plugins/ecommerce/product-attribute-sets','attribute_set','Attribute set','2021-10-24 19:47:03','2021-10-24 19:47:31'),(2653,0,'en','plugins/ecommerce/product-attribute-sets','value','Value','2021-10-24 19:47:03','2021-10-24 19:47:31'),(2654,0,'en','plugins/ecommerce/product-attribute-sets','dropdown_swatch','Dropdown Swatch','2021-10-24 19:47:03','2021-10-24 19:47:31'),(2655,0,'en','plugins/ecommerce/product-attribute-sets','visual_swatch','Visual Swatch','2021-10-24 19:47:03','2021-10-24 19:47:31'),(2656,0,'en','plugins/ecommerce/product-attribute-sets','text_swatch','Text Swatch','2021-10-24 19:47:03','2021-10-24 19:47:31'),(2657,0,'en','plugins/ecommerce/product-attribute-sets','display_layout','Display Layout','2021-10-24 19:47:03','2021-10-24 19:47:31'),(2658,0,'en','plugins/ecommerce/product-attribute-sets','searchable','Searchable','2021-10-24 19:47:03','2021-10-24 19:47:31'),(2659,0,'en','plugins/ecommerce/product-attribute-sets','comparable','Comparable','2021-10-24 19:47:03','2021-10-24 19:47:31'),(2660,0,'en','plugins/ecommerce/product-attribute-sets','use_in_product_listing','Used in product listing','2021-10-24 19:47:03','2021-10-24 19:47:31'),(2661,0,'en','plugins/ecommerce/product-attribute-sets','attributes_list','Attributes list','2021-10-24 19:47:03','2021-10-24 19:47:31'),(2662,0,'en','plugins/ecommerce/product-attribute-sets','is_default','Is default?','2021-10-24 19:47:03','2021-10-24 19:47:31'),(2663,0,'en','plugins/ecommerce/product-attribute-sets','title','Title','2021-10-24 19:47:03','2021-10-24 19:47:31'),(2664,0,'en','plugins/ecommerce/product-attribute-sets','slug','Slug','2021-10-24 19:47:03','2021-10-24 19:47:31'),(2665,0,'en','plugins/ecommerce/product-attribute-sets','color','Color','2021-10-24 19:47:03','2021-10-24 19:47:31'),(2666,0,'en','plugins/ecommerce/product-attribute-sets','image','Image','2021-10-24 19:47:03','2021-10-24 19:47:31'),(2667,0,'en','plugins/ecommerce/product-attribute-sets','remove','Remove','2021-10-24 19:47:03','2021-10-24 19:47:31'),(2668,0,'en','plugins/ecommerce/product-attribute-sets','add_new_attribute','Add new attribute','2021-10-24 19:47:03','2021-10-24 19:47:31'),(2669,0,'en','plugins/ecommerce/product-attributes','name','Product attributes','2021-10-24 19:47:03','2021-10-24 19:47:31'),(2670,0,'en','plugins/ecommerce/product-attributes','create','New product attribute','2021-10-24 19:47:03','2021-10-24 19:47:31'),(2671,0,'en','plugins/ecommerce/product-attributes','edit','Edit product attribute','2021-10-24 19:47:03','2021-10-24 19:47:31'),(2672,0,'en','plugins/ecommerce/product-attributes','intro.title','Manage product attributes','2021-10-24 19:47:03','2021-10-24 19:47:31'),(2673,0,'en','plugins/ecommerce/product-attributes','intro.description','Product attribute such as color, width, height ...','2021-10-24 19:47:03','2021-10-24 19:47:31'),(2674,0,'en','plugins/ecommerce/product-attributes','intro.button_text','Create product attribute','2021-10-24 19:47:03','2021-10-24 19:47:31'),(2675,0,'en','plugins/ecommerce/product-categories','name','Product categories','2021-10-24 19:47:03','2021-10-24 19:47:31'),(2676,0,'en','plugins/ecommerce/product-categories','create','Create new product category','2021-10-24 19:47:03','2021-10-24 19:47:31'),(2677,0,'en','plugins/ecommerce/product-categories','edit','Edit product category','2021-10-24 19:47:03','2021-10-24 19:47:31'),(2678,0,'en','plugins/ecommerce/product-categories','list','List product categories','2021-10-24 19:47:03','2021-10-24 19:47:31'),(2679,0,'en','plugins/ecommerce/product-categories','none','None','2021-10-24 19:47:03','2021-10-24 19:47:31'),(2680,0,'en','plugins/ecommerce/product-categories','menu','Product categories','2021-10-24 19:47:03','2021-10-24 19:47:31'),(2681,0,'en','plugins/ecommerce/product-categories','intro.title','Manage product categories','2021-10-24 19:47:03','2021-10-24 19:47:31'),(2682,0,'en','plugins/ecommerce/product-categories','intro.description','Such as clothes, shoes, bags, jewelry ...','2021-10-24 19:47:03','2021-10-24 19:47:31'),(2683,0,'en','plugins/ecommerce/product-categories','intro.button_text','Create product category','2021-10-24 19:47:03','2021-10-24 19:47:31'),(2684,0,'en','plugins/ecommerce/product-categories','total_products','Total products: :total','2021-10-24 19:47:03','2021-10-24 19:47:31'),(2685,0,'en','plugins/ecommerce/product-collections','name','Product collections','2021-10-24 19:47:03','2021-10-24 19:47:31'),(2686,0,'en','plugins/ecommerce/product-collections','create','New product collection','2021-10-24 19:47:03','2021-10-24 19:47:31'),(2687,0,'en','plugins/ecommerce/product-collections','edit','Edit product collection','2021-10-24 19:47:03','2021-10-24 19:47:31'),(2688,0,'en','plugins/ecommerce/product-collections','slug_help_block','Label key: <code>:slug</code>. We will use this key for filter.','2021-10-24 19:47:03','2021-10-24 19:47:31'),(2689,0,'en','plugins/ecommerce/product-collections','intro.title','Manage product collections','2021-10-24 19:47:03','2021-10-24 19:47:31'),(2690,0,'en','plugins/ecommerce/product-collections','intro.description','Group your products into collections to make it easier for customers to find them by category.','2021-10-24 19:47:03','2021-10-24 19:47:31'),(2691,0,'en','plugins/ecommerce/product-collections','intro.button_text','Create product collection','2021-10-24 19:47:03','2021-10-24 19:47:31'),(2692,0,'en','plugins/ecommerce/product-label','name','Product labels','2021-10-24 19:47:03','2021-10-24 19:47:31'),(2693,0,'en','plugins/ecommerce/product-label','create','New product label','2021-10-24 19:47:03','2021-10-24 19:47:31'),(2694,0,'en','plugins/ecommerce/product-label','edit','Edit product label','2021-10-24 19:47:03','2021-10-24 19:47:31'),(2695,0,'en','plugins/ecommerce/product-label','color','Color','2021-10-24 19:47:03','2021-10-24 19:47:31'),(2696,0,'en','plugins/ecommerce/product-label','color_placeholder','Example: #f0f0f0','2021-10-24 19:47:03','2021-10-24 19:47:31'),(2697,0,'en','plugins/ecommerce/product-tag','name','Product tags','2021-10-24 19:47:03','2021-10-24 19:47:31'),(2698,0,'en','plugins/ecommerce/product-tag','create','New product tag','2021-10-24 19:47:03','2021-10-24 19:47:31'),(2699,0,'en','plugins/ecommerce/product-tag','edit','Edit product tag','2021-10-24 19:47:03','2021-10-24 19:47:31'),(2700,0,'en','plugins/ecommerce/products','name','Products','2021-10-24 19:47:03','2021-10-24 19:47:31'),(2701,0,'en','plugins/ecommerce/products','create','New product','2021-10-24 19:47:03','2021-10-24 19:47:31'),(2702,0,'en','plugins/ecommerce/products','edit','Edit product - :name','2021-10-24 19:47:03','2021-10-24 19:47:31'),(2703,0,'en','plugins/ecommerce/products','form.name','Name','2021-10-24 19:47:03','2021-10-24 19:47:31'),(2704,0,'en','plugins/ecommerce/products','form.name_placeholder','Product\'s name (Maximum 120 characters)','2021-10-24 19:47:03','2021-10-24 19:47:31'),(2705,0,'en','plugins/ecommerce/products','form.description','Description','2021-10-24 19:47:03','2021-10-24 19:47:31'),(2706,0,'en','plugins/ecommerce/products','form.description_placeholder','Short description for product (Maximum 400 characters)','2021-10-24 19:47:03','2021-10-24 19:47:31'),(2707,0,'en','plugins/ecommerce/products','form.categories','Categories','2021-10-24 19:47:03','2021-10-24 19:47:31'),(2708,0,'en','plugins/ecommerce/products','form.content','Content','2021-10-24 19:47:03','2021-10-24 19:47:31'),(2709,0,'en','plugins/ecommerce/products','form.price','Price','2021-10-24 19:47:03','2021-10-24 19:47:31'),(2710,0,'en','plugins/ecommerce/products','form.quantity','Quantity','2021-10-24 19:47:03','2021-10-24 19:47:31'),(2711,0,'en','plugins/ecommerce/products','form.brand','Brand','2021-10-24 19:47:03','2021-10-24 19:47:31'),(2712,0,'en','plugins/ecommerce/products','form.width','Width','2021-10-24 19:47:03','2021-10-24 19:47:31'),(2713,0,'en','plugins/ecommerce/products','form.height','Height','2021-10-24 19:47:03','2021-10-24 19:47:31'),(2714,0,'en','plugins/ecommerce/products','form.weight','Weight','2021-10-24 19:47:03','2021-10-24 19:47:31'),(2715,0,'en','plugins/ecommerce/products','form.date.end','From date','2021-10-24 19:47:03','2021-10-24 19:47:31'),(2716,0,'en','plugins/ecommerce/products','form.date.start','To date','2021-10-24 19:47:03','2021-10-24 19:47:31'),(2717,0,'en','plugins/ecommerce/products','form.image','Images','2021-10-24 19:47:03','2021-10-24 19:47:31'),(2718,0,'en','plugins/ecommerce/products','form.collections','Product collections','2021-10-24 19:47:03','2021-10-24 19:47:31'),(2719,0,'en','plugins/ecommerce/products','form.labels','Labels','2021-10-24 19:47:03','2021-10-24 19:47:31'),(2720,0,'en','plugins/ecommerce/products','form.price_sale','Price sale','2021-10-24 19:47:03','2021-10-24 19:47:31'),(2721,0,'en','plugins/ecommerce/products','form.product_type.title','Product type','2021-10-24 19:47:03','2021-10-24 19:47:31'),(2722,0,'en','plugins/ecommerce/products','form.product','Product','2021-10-24 19:47:03','2021-10-24 19:47:31'),(2723,0,'en','plugins/ecommerce/products','form.total','Total','2021-10-24 19:47:03','2021-10-24 19:47:31'),(2724,0,'en','plugins/ecommerce/products','form.sub_total','Subtotal','2021-10-24 19:47:03','2021-10-24 19:47:31'),(2725,0,'en','plugins/ecommerce/products','form.shipping_fee','Shipping fee','2021-10-24 19:47:03','2021-10-24 19:47:31'),(2726,0,'en','plugins/ecommerce/products','form.discount','Discount','2021-10-24 19:47:03','2021-10-24 19:47:31'),(2727,0,'en','plugins/ecommerce/products','form.options','Options','2021-10-24 19:47:03','2021-10-24 19:47:31'),(2728,0,'en','plugins/ecommerce/products','form.shipping.height','Height','2021-10-24 19:47:03','2021-10-24 19:47:31'),(2729,0,'en','plugins/ecommerce/products','form.shipping.length','Length','2021-10-24 19:47:03','2021-10-24 19:47:31'),(2730,0,'en','plugins/ecommerce/products','form.shipping.title','Shipping','2021-10-24 19:47:03','2021-10-24 19:47:31'),(2731,0,'en','plugins/ecommerce/products','form.shipping.weight','Weight','2021-10-24 19:47:03','2021-10-24 19:47:31'),(2732,0,'en','plugins/ecommerce/products','form.shipping.wide','Wide','2021-10-24 19:47:03','2021-10-24 19:47:31'),(2733,0,'en','plugins/ecommerce/products','form.stock.allow_order_when_out','Allow customer checkout when this product out of stock','2021-10-24 19:47:03','2021-10-24 19:47:31'),(2734,0,'en','plugins/ecommerce/products','form.stock.in_stock','In stock','2021-10-24 19:47:03','2021-10-24 19:47:31'),(2735,0,'en','plugins/ecommerce/products','form.stock.out_stock','Out stock','2021-10-24 19:47:03','2021-10-24 19:47:31'),(2736,0,'en','plugins/ecommerce/products','form.stock.title','Stock status','2021-10-24 19:47:03','2021-10-24 19:47:31'),(2737,0,'en','plugins/ecommerce/products','form.storehouse.no_storehouse','No storehouse management','2021-10-24 19:47:03','2021-10-24 19:47:31'),(2738,0,'en','plugins/ecommerce/products','form.storehouse.storehouse','With storehouse management','2021-10-24 19:47:03','2021-10-24 19:47:31'),(2739,0,'en','plugins/ecommerce/products','form.storehouse.title','Storehouse','2021-10-24 19:47:03','2021-10-24 19:47:31'),(2740,0,'en','plugins/ecommerce/products','form.storehouse.quantity','Quantity','2021-10-24 19:47:03','2021-10-24 19:47:31'),(2741,0,'en','plugins/ecommerce/products','form.tax','Tax','2021-10-24 19:47:03','2021-10-24 19:47:31'),(2742,0,'en','plugins/ecommerce/products','form.is_default','Is default','2021-10-24 19:47:03','2021-10-24 19:47:31'),(2743,0,'en','plugins/ecommerce/products','form.action','Action','2021-10-24 19:47:03','2021-10-24 19:47:31'),(2744,0,'en','plugins/ecommerce/products','form.restock_quantity','Restock quantity','2021-10-24 19:47:03','2021-10-24 19:47:31'),(2745,0,'en','plugins/ecommerce/products','form.remain','Remain','2021-10-24 19:47:03','2021-10-24 19:47:31'),(2746,0,'en','plugins/ecommerce/products','form.choose_discount_period','Choose Discount Period','2021-10-24 19:47:03','2021-10-24 19:47:31'),(2747,0,'en','plugins/ecommerce/products','form.cancel','Cancel','2021-10-24 19:47:03','2021-10-24 19:47:31'),(2748,0,'en','plugins/ecommerce/products','form.no_results','No results!','2021-10-24 19:47:03','2021-10-24 19:47:31'),(2749,0,'en','plugins/ecommerce/products','form.value','Value','2021-10-24 19:47:03','2021-10-24 19:47:31'),(2750,0,'en','plugins/ecommerce/products','form.attribute_name','Attribute name','2021-10-24 19:47:03','2021-10-24 19:47:31'),(2751,0,'en','plugins/ecommerce/products','form.add_more_attribute','Add more attribute','2021-10-24 19:47:03','2021-10-24 19:47:31'),(2752,0,'en','plugins/ecommerce/products','form.continue','Continue','2021-10-24 19:47:03','2021-10-24 19:47:31'),(2753,0,'en','plugins/ecommerce/products','form.add_new_attributes','Add new attributes','2021-10-24 19:47:03','2021-10-24 19:47:31'),(2754,0,'en','plugins/ecommerce/products','form.add_new_attributes_description','Adding new attributes helps the product to have many options, such as size or color.','2021-10-24 19:47:03','2021-10-24 19:47:31'),(2755,0,'en','plugins/ecommerce/products','form.create_product_variations',':link to create product variations!','2021-10-24 19:47:03','2021-10-24 19:47:31'),(2756,0,'en','plugins/ecommerce/products','form.tags','Tags','2021-10-24 19:47:03','2021-10-24 19:47:31'),(2757,0,'en','plugins/ecommerce/products','form.write_some_tags','Write some tags','2021-10-24 19:47:03','2021-10-24 19:47:31'),(2758,0,'en','plugins/ecommerce/products','form.variation_existed','This variation is existed.','2021-10-24 19:47:03','2021-10-24 19:47:31'),(2759,0,'en','plugins/ecommerce/products','form.no_attributes_selected','No attributes selected!','2021-10-24 19:47:03','2021-10-24 19:47:31'),(2760,0,'en','plugins/ecommerce/products','form.added_variation_success','Added variation successfully!','2021-10-24 19:47:03','2021-10-24 19:47:31'),(2761,0,'en','plugins/ecommerce/products','form.updated_variation_success','Updated variation successfully!','2021-10-24 19:47:03','2021-10-24 19:47:31'),(2762,0,'en','plugins/ecommerce/products','form.created_all_variation_success','Created all variations successfully!','2021-10-24 19:47:03','2021-10-24 19:47:31'),(2763,0,'en','plugins/ecommerce/products','form.updated_product_attributes_success','Updated product attributes successfully!','2021-10-24 19:47:03','2021-10-24 19:47:31'),(2764,0,'en','plugins/ecommerce/products','form.stock_status','Stock status','2021-10-24 19:47:03','2021-10-24 19:47:31'),(2765,0,'en','plugins/ecommerce/products','form.auto_generate_sku','Auto generate SKU?','2021-10-24 19:47:03','2021-10-24 19:47:31'),(2766,0,'en','plugins/ecommerce/products','price','Price','2021-10-24 19:47:03','2021-10-24 19:47:31'),(2767,0,'en','plugins/ecommerce/products','quantity','Quantity','2021-10-24 19:47:03','2021-10-24 19:47:31'),(2768,0,'en','plugins/ecommerce/products','type','Type','2021-10-24 19:47:03','2021-10-24 19:47:31'),(2769,0,'en','plugins/ecommerce/products','image','Thumbnail','2021-10-24 19:47:03','2021-10-24 19:47:31'),(2770,0,'en','plugins/ecommerce/products','sku','SKU','2021-10-24 19:47:03','2021-10-24 19:47:31'),(2771,0,'en','plugins/ecommerce/products','brand','Brand','2021-10-24 19:47:03','2021-10-24 19:47:31'),(2772,0,'en','plugins/ecommerce/products','cannot_delete','Product could not be deleted','2021-10-24 19:47:03','2021-10-24 19:47:31'),(2773,0,'en','plugins/ecommerce/products','product_deleted','Product deleted','2021-10-24 19:47:03','2021-10-24 19:47:31'),(2774,0,'en','plugins/ecommerce/products','product_collections','Product collections','2021-10-24 19:47:03','2021-10-24 19:47:31'),(2775,0,'en','plugins/ecommerce/products','products','Products','2021-10-24 19:47:03','2021-10-24 19:47:31'),(2776,0,'en','plugins/ecommerce/products','menu','Products','2021-10-24 19:47:03','2021-10-24 19:47:31'),(2777,0,'en','plugins/ecommerce/products','control.button_add_image','Add image','2021-10-24 19:47:03','2021-10-24 19:47:31'),(2778,0,'en','plugins/ecommerce/products','price_sale','Sale price','2021-10-24 19:47:03','2021-10-24 19:47:31'),(2779,0,'en','plugins/ecommerce/products','price_group_title','Manager product price','2021-10-24 19:47:03','2021-10-24 19:47:31'),(2780,0,'en','plugins/ecommerce/products','store_house_group_title','Manager store house','2021-10-24 19:47:03','2021-10-24 19:47:31'),(2781,0,'en','plugins/ecommerce/products','shipping_group_title','Manager shipping','2021-10-24 19:47:03','2021-10-24 19:47:31'),(2782,0,'en','plugins/ecommerce/products','overview','Overview','2021-10-24 19:47:03','2021-10-24 19:47:31'),(2783,0,'en','plugins/ecommerce/products','attributes','Attributes','2021-10-24 19:47:03','2021-10-24 19:47:31'),(2784,0,'en','plugins/ecommerce/products','product_has_variations','Product has variations','2021-10-24 19:47:03','2021-10-24 19:47:31'),(2785,0,'en','plugins/ecommerce/products','manage_products','Manage products','2021-10-24 19:47:03','2021-10-24 19:47:31'),(2786,0,'en','plugins/ecommerce/products','add_new_product','Add a new product','2021-10-24 19:47:03','2021-10-24 19:47:31'),(2787,0,'en','plugins/ecommerce/products','start_by_adding_new_product','Start by adding new products.','2021-10-24 19:47:03','2021-10-24 19:47:31'),(2788,0,'en','plugins/ecommerce/products','edit_this_product','Edit this product','2021-10-24 19:47:03','2021-10-24 19:47:31'),(2789,0,'en','plugins/ecommerce/products','delete','Delete','2021-10-24 19:47:03','2021-10-24 19:47:31'),(2790,0,'en','plugins/ecommerce/products','related_products','Related products','2021-10-24 19:47:03','2021-10-24 19:47:31'),(2791,0,'en','plugins/ecommerce/products','cross_selling_products','Cross-selling products','2021-10-24 19:47:03','2021-10-24 19:47:31'),(2792,0,'en','plugins/ecommerce/products','up_selling_products','Up-selling products','2021-10-24 19:47:03','2021-10-24 19:47:31'),(2793,0,'en','plugins/ecommerce/products','grouped_products','Grouped products','2021-10-24 19:47:03','2021-10-24 19:47:31'),(2794,0,'en','plugins/ecommerce/products','search_products','Search products','2021-10-24 19:47:03','2021-10-24 19:47:31'),(2795,0,'en','plugins/ecommerce/products','selected_products','Selected products','2021-10-24 19:47:03','2021-10-24 19:47:31'),(2796,0,'en','plugins/ecommerce/products','edit_variation_item','Edit','2021-10-24 19:47:03','2021-10-24 19:47:31'),(2797,0,'en','plugins/ecommerce/products','variations_box_description','Click on \"Edit attribute\" to add/remove attributes of variation or click on \"Add new variation\" to add variation.','2021-10-24 19:47:03','2021-10-24 19:47:31'),(2798,0,'en','plugins/ecommerce/products','save_changes','Save changes','2021-10-24 19:47:03','2021-10-24 19:47:31'),(2799,0,'en','plugins/ecommerce/products','continue','Continue','2021-10-24 19:47:03','2021-10-24 19:47:31'),(2800,0,'en','plugins/ecommerce/products','edit_attribute','Edit attribute','2021-10-24 19:47:03','2021-10-24 19:47:31'),(2801,0,'en','plugins/ecommerce/products','select_attribute','Select attribute','2021-10-24 19:47:03','2021-10-24 19:47:31'),(2802,0,'en','plugins/ecommerce/products','add_new_variation','Add new variation','2021-10-24 19:47:03','2021-10-24 19:47:31'),(2803,0,'en','plugins/ecommerce/products','edit_variation','Edit variation','2021-10-24 19:47:03','2021-10-24 19:47:31'),(2804,0,'en','plugins/ecommerce/products','generate_all_variations','Generate all variations','2021-10-24 19:47:03','2021-10-24 19:47:31'),(2805,0,'en','plugins/ecommerce/products','generate_all_variations_confirmation','Are you sure you want to generate all variations for this product?','2021-10-24 19:47:03','2021-10-24 19:47:31'),(2806,0,'en','plugins/ecommerce/products','delete_variation','Delete variation?','2021-10-24 19:47:03','2021-10-24 19:47:31'),(2807,0,'en','plugins/ecommerce/products','delete_variation_confirmation','Are you sure you want to delete this variation? This action cannot be undo.','2021-10-24 19:47:03','2021-10-24 19:47:31'),(2808,0,'en','plugins/ecommerce/products','delete_variations_confirmation','Are you sure you want to delete those variations? This action cannot be undo.','2021-10-24 19:47:03','2021-10-24 19:47:31'),(2809,0,'en','plugins/ecommerce/products','product_create_validate_name_required','Please enter product\'s name','2021-10-24 19:47:03','2021-10-24 19:47:31'),(2810,0,'en','plugins/ecommerce/products','product_create_validate_sale_price_max','The discount must be less than the original price','2021-10-24 19:47:03','2021-10-24 19:47:31'),(2811,0,'en','plugins/ecommerce/products','product_create_validate_sale_price_required_if','Must enter a discount when you want to schedule a promotion','2021-10-24 19:47:03','2021-10-24 19:47:31'),(2812,0,'en','plugins/ecommerce/products','product_create_validate_end_date_after','End date must be after start date','2021-10-24 19:47:03','2021-10-24 19:47:31'),(2813,0,'en','plugins/ecommerce/products','product_create_validate_start_date_required_if','Discount start date cannot be left blank when scheduling is selected','2021-10-24 19:47:03','2021-10-24 19:47:31'),(2814,0,'en','plugins/ecommerce/products','product_create_validate_sale_price','Discounts cannot be left blank when scheduling is selected','2021-10-24 19:47:03','2021-10-24 19:47:31'),(2815,0,'en','plugins/ecommerce/products','stock_statuses.in_stock','In stock','2021-10-24 19:47:03','2021-10-24 19:47:31'),(2816,0,'en','plugins/ecommerce/products','stock_statuses.out_of_stock','Out of stock','2021-10-24 19:47:03','2021-10-24 19:47:31'),(2817,0,'en','plugins/ecommerce/products','stock_statuses.on_backorder','On backorder','2021-10-24 19:47:03','2021-10-24 19:47:31'),(2818,0,'en','plugins/ecommerce/products','stock_status','Stock status','2021-10-24 19:47:03','2021-10-24 19:47:31'),(2819,0,'en','plugins/ecommerce/products','processing','Processing...','2021-10-24 19:47:03','2021-10-24 19:47:31'),(2820,0,'en','plugins/ecommerce/products','delete_selected_variations','Delete selected variations','2021-10-24 19:47:03','2021-10-24 19:47:31'),(2821,0,'en','plugins/ecommerce/products','delete_variations','Delete variations','2021-10-24 19:47:03','2021-10-24 19:47:31'),(2822,0,'en','plugins/ecommerce/products','category','Category','2021-10-24 19:47:03','2021-10-24 19:47:31'),(2823,0,'en','plugins/ecommerce/reports','name','Report','2021-10-24 19:47:03','2021-10-24 19:47:32'),(2824,0,'en','plugins/ecommerce/reports','widget.order.title','Orders','2021-10-24 19:47:03','2021-10-24 19:47:32'),(2825,0,'en','plugins/ecommerce/reports','count.revenue','Today revenue','2021-10-24 19:47:03','2021-10-24 19:47:32'),(2826,0,'en','plugins/ecommerce/reports','count.orders','Today orders','2021-10-24 19:47:03','2021-10-24 19:47:32'),(2827,0,'en','plugins/ecommerce/reports','count.products','Total products','2021-10-24 19:47:03','2021-10-24 19:47:32'),(2828,0,'en','plugins/ecommerce/reports','count.customers','Total customers','2021-10-24 19:47:03','2021-10-24 19:47:32'),(2829,0,'en','plugins/ecommerce/reports','product_name','Product name','2021-10-24 19:47:03','2021-10-24 19:47:32'),(2830,0,'en','plugins/ecommerce/reports','quantity','Quantity','2021-10-24 19:47:03','2021-10-24 19:47:32'),(2831,0,'en','plugins/ecommerce/reports','revenue_statistics','Revenue statistics','2021-10-24 19:47:03','2021-10-24 19:47:32'),(2832,0,'en','plugins/ecommerce/reports','top_selling_products','Top Selling Products','2021-10-24 19:47:03','2021-10-24 19:47:32'),(2833,0,'en','plugins/ecommerce/reports','ranges.today','Today','2021-10-24 19:47:03','2021-10-24 19:47:32'),(2834,0,'en','plugins/ecommerce/reports','ranges.this_week','This week','2021-10-24 19:47:03','2021-10-24 19:47:32'),(2835,0,'en','plugins/ecommerce/reports','ranges.last_7_days','Last 7 days','2021-10-24 19:47:03','2021-10-24 19:47:32'),(2836,0,'en','plugins/ecommerce/reports','ranges.last_30_days','Last 30 days','2021-10-24 19:47:03','2021-10-24 19:47:32'),(2837,0,'en','plugins/ecommerce/reports','ranges.this_month','This month','2021-10-24 19:47:03','2021-10-24 19:47:32'),(2838,0,'en','plugins/ecommerce/reports','ranges.this_year','This year','2021-10-24 19:47:03','2021-10-24 19:47:32'),(2839,0,'en','plugins/ecommerce/reports','revenue_this_month','Revenue this month','2021-10-24 19:47:03','2021-10-24 19:47:32'),(2840,0,'en','plugins/ecommerce/reports','order_processing_this_month','order(s) processing in this month','2021-10-24 19:47:03','2021-10-24 19:47:32'),(2841,0,'en','plugins/ecommerce/reports','order_completed_this_month','order(s) completed in this month','2021-10-24 19:47:03','2021-10-24 19:47:32'),(2842,0,'en','plugins/ecommerce/reports','product_will_be_out_of_stock','product(s) will be out of stock soon','2021-10-24 19:47:03','2021-10-24 19:47:32'),(2843,0,'en','plugins/ecommerce/reports','product_out_of_stock','product(s) out of stock','2021-10-24 19:47:03','2021-10-24 19:47:32'),(2844,0,'en','plugins/ecommerce/reports','sales_reports','Sales Reports','2021-10-24 19:47:03','2021-10-24 19:47:32'),(2845,0,'en','plugins/ecommerce/reports','total_earnings','Total Earnings','2021-10-24 19:47:03','2021-10-24 19:47:32'),(2846,0,'en','plugins/ecommerce/reports','recent_orders','Recent Orders','2021-10-24 19:47:03','2021-10-24 19:47:32'),(2847,0,'en','plugins/ecommerce/reports','statistics','Statistics','2021-10-24 19:47:03','2021-10-24 19:47:32'),(2848,0,'en','plugins/ecommerce/reports','items_earning_sales','Items Earning Sales: :value','2021-10-24 19:47:03','2021-10-24 19:47:32'),(2849,0,'en','plugins/ecommerce/reports','revenue','Revenue','2021-10-24 19:47:03','2021-10-24 19:47:32'),(2850,0,'en','plugins/ecommerce/reports','orders','Orders','2021-10-24 19:47:03','2021-10-24 19:47:32'),(2851,0,'en','plugins/ecommerce/reports','products','Products','2021-10-24 19:47:03','2021-10-24 19:47:32'),(2852,0,'en','plugins/ecommerce/reports','customers','Customers','2021-10-24 19:47:03','2021-10-24 19:47:32'),(2853,0,'en','plugins/ecommerce/reports','earnings','Earnings','2021-10-24 19:47:03','2021-10-24 19:47:32'),(2854,0,'en','plugins/ecommerce/reports','date_range_format_value','From :from to :to','2021-10-24 19:47:03','2021-10-24 19:47:32'),(2855,0,'en','plugins/ecommerce/reports','select_range','Select Range','2021-10-24 19:47:03','2021-10-24 19:47:32'),(2856,0,'en','plugins/ecommerce/review','name','Reviews','2021-10-24 19:47:03','2021-10-24 19:47:32'),(2857,0,'en','plugins/ecommerce/review','add_review','Add review','2021-10-24 19:47:03','2021-10-24 19:47:32'),(2858,0,'en','plugins/ecommerce/review','delete_review','Delete review','2021-10-24 19:47:03','2021-10-24 19:47:32'),(2859,0,'en','plugins/ecommerce/review','create_review','Create Review','2021-10-24 19:47:03','2021-10-24 19:47:32'),(2860,0,'en','plugins/ecommerce/review','please_select_rating','Please select rating','2021-10-24 19:47:03','2021-10-24 19:47:32'),(2861,0,'en','plugins/ecommerce/review','comment','Comment','2021-10-24 19:47:03','2021-10-24 19:47:32'),(2862,0,'en','plugins/ecommerce/review','approve','Approve','2021-10-24 19:47:03','2021-10-24 19:47:32'),(2863,0,'en','plugins/ecommerce/review','approved','Approved','2021-10-24 19:47:03','2021-10-24 19:47:32'),(2864,0,'en','plugins/ecommerce/review','disapprove','Disapprove','2021-10-24 19:47:03','2021-10-24 19:47:32'),(2865,0,'en','plugins/ecommerce/review','disapproved','Disapproved','2021-10-24 19:47:03','2021-10-24 19:47:32'),(2866,0,'en','plugins/ecommerce/review','product','Product','2021-10-24 19:47:03','2021-10-24 19:47:32'),(2867,0,'en','plugins/ecommerce/review','user','User','2021-10-24 19:47:03','2021-10-24 19:47:32'),(2868,0,'en','plugins/ecommerce/review','star','Star','2021-10-24 19:47:03','2021-10-24 19:47:32'),(2869,0,'en','plugins/ecommerce/review','status','Status','2021-10-24 19:47:03','2021-10-24 19:47:32'),(2870,0,'en','plugins/ecommerce/review','list_review','Customer reviews','2021-10-24 19:47:04','2021-10-24 19:47:32'),(2871,0,'en','plugins/ecommerce/review','intro.title','Manage customer reviews','2021-10-24 19:47:04','2021-10-24 19:47:32'),(2872,0,'en','plugins/ecommerce/review','intro.description','Customer reviews will be shown here and you can manage it to show/hide in product detail page.','2021-10-24 19:47:04','2021-10-24 19:47:32'),(2873,0,'en','plugins/ecommerce/shipping','name','Shipping Rules','2021-10-24 19:47:04','2021-10-24 19:47:32'),(2874,0,'en','plugins/ecommerce/shipping','shipping','Shipping','2021-10-24 19:47:04','2021-10-24 19:47:32'),(2875,0,'en','plugins/ecommerce/shipping','title','Title','2021-10-24 19:47:04','2021-10-24 19:47:32'),(2876,0,'en','plugins/ecommerce/shipping','amount','Amount','2021-10-24 19:47:04','2021-10-24 19:47:32'),(2877,0,'en','plugins/ecommerce/shipping','enable','Enable','2021-10-24 19:47:04','2021-10-24 19:47:32'),(2878,0,'en','plugins/ecommerce/shipping','enabled','Enabled','2021-10-24 19:47:04','2021-10-24 19:47:32'),(2879,0,'en','plugins/ecommerce/shipping','disable','Disable','2021-10-24 19:47:04','2021-10-24 19:47:32'),(2880,0,'en','plugins/ecommerce/shipping','disabled','Disabled','2021-10-24 19:47:04','2021-10-24 19:47:32'),(2881,0,'en','plugins/ecommerce/shipping','create_shipping','Create a shipping','2021-10-24 19:47:04','2021-10-24 19:47:32'),(2882,0,'en','plugins/ecommerce/shipping','edit_shipping','Edit shipping :code','2021-10-24 19:47:04','2021-10-24 19:47:32'),(2883,0,'en','plugins/ecommerce/shipping','status','Status','2021-10-24 19:47:04','2021-10-24 19:47:32'),(2884,0,'en','plugins/ecommerce/shipping','shipping_methods','Shipping methods','2021-10-24 19:47:04','2021-10-24 19:47:32'),(2885,0,'en','plugins/ecommerce/shipping','create_shipping_method','Create shipping method','2021-10-24 19:47:04','2021-10-24 19:47:32'),(2886,0,'en','plugins/ecommerce/shipping','edit_shipping_method','Edit shipping method','2021-10-24 19:47:04','2021-10-24 19:47:32'),(2887,0,'en','plugins/ecommerce/shipping','add_shipping_region','Add shipping region','2021-10-24 19:47:04','2021-10-24 19:47:32'),(2888,0,'en','plugins/ecommerce/shipping','country','Country','2021-10-24 19:47:04','2021-10-24 19:47:32'),(2889,0,'en','plugins/ecommerce/shipping','state','State','2021-10-24 19:47:04','2021-10-24 19:47:32'),(2890,0,'en','plugins/ecommerce/shipping','city','City','2021-10-24 19:47:04','2021-10-24 19:47:32'),(2891,0,'en','plugins/ecommerce/shipping','address','Address','2021-10-24 19:47:04','2021-10-24 19:47:32'),(2892,0,'en','plugins/ecommerce/shipping','phone','Phone','2021-10-24 19:47:04','2021-10-24 19:47:32'),(2893,0,'en','plugins/ecommerce/shipping','email','Email','2021-10-24 19:47:04','2021-10-24 19:47:32'),(2894,0,'en','plugins/ecommerce/shipping','zip_code','Zip code','2021-10-24 19:47:04','2021-10-24 19:47:32'),(2895,0,'en','plugins/ecommerce/shipping','methods.default','Default','2021-10-24 19:47:04','2021-10-24 19:47:32'),(2896,0,'en','plugins/ecommerce/shipping','statuses.not_approved','Not approved','2021-10-24 19:47:04','2021-10-24 19:47:32'),(2897,0,'en','plugins/ecommerce/shipping','statuses.approved','Approved','2021-10-24 19:47:04','2021-10-24 19:47:32'),(2898,0,'en','plugins/ecommerce/shipping','statuses.picking','Picking','2021-10-24 19:47:04','2021-10-24 19:47:32'),(2899,0,'en','plugins/ecommerce/shipping','statuses.delay_picking','Delay picking','2021-10-24 19:47:04','2021-10-24 19:47:32'),(2900,0,'en','plugins/ecommerce/shipping','statuses.picked','Picked','2021-10-24 19:47:04','2021-10-24 19:47:32'),(2901,0,'en','plugins/ecommerce/shipping','statuses.not_picked','Not picked','2021-10-24 19:47:04','2021-10-24 19:47:32'),(2902,0,'en','plugins/ecommerce/shipping','statuses.delivering','Delivering','2021-10-24 19:47:04','2021-10-24 19:47:32'),(2903,0,'en','plugins/ecommerce/shipping','statuses.delivered','Delivered','2021-10-24 19:47:04','2021-10-24 19:47:32'),(2904,0,'en','plugins/ecommerce/shipping','statuses.not_delivered','Not delivered','2021-10-24 19:47:04','2021-10-24 19:47:32'),(2905,0,'en','plugins/ecommerce/shipping','statuses.audited','Audited','2021-10-24 19:47:04','2021-10-24 19:47:32'),(2906,0,'en','plugins/ecommerce/shipping','statuses.canceled','Canceled','2021-10-24 19:47:04','2021-10-24 19:47:32'),(2907,0,'en','plugins/ecommerce/shipping','cod_statuses.pending','Pending','2021-10-24 19:47:04','2021-10-24 19:47:32'),(2908,0,'en','plugins/ecommerce/shipping','cod_statuses.completed','Completed','2021-10-24 19:47:04','2021-10-24 19:47:32'),(2909,0,'en','plugins/ecommerce/shipping','delete','Delete','2021-10-24 19:47:04','2021-10-24 19:47:32'),(2910,0,'en','plugins/ecommerce/shipping','shipping_rules','Shipping Rules','2021-10-24 19:47:04','2021-10-24 19:47:32'),(2911,0,'en','plugins/ecommerce/shipping','shipping_rules_description','Rules to calculate shipping fee.','2021-10-24 19:47:04','2021-10-24 19:47:32'),(2912,0,'en','plugins/ecommerce/shipping','select_country','Select country','2021-10-24 19:47:04','2021-10-24 19:47:32'),(2913,0,'en','plugins/ecommerce/shipping','add_shipping_rule','Add shipping rule','2021-10-24 19:47:04','2021-10-24 19:47:32'),(2914,0,'en','plugins/ecommerce/shipping','delete_shipping_rate','Delete shipping rate for area','2021-10-24 19:47:04','2021-10-24 19:47:32'),(2915,0,'en','plugins/ecommerce/shipping','delete_shipping_rate_confirmation','Are you sure you want to delete <strong class=\"region-price-item-label\"></strong> from this shipping area?','2021-10-24 19:47:04','2021-10-24 19:47:32'),(2916,0,'en','plugins/ecommerce/shipping','delete_shipping_area','Delete shipping area','2021-10-24 19:47:04','2021-10-24 19:47:32'),(2917,0,'en','plugins/ecommerce/shipping','delete_shipping_area_confirmation','Are you sure you want to delete shipping area <strong class=\"region-item-label\"></strong>?','2021-10-24 19:47:04','2021-10-24 19:47:32'),(2918,0,'en','plugins/ecommerce/shipping','add_shipping_fee_for_area','Add shipping fee for area','2021-10-24 19:47:04','2021-10-24 19:47:32'),(2919,0,'en','plugins/ecommerce/shipping','confirm','Confirm','2021-10-24 19:47:04','2021-10-24 19:47:32'),(2920,0,'en','plugins/ecommerce/shipping','save','Save','2021-10-24 19:47:04','2021-10-24 19:47:32'),(2921,0,'en','plugins/ecommerce/shipping','greater_than','Greater than','2021-10-24 19:47:04','2021-10-24 19:47:32'),(2922,0,'en','plugins/ecommerce/shipping','type','Type','2021-10-24 19:47:04','2021-10-24 19:47:32'),(2923,0,'en','plugins/ecommerce/shipping','shipping_rule_name','Name of shipping rule','2021-10-24 19:47:04','2021-10-24 19:47:32'),(2924,0,'en','plugins/ecommerce/shipping','shipping_fee','Shipping fee','2021-10-24 19:47:04','2021-10-24 19:47:32'),(2925,0,'en','plugins/ecommerce/shipping','cancel','Cancel','2021-10-24 19:47:04','2021-10-24 19:47:32'),(2926,0,'en','plugins/ecommerce/shipping','base_on_weight','Based on product\'s weight (:unit)','2021-10-24 19:47:04','2021-10-24 19:47:32'),(2927,0,'en','plugins/ecommerce/shipping','base_on_price','Based on product\'s price','2021-10-24 19:47:04','2021-10-24 19:47:32'),(2928,0,'en','plugins/ecommerce/shipping','shipment_canceled','Shipment was canceled','2021-10-24 19:47:04','2021-10-24 19:47:32'),(2929,0,'en','plugins/ecommerce/shipping','at','At','2021-10-24 19:47:04','2021-10-24 19:47:32'),(2930,0,'en','plugins/ecommerce/shipping','cash_on_delivery','Cash on delivery (COD)','2021-10-24 19:47:04','2021-10-24 19:47:32'),(2931,0,'en','plugins/ecommerce/shipping','update_shipping_status','Update shipping status','2021-10-24 19:47:04','2021-10-24 19:47:32'),(2932,0,'en','plugins/ecommerce/shipping','update_cod_status','Update COD status','2021-10-24 19:47:04','2021-10-24 19:47:32'),(2933,0,'en','plugins/ecommerce/shipping','history','History','2021-10-24 19:47:04','2021-10-24 19:47:32'),(2934,0,'en','plugins/ecommerce/shipping','shipment_information','Shipment information','2021-10-24 19:47:04','2021-10-24 19:47:32'),(2935,0,'en','plugins/ecommerce/shipping','order_number','Order number','2021-10-24 19:47:04','2021-10-24 19:47:32'),(2936,0,'en','plugins/ecommerce/shipping','shipping_method','Shipping method','2021-10-24 19:47:04','2021-10-24 19:47:32'),(2937,0,'en','plugins/ecommerce/shipping','select_shipping_method','Select shipping method','2021-10-24 19:47:04','2021-10-24 19:47:32'),(2938,0,'en','plugins/ecommerce/shipping','cod_status','COD status','2021-10-24 19:47:04','2021-10-24 19:47:32'),(2939,0,'en','plugins/ecommerce/shipping','shipping_status','Shipping status','2021-10-24 19:47:04','2021-10-24 19:47:32'),(2940,0,'en','plugins/ecommerce/shipping','customer_information','Customer information','2021-10-24 19:47:04','2021-10-24 19:47:32'),(2941,0,'en','plugins/ecommerce/shipping','sku','SKU','2021-10-24 19:47:04','2021-10-24 19:47:32'),(2942,0,'en','plugins/ecommerce/shipping','change_status_confirm_title','Confirm <span class=\"shipment-status-label\"></span> ?','2021-10-24 19:47:04','2021-10-24 19:47:32'),(2943,0,'en','plugins/ecommerce/shipping','change_status_confirm_description','Are you sure you want to confirm <span class=\"shipment-status-label\"></span> for this shipment?','2021-10-24 19:47:04','2021-10-24 19:47:32'),(2944,0,'en','plugins/ecommerce/shipping','accept','Accept','2021-10-24 19:47:04','2021-10-24 19:47:32'),(2945,0,'en','plugins/ecommerce/shipping','weight_unit','Weight (:unit)','2021-10-24 19:47:04','2021-10-24 19:47:32'),(2946,0,'en','plugins/ecommerce/shipping','updated_at','Last Update','2021-10-24 19:47:04','2021-10-24 19:47:32'),(2947,0,'en','plugins/ecommerce/shipping','cod_amount','Cash on delivery amount (COD)','2021-10-24 19:47:04','2021-10-24 19:47:32'),(2948,0,'en','plugins/ecommerce/shipping','cancel_shipping','Cancel shipping','2021-10-24 19:47:04','2021-10-24 19:47:32'),(2949,0,'en','plugins/ecommerce/shipping','shipping_address','Shipping address','2021-10-24 19:47:04','2021-10-24 19:47:32'),(2950,0,'en','plugins/ecommerce/shipping','packages','Packages','2021-10-24 19:47:04','2021-10-24 19:47:32'),(2951,0,'en','plugins/ecommerce/shipping','edit','Edit','2021-10-24 19:47:04','2021-10-24 19:47:32'),(2952,0,'en','plugins/ecommerce/shipping','fee','Fee','2021-10-24 19:47:04','2021-10-24 19:47:32'),(2953,0,'en','plugins/ecommerce/shipping','note','Note','2021-10-24 19:47:04','2021-10-24 19:47:32'),(2954,0,'en','plugins/ecommerce/shipping','finish','Finish','2021-10-24 19:47:04','2021-10-24 19:47:32'),(2955,0,'en','plugins/ecommerce/shipping','shipping_fee_cod','Shipping fee/COD','2021-10-24 19:47:04','2021-10-24 19:47:32'),(2956,0,'en','plugins/ecommerce/shipping','send_confirmation_email_to_customer','Send confirmation email to customer','2021-10-24 19:47:04','2021-10-24 19:47:32'),(2957,0,'en','plugins/ecommerce/shipping','form_name','Name','2021-10-24 19:47:04','2021-10-24 19:47:32'),(2958,0,'en','plugins/ecommerce/shipping','changed_shipping_status','Changed status of shipping to : :status . Updated by: %user_name%','2021-10-24 19:47:04','2021-10-24 19:47:32'),(2959,0,'en','plugins/ecommerce/shipping','order_confirmed_by','Order confirmed by %user_name%','2021-10-24 19:47:04','2021-10-24 19:47:32'),(2960,0,'en','plugins/ecommerce/shipping','shipping_canceled_by','Shipping is cancelled by %user_name%','2021-10-24 19:47:04','2021-10-24 19:47:32'),(2961,0,'en','plugins/ecommerce/shipping','update_shipping_status_success','Update shipping status successfully!','2021-10-24 19:47:04','2021-10-24 19:47:32'),(2962,0,'en','plugins/ecommerce/shipping','update_cod_status_success','Updated COD status of shipping successfully!','2021-10-24 19:47:04','2021-10-24 19:47:32'),(2963,0,'en','plugins/ecommerce/shipping','updated_cod_status_by','Updated COD status to :status . Updated by: %user_name%','2021-10-24 19:47:04','2021-10-24 19:47:32'),(2964,0,'en','plugins/ecommerce/shipping','all','All','2021-10-24 19:47:04','2021-10-24 19:47:32'),(2965,0,'en','plugins/ecommerce/shipping','error_when_adding_new_region','There is an error when adding new region!','2021-10-24 19:47:04','2021-10-24 19:47:32'),(2966,0,'en','plugins/ecommerce/shipping','delivery','Delivery','2021-10-24 19:47:04','2021-10-24 19:47:32'),(2967,0,'en','plugins/ecommerce/shipping','adjustment_price_of','Adjustment price of :key','2021-10-24 19:47:04','2021-10-24 19:47:32'),(2968,0,'en','plugins/ecommerce/shipping','warehouse','Warehouse','2021-10-24 19:47:04','2021-10-24 19:47:32'),(2969,0,'en','plugins/ecommerce/shipping','delivery_note','Delivery note','2021-10-24 19:47:04','2021-10-24 19:47:32'),(2970,0,'en','plugins/ecommerce/store-locator','name','Store locators','2021-10-24 19:47:04','2021-10-24 19:47:32'),(2971,0,'en','plugins/ecommerce/store-locator','description','This address will appear on your invoice and will be used to calculate your shipping price.','2021-10-24 19:47:04','2021-10-24 19:47:32'),(2972,0,'en','plugins/ecommerce/store-locator','shop_name','Shop name','2021-10-24 19:47:04','2021-10-24 19:47:32'),(2973,0,'en','plugins/ecommerce/store-locator','phone','Phone','2021-10-24 19:47:04','2021-10-24 19:47:32'),(2974,0,'en','plugins/ecommerce/store-locator','email','Email','2021-10-24 19:47:04','2021-10-24 19:47:32'),(2975,0,'en','plugins/ecommerce/store-locator','state','State','2021-10-24 19:47:04','2021-10-24 19:47:32'),(2976,0,'en','plugins/ecommerce/store-locator','city','City','2021-10-24 19:47:04','2021-10-24 19:47:32'),(2977,0,'en','plugins/ecommerce/store-locator','country','Country','2021-10-24 19:47:04','2021-10-24 19:47:32'),(2978,0,'en','plugins/ecommerce/store-locator','address','Address','2021-10-24 19:47:04','2021-10-24 19:47:32'),(2979,0,'en','plugins/ecommerce/store-locator','primary_store_is','Primary store is','2021-10-24 19:47:04','2021-10-24 19:47:32'),(2980,0,'en','plugins/ecommerce/store-locator','store_name','Store name','2021-10-24 19:47:04','2021-10-24 19:47:32'),(2981,0,'en','plugins/ecommerce/store-locator','select_country','Select country...','2021-10-24 19:47:04','2021-10-24 19:47:32'),(2982,0,'en','plugins/ecommerce/store-locator','default_shipping_location','Default shipping location','2021-10-24 19:47:04','2021-10-24 19:47:32'),(2983,0,'en','plugins/ecommerce/store-locator','default_store','Default store','2021-10-24 19:47:04','2021-10-24 19:47:32'),(2984,0,'en','plugins/ecommerce/tax','name','Taxes','2021-10-24 19:47:04','2021-10-24 19:47:32'),(2985,0,'en','plugins/ecommerce/tax','create','Create a tax','2021-10-24 19:47:04','2021-10-24 19:47:32'),(2986,0,'en','plugins/ecommerce/tax','edit','Edit tax :title','2021-10-24 19:47:04','2021-10-24 19:47:32'),(2987,0,'en','plugins/ecommerce/tax','title','Title','2021-10-24 19:47:04','2021-10-24 19:47:32'),(2988,0,'en','plugins/ecommerce/tax','percentage','Percentage %','2021-10-24 19:47:04','2021-10-24 19:47:32'),(2989,0,'en','plugins/ecommerce/tax','priority','Priority','2021-10-24 19:47:04','2021-10-24 19:47:32'),(2990,0,'en','plugins/ecommerce/tax','select_tax','-- select --','2021-10-24 19:47:04','2021-10-24 19:47:32'),(2991,0,'vi','plugins/ecommerce/brands','name','Thương hiệu','2021-10-24 19:47:04','2021-10-24 19:47:31'),(2992,0,'vi','plugins/ecommerce/brands','create','Thêm thương hiệu mới','2021-10-24 19:47:04','2021-10-24 19:47:31'),(2993,0,'vi','plugins/ecommerce/brands','edit','Sửa thương hiệu','2021-10-24 19:47:04','2021-10-24 19:47:31'),(2994,0,'vi','plugins/ecommerce/brands','form.name','Tên','2021-10-24 19:47:04','2021-10-24 19:47:31'),(2995,0,'vi','plugins/ecommerce/brands','form.name_placeholder','Tên thương hiệu (tối đa 255 kí tự)','2021-10-24 19:47:04','2021-10-24 19:47:31'),(2996,0,'vi','plugins/ecommerce/brands','form.description','Mô tả','2021-10-24 19:47:04','2021-10-24 19:47:31'),(2997,0,'vi','plugins/ecommerce/brands','form.description_placeholder','Mô tả ngắn cho thương hiệu này (tối đa 400 kí tự)','2021-10-24 19:47:04','2021-10-24 19:47:31'),(2998,0,'vi','plugins/ecommerce/brands','form.website','Website','2021-10-24 19:47:04','2021-10-24 19:47:31'),(2999,0,'vi','plugins/ecommerce/brands','form.logo','Logo','2021-10-24 19:47:04','2021-10-24 19:47:31'),(3000,0,'vi','plugins/ecommerce/brands','form.is_featured','Nổi bật?','2021-10-24 19:47:04','2021-10-24 19:47:31'),(3001,0,'vi','plugins/ecommerce/brands','logo','Logo','2021-10-24 19:47:04','2021-10-24 19:47:31'),(3002,0,'vi','plugins/ecommerce/brands','website','Website','2021-10-24 19:47:04','2021-10-24 19:47:31'),(3003,0,'vi','plugins/ecommerce/brands','notices.no_select','Không có bản ghi nào được chọn!','2021-10-24 19:47:04','2021-10-24 19:47:31'),(3004,0,'vi','plugins/ecommerce/brands','notices.update_success_message','Cập nhật thành công','2021-10-24 19:47:04','2021-10-24 19:47:31'),(3005,0,'vi','plugins/ecommerce/brands','cannot_delete','Xoá không thành công','2021-10-24 19:47:04','2021-10-24 19:47:31'),(3006,0,'vi','plugins/ecommerce/brands','brand_deleted','Xoá thương hiệu thành công','2021-10-24 19:47:04','2021-10-24 19:47:31'),(3007,0,'vi','plugins/ecommerce/brands','menu','Thương hiệu','2021-10-24 19:47:04','2021-10-24 19:47:31'),(3008,0,'vi','plugins/ecommerce/brands','intro.title','Quản lý danh sách thương hiệu','2021-10-24 19:47:04','2021-10-24 19:47:31'),(3009,0,'vi','plugins/ecommerce/brands','intro.description','Các thương hiệu của sản phẩm như Nike, Adidas, Bitis ...','2021-10-24 19:47:04','2021-10-24 19:47:31'),(3010,0,'vi','plugins/ecommerce/brands','intro.button_text','Tạo thương hiệu','2021-10-24 19:47:04','2021-10-24 19:47:31'),(3011,0,'vi','plugins/ecommerce/brands','no_brand','Không có thương hiệu','2021-10-24 19:47:04','2021-10-24 19:47:31'),(3033,0,'vi','plugins/ecommerce/currency','currencies','Tiền tệ','2021-10-24 19:47:04','2021-10-24 19:47:31'),(3034,0,'vi','plugins/ecommerce/currency','setting_description','Các loại tiền tệ được sử dụng trên website.','2021-10-24 19:47:04','2021-10-24 19:47:31'),(3035,0,'vi','plugins/ecommerce/currency','name','Tên','2021-10-24 19:47:04','2021-10-24 19:47:31'),(3036,0,'vi','plugins/ecommerce/currency','symbol','Ký hiệu','2021-10-24 19:47:04','2021-10-24 19:47:31'),(3037,0,'vi','plugins/ecommerce/currency','number_of_decimals','Số thập phân','2021-10-24 19:47:04','2021-10-24 19:47:31'),(3038,0,'vi','plugins/ecommerce/currency','exchange_rate','Tỷ giá','2021-10-24 19:47:04','2021-10-24 19:47:31'),(3039,0,'vi','plugins/ecommerce/currency','is_prefix_symbol','Vị trí ký hiệu','2021-10-24 19:47:04','2021-10-24 19:47:31'),(3040,0,'vi','plugins/ecommerce/currency','is_default','Mặc định?','2021-10-24 19:47:04','2021-10-24 19:47:31'),(3041,0,'vi','plugins/ecommerce/currency','remove','Xoá','2021-10-24 19:47:04','2021-10-24 19:47:31'),(3042,0,'vi','plugins/ecommerce/currency','new_currency','Thêm tiền tệ mới','2021-10-24 19:47:04','2021-10-24 19:47:31'),(3043,0,'vi','plugins/ecommerce/currency','save_settings','Lưu cài đặt','2021-10-24 19:47:04','2021-10-24 19:47:31'),(3044,0,'vi','plugins/ecommerce/currency','before_number','Trước số','2021-10-24 19:47:04','2021-10-24 19:47:31'),(3045,0,'vi','plugins/ecommerce/currency','after_number','Sau số','2021-10-24 19:47:04','2021-10-24 19:47:31'),(3046,0,'vi','plugins/ecommerce/customer','name','Khách hàng','2021-10-24 19:47:04','2021-10-24 19:47:31'),(3047,0,'vi','plugins/ecommerce/customer','create','Create a customer','2021-10-24 19:47:04','2021-10-24 19:47:31'),(3048,0,'vi','plugins/ecommerce/customer','edit','Edit customer \":name\"','2021-10-24 19:47:04','2021-10-24 19:47:31'),(3049,0,'vi','plugins/ecommerce/customer','email','Email','2021-10-24 19:47:04','2021-10-24 19:47:31'),(3050,0,'vi','plugins/ecommerce/customer','email_placeholder','Ex: example@gmail.com','2021-10-24 19:47:04','2021-10-24 19:47:31'),(3051,0,'vi','plugins/ecommerce/customer','password','Password','2021-10-24 19:47:04','2021-10-24 19:47:31'),(3052,0,'vi','plugins/ecommerce/customer','change_password','Change password?','2021-10-24 19:47:04','2021-10-24 19:47:31'),(3053,0,'vi','plugins/ecommerce/customer','password_confirmation','Password confirmation','2021-10-24 19:47:04','2021-10-24 19:47:31'),(3054,0,'vi','plugins/ecommerce/customer','intro.title','Quản lý danh sách khách hàng','2021-10-24 19:47:04','2021-10-24 19:47:31'),(3055,0,'vi','plugins/ecommerce/customer','intro.description','Khi khách hàng đặt hàng, bạn sẽ biết được thông tin và lịch sử mua hàng của khách hàng.','2021-10-24 19:47:04','2021-10-24 19:47:31'),(3056,0,'vi','plugins/ecommerce/customer','intro.button_text','Tạo khách hàng','2021-10-24 19:47:04','2021-10-24 19:47:31'),(3057,0,'vi','plugins/ecommerce/discount','name','Khuyến mãi','2021-10-24 19:47:04','2021-10-24 19:47:31'),(3058,0,'vi','plugins/ecommerce/discount','invalid_coupon','Mã khuyến mãi không hợp lệ hoặc đã hết hạn!','2021-10-24 19:47:04','2021-10-24 19:47:31'),(3059,0,'vi','plugins/ecommerce/discount','cannot_use_same_time_with_other_discount_program','Mã khuyến mãi này không thể sử dụng chung với chương trình khuyến mãi!','2021-10-24 19:47:04','2021-10-24 19:47:31'),(3060,0,'vi','plugins/ecommerce/discount','not_used','Chưa sử dụng mã giảm giá này','2021-10-24 19:47:04','2021-10-24 19:47:31'),(3061,0,'vi','plugins/ecommerce/discount','detail','Detail','2021-10-24 19:47:04','2021-10-24 19:47:31'),(3062,0,'vi','plugins/ecommerce/discount','used','Used','2021-10-24 19:47:04','2021-10-24 19:47:31'),(3063,0,'vi','plugins/ecommerce/discount','start_date','Start date','2021-10-24 19:47:04','2021-10-24 19:47:31'),(3064,0,'vi','plugins/ecommerce/discount','end_date','End date','2021-10-24 19:47:04','2021-10-24 19:47:31'),(3065,0,'vi','plugins/ecommerce/discount','intro.title','Chương trình khuyến mãi','2021-10-24 19:47:04','2021-10-24 19:47:31'),(3066,0,'vi','plugins/ecommerce/discount','intro.description','Tạo ra các mã coupon, cài đặt một sản phẩm, hoặc một nhóm sản phẩm khuyến mãi dành cho các khách hàng thân thiết của bạn.','2021-10-24 19:47:04','2021-10-24 19:47:31'),(3067,0,'vi','plugins/ecommerce/discount','intro.button_text','Tạo khuyến mãi','2021-10-24 19:47:04','2021-10-24 19:47:31'),(3068,0,'vi','plugins/ecommerce/discount','create','Create discount','2021-10-24 19:47:04','2021-10-24 19:47:31'),(3069,0,'vi','plugins/ecommerce/discount','expired','Expired','2021-10-24 19:47:04','2021-10-24 19:47:31'),(3070,0,'vi','plugins/ecommerce/discount','discount_promotion','Discount promotion','2021-10-24 19:47:04','2021-10-24 19:47:31'),(3071,0,'vi','plugins/ecommerce/discount','can','can','2021-10-24 19:47:04','2021-10-24 19:47:31'),(3072,0,'vi','plugins/ecommerce/discount','cannot','cannot','2021-10-24 19:47:04','2021-10-24 19:47:31'),(3073,0,'vi','plugins/ecommerce/discount','use_with_promotion','be used with promotion','2021-10-24 19:47:04','2021-10-24 19:47:31'),(3074,0,'vi','plugins/ecommerce/discount','create_discount_validate_title_required_if','Please enter the name of the promotion','2021-10-24 19:47:04','2021-10-24 19:47:31'),(3075,0,'vi','plugins/ecommerce/discount','create_discount_validate_code_required_if','Please enter the promotion code','2021-10-24 19:47:04','2021-10-24 19:47:31'),(3076,0,'vi','plugins/ecommerce/discount','create_discount_validate_value_required','Amount must be greater than 0','2021-10-24 19:47:04','2021-10-24 19:47:31'),(3077,0,'vi','plugins/ecommerce/discount','create_discount_validate_target_required','No object selected for promotion','2021-10-24 19:47:04','2021-10-24 19:47:31'),(3078,0,'vi','plugins/ecommerce/discount','enums.type-options.amount','Amount - Fixed','2021-10-24 19:47:04','2021-10-24 19:47:31'),(3079,0,'vi','plugins/ecommerce/discount','enums.type-options.percentage','Discount %','2021-10-24 19:47:04','2021-10-24 19:47:31'),(3080,0,'vi','plugins/ecommerce/discount','enums.type-options.shipping','Free shipping','2021-10-24 19:47:04','2021-10-24 19:47:31'),(3081,0,'vi','plugins/ecommerce/discount','enums.type-options.same-price','Same price','2021-10-24 19:47:04','2021-10-24 19:47:31'),(3082,0,'vi','plugins/ecommerce/discount','discount','Discount','2021-10-24 19:47:04','2021-10-24 19:47:31'),(3083,0,'vi','plugins/ecommerce/discount','create_coupon_code','Tạo mã khuyến mãi','2021-10-24 19:47:04','2021-10-24 19:47:31'),(3084,0,'vi','plugins/ecommerce/discount','create_discount_promotion','Create discount promotion','2021-10-24 19:47:04','2021-10-24 19:47:31'),(3085,0,'vi','plugins/ecommerce/discount','generate_coupon_code','Generate coupon code','2021-10-24 19:47:04','2021-10-24 19:47:31'),(3086,0,'vi','plugins/ecommerce/discount','customers_will_enter_this_coupon_code_when_they_checkout','Customers will enter this coupon code when they checkout','2021-10-24 19:47:04','2021-10-24 19:47:31'),(3087,0,'vi','plugins/ecommerce/discount','select_type_of_discount','Select type of discount','2021-10-24 19:47:04','2021-10-24 19:47:31'),(3088,0,'vi','plugins/ecommerce/discount','coupon_code','Coupon code','2021-10-24 19:47:04','2021-10-24 19:47:31'),(3089,0,'vi','plugins/ecommerce/discount','promotion','Promotion','2021-10-24 19:47:04','2021-10-24 19:47:31'),(3090,0,'vi','plugins/ecommerce/discount','can_be_used_with_promotion','Can be used with promotion','2021-10-24 19:47:05','2021-10-24 19:47:31'),(3091,0,'vi','plugins/ecommerce/discount','unlimited_coupon','Unlimited coupon','2021-10-24 19:47:05','2021-10-24 19:47:31'),(3092,0,'vi','plugins/ecommerce/discount','enter_number','Enter number','2021-10-24 19:47:05','2021-10-24 19:47:31'),(3093,0,'vi','plugins/ecommerce/discount','coupon_type','Coupon type','2021-10-24 19:47:05','2021-10-24 19:47:31'),(3094,0,'vi','plugins/ecommerce/discount','percentage_discount','Percentage discount (%)','2021-10-24 19:47:05','2021-10-24 19:47:31'),(3095,0,'vi','plugins/ecommerce/discount','free_shipping','Free shipping','2021-10-24 19:47:05','2021-10-24 19:47:31'),(3096,0,'vi','plugins/ecommerce/discount','same_price','Same price','2021-10-24 19:47:05','2021-10-24 19:47:31'),(3097,0,'vi','plugins/ecommerce/discount','apply_for','apply for','2021-10-24 19:47:05','2021-10-24 19:47:31'),(3098,0,'vi','plugins/ecommerce/discount','all_orders','All orders','2021-10-24 19:47:05','2021-10-24 19:47:31'),(3099,0,'vi','plugins/ecommerce/discount','order_amount_from','Order amount from','2021-10-24 19:47:05','2021-10-24 19:47:31'),(3100,0,'vi','plugins/ecommerce/discount','product_collection','Product collection','2021-10-24 19:47:05','2021-10-24 19:47:31'),(3101,0,'vi','plugins/ecommerce/discount','product','Product','2021-10-24 19:47:05','2021-10-24 19:47:31'),(3102,0,'vi','plugins/ecommerce/discount','customer','Customer','2021-10-24 19:47:05','2021-10-24 19:47:31'),(3103,0,'vi','plugins/ecommerce/discount','variant','Variant','2021-10-24 19:47:05','2021-10-24 19:47:31'),(3104,0,'vi','plugins/ecommerce/discount','search_product','Search product','2021-10-24 19:47:05','2021-10-24 19:47:31'),(3105,0,'vi','plugins/ecommerce/discount','no_products_found','No products found!','2021-10-24 19:47:05','2021-10-24 19:47:31'),(3106,0,'vi','plugins/ecommerce/discount','search_customer','Search customer','2021-10-24 19:47:05','2021-10-24 19:47:31'),(3107,0,'vi','plugins/ecommerce/discount','no_customer_found','No customer found!','2021-10-24 19:47:05','2021-10-24 19:47:31'),(3108,0,'vi','plugins/ecommerce/discount','one_time_per_order','One time per order','2021-10-24 19:47:05','2021-10-24 19:47:31'),(3109,0,'vi','plugins/ecommerce/discount','one_time_per_product_in_cart','One time per product in cart','2021-10-24 19:47:05','2021-10-24 19:47:31'),(3110,0,'vi','plugins/ecommerce/discount','number_of_products','Number of products required to apply','2021-10-24 19:47:05','2021-10-24 19:47:31'),(3111,0,'vi','plugins/ecommerce/discount','selected_products','Selected products','2021-10-24 19:47:05','2021-10-24 19:47:31'),(3112,0,'vi','plugins/ecommerce/discount','selected_customers','Selected customers','2021-10-24 19:47:05','2021-10-24 19:47:31'),(3113,0,'vi','plugins/ecommerce/discount','time','Time','2021-10-24 19:47:05','2021-10-24 19:47:31'),(3114,0,'vi','plugins/ecommerce/discount','never_expired','Never expired','2021-10-24 19:47:05','2021-10-24 19:47:31'),(3115,0,'vi','plugins/ecommerce/discount','save','Save','2021-10-24 19:47:05','2021-10-24 19:47:31'),(3116,0,'vi','plugins/ecommerce/discount','enter_promotion_name','Enter promotion name','2021-10-24 19:47:05','2021-10-24 19:47:31'),(3117,0,'vi','plugins/ecommerce/discount','enter_coupon_name','Enter coupon name','2021-10-24 19:47:05','2021-10-24 19:47:31'),(3118,0,'vi','plugins/ecommerce/discount','cancel','Cancel','2021-10-24 19:47:05','2021-10-24 19:47:31'),(3119,0,'vi','plugins/ecommerce/discount','is','Is','2021-10-24 19:47:05','2021-10-24 19:47:31'),(3120,0,'vi','plugins/ecommerce/discount','when_shipping_fee_less_than','when shipping fee less than','2021-10-24 19:47:05','2021-10-24 19:47:31'),(3121,0,'vi','plugins/ecommerce/ecommerce','settings','Cài đặt','2021-10-24 19:47:05','2021-10-24 19:47:31'),(3122,0,'vi','plugins/ecommerce/ecommerce','name','Thương mại điện tử','2021-10-24 19:47:05','2021-10-24 19:47:31'),(3123,0,'vi','plugins/ecommerce/ecommerce','setting.email.title','E-commerce','2021-10-24 19:47:05','2021-10-24 19:47:31'),(3124,0,'vi','plugins/ecommerce/ecommerce','setting.email.description','Ecommerce email config','2021-10-24 19:47:05','2021-10-24 19:47:31'),(3125,0,'vi','plugins/ecommerce/ecommerce','setting.email.order_confirm_subject','Subject of order confirmation email','2021-10-24 19:47:05','2021-10-24 19:47:31'),(3126,0,'vi','plugins/ecommerce/ecommerce','setting.email.order_confirm_subject_placeholder','The subject of email confirmation send to the customer','2021-10-24 19:47:05','2021-10-24 19:47:31'),(3127,0,'vi','plugins/ecommerce/ecommerce','setting.email.order_confirm_content','Content of order confirmation email','2021-10-24 19:47:05','2021-10-24 19:47:31'),(3128,0,'vi','plugins/ecommerce/ecommerce','setting.email.order_status_change_subject','Subject of email when changing order\'s status','2021-10-24 19:47:05','2021-10-24 19:47:31'),(3129,0,'vi','plugins/ecommerce/ecommerce','setting.email.order_status_change_subject_placeholder','Subject of email when changing order\'s status send to customer','2021-10-24 19:47:05','2021-10-24 19:47:31'),(3130,0,'vi','plugins/ecommerce/ecommerce','setting.email.order_status_change_content','Content of email when changing order\'s status','2021-10-24 19:47:05','2021-10-24 19:47:31'),(3131,0,'vi','plugins/ecommerce/ecommerce','setting.email.from_email','Email from','2021-10-24 19:47:05','2021-10-24 19:47:31'),(3132,0,'vi','plugins/ecommerce/ecommerce','setting.email.from_email_placeholder','Email from address to display in mail. Ex: example@gmail.com','2021-10-24 19:47:05','2021-10-24 19:47:31'),(3133,0,'vi','plugins/ecommerce/ecommerce','store_address','Địa chỉ cửa hàng','2021-10-24 19:47:05','2021-10-24 19:47:31'),(3134,0,'vi','plugins/ecommerce/ecommerce','store_phone','Số điện thoại cửa hàng','2021-10-24 19:47:05','2021-10-24 19:47:31'),(3135,0,'vi','plugins/ecommerce/ecommerce','order_id','Mã đơn hàng','2021-10-24 19:47:05','2021-10-24 19:47:31'),(3136,0,'vi','plugins/ecommerce/ecommerce','order_token','Chuỗi mã hoá đơn hàng','2021-10-24 19:47:05','2021-10-24 19:47:31'),(3137,0,'vi','plugins/ecommerce/ecommerce','customer_name','Tên khách hàng','2021-10-24 19:47:05','2021-10-24 19:47:31'),(3138,0,'vi','plugins/ecommerce/ecommerce','customer_email','Email khách hàng','2021-10-24 19:47:05','2021-10-24 19:47:31'),(3139,0,'vi','plugins/ecommerce/ecommerce','customer_phone','Số điện thoại khách hàng','2021-10-24 19:47:05','2021-10-24 19:47:31'),(3140,0,'vi','plugins/ecommerce/ecommerce','customer_address','Địa chỉ khách hàng','2021-10-24 19:47:05','2021-10-24 19:47:31'),(3141,0,'vi','plugins/ecommerce/ecommerce','product_list','Danh sách sản phẩm trong đơn hàng','2021-10-24 19:47:05','2021-10-24 19:47:31'),(3142,0,'vi','plugins/ecommerce/ecommerce','payment_detail','Chi tiết thanh toán','2021-10-24 19:47:05','2021-10-24 19:47:31'),(3143,0,'vi','plugins/ecommerce/ecommerce','shipping_method','Phương thức vận chuyển','2021-10-24 19:47:05','2021-10-24 19:47:31'),(3144,0,'vi','plugins/ecommerce/ecommerce','payment_method','Phương thức thanh toán','2021-10-24 19:47:05','2021-10-24 19:47:31'),(3145,0,'vi','plugins/ecommerce/ecommerce','standard_and_format','Tiêu chuẩn & Định dạng','2021-10-24 19:47:05','2021-10-24 19:47:31'),(3146,0,'vi','plugins/ecommerce/ecommerce','standard_and_format_description','Các tiêu chuẩn và các định dạng được sử dụng để tính toán những thứ như giá cả sản phẩm, trọng lượng vận chuyển và thời gian đơn hàng được đặt.','2021-10-24 19:47:05','2021-10-24 19:47:31'),(3147,0,'vi','plugins/ecommerce/ecommerce','change_order_format','Chỉnh sửa định dạng mã đơn hàng (tùy chọn)','2021-10-24 19:47:05','2021-10-24 19:47:31'),(3148,0,'vi','plugins/ecommerce/ecommerce','change_order_format_description','Mã đơn hàng mặc định bắt đầu từ :number. Bạn có thể thay đổi chuỗi bắt đầu hoặc kết thúc để tạo mã đơn hàng theo ý bạn, ví dụ \"DH-:number\" hoặc \":number-A\"','2021-10-24 19:47:05','2021-10-24 19:47:31'),(3149,0,'vi','plugins/ecommerce/ecommerce','start_with','Bắt đầu bằng','2021-10-24 19:47:05','2021-10-24 19:47:31'),(3150,0,'vi','plugins/ecommerce/ecommerce','end_with','Kết thúc bằng','2021-10-24 19:47:05','2021-10-24 19:47:31'),(3151,0,'vi','plugins/ecommerce/ecommerce','order_will_be_shown','Mã đơn hàng của bạn sẽ hiển thị theo mẫu','2021-10-24 19:47:05','2021-10-24 19:47:31'),(3152,0,'vi','plugins/ecommerce/ecommerce','weight_unit','Đơn vị cân nặng','2021-10-24 19:47:05','2021-10-24 19:47:31'),(3153,0,'vi','plugins/ecommerce/ecommerce','height_unit','Đơn vị chiều dài/chiều cao','2021-10-24 19:47:05','2021-10-24 19:47:31'),(3154,0,'vi','plugins/ecommerce/email','customer_new_order_title','Xác nhận đơn hàng','2021-10-24 19:47:05','2021-10-24 19:47:31'),(3155,0,'vi','plugins/ecommerce/email','customer_new_order_description','Được gửi khi khách hàng tạo đơn hàng','2021-10-24 19:47:05','2021-10-24 19:47:31'),(3156,0,'vi','plugins/ecommerce/email','order_cancellation_title','Hủy đơn hàng','2021-10-24 19:47:05','2021-10-24 19:47:31'),(3157,0,'vi','plugins/ecommerce/email','order_cancellation_description','Được gửi khi khách hàng hủy đơn hàng','2021-10-24 19:47:05','2021-10-24 19:47:31'),(3158,0,'vi','plugins/ecommerce/email','delivery_confirmation_title','Xác nhận giao hàng','2021-10-24 19:47:05','2021-10-24 19:47:31'),(3159,0,'vi','plugins/ecommerce/email','delivery_confirmation_description','Được gửi đến khách hàng khi bắt đầu giao hàng','2021-10-24 19:47:05','2021-10-24 19:47:31'),(3160,0,'vi','plugins/ecommerce/email','admin_new_order_title','Thông báo có đơn hàng mới','2021-10-24 19:47:05','2021-10-24 19:47:31'),(3161,0,'vi','plugins/ecommerce/email','admin_new_order_description','Được gửi cho quản trị viên khi có khách mua hàng','2021-10-24 19:47:05','2021-10-24 19:47:31'),(3162,0,'vi','plugins/ecommerce/email','order_confirmation_title','Xác nhận đơn hàng','2021-10-24 19:47:05','2021-10-24 19:47:31'),(3163,0,'vi','plugins/ecommerce/email','order_confirmation_description','Email được gửi đến khách hàng khi đơn hàng xác nhận','2021-10-24 19:47:05','2021-10-24 19:47:31'),(3164,0,'vi','plugins/ecommerce/email','payment_confirmation_title','Xác nhận thanh toán','2021-10-24 19:47:05','2021-10-24 19:47:31'),(3165,0,'vi','plugins/ecommerce/email','payment_confirmation_description','Email được gửi đến khách hàng khi đơn hàng xác nhận thanh toán','2021-10-24 19:47:05','2021-10-24 19:47:31'),(3166,0,'vi','plugins/ecommerce/email','order_recover_title','Đơn hàng đang chờ hoàn tất','2021-10-24 19:47:05','2021-10-24 19:47:31'),(3167,0,'vi','plugins/ecommerce/email','order_recover_description','Email nhắc nhở khách hàng hoàn tất đơn hàng','2021-10-24 19:47:05','2021-10-24 19:47:31'),(3168,0,'vi','plugins/ecommerce/email','link_go_to_our_shop','hoặc <a href=\":link\">Truy cập website</a>','2021-10-24 19:47:05','2021-10-24 19:47:31'),(3169,0,'vi','plugins/ecommerce/email','order_information','Thông tin đơn hàng','2021-10-24 19:47:05','2021-10-24 19:47:31'),(3170,0,'vi','plugins/ecommerce/email','order_number','Mã đơn hàng: <strong>:order_id</strong>','2021-10-24 19:47:05','2021-10-24 19:47:31'),(3171,0,'vi','plugins/ecommerce/email','view_order','Xem đơn hàng','2021-10-24 19:47:05','2021-10-24 19:47:31'),(3172,0,'vi','plugins/ecommerce/order','statuses.pending','Chưa xử lý','2021-10-24 19:47:05','2021-10-24 19:47:31'),(3173,0,'vi','plugins/ecommerce/order','statuses.processing','Đang xử lý','2021-10-24 19:47:05','2021-10-24 19:47:31'),(3174,0,'vi','plugins/ecommerce/order','statuses.delivering','Đang giao hàng','2021-10-24 19:47:05','2021-10-24 19:47:31'),(3175,0,'vi','plugins/ecommerce/order','statuses.delivered','Đã giao hàng','2021-10-24 19:47:05','2021-10-24 19:47:31'),(3176,0,'vi','plugins/ecommerce/order','statuses.completed','Hoàn thành','2021-10-24 19:47:05','2021-10-24 19:47:31'),(3177,0,'vi','plugins/ecommerce/order','statuses.canceled','Bị huỷ','2021-10-24 19:47:05','2021-10-24 19:47:31'),(3178,0,'vi','plugins/ecommerce/order','name','Đơn hàng','2021-10-24 19:47:05','2021-10-24 19:47:31'),(3179,0,'vi','plugins/ecommerce/order','incomplete_order','Đơn hàng chưa hoàn tất','2021-10-24 19:47:05','2021-10-24 19:47:31'),(3180,0,'vi','plugins/ecommerce/order','order_id','Mã đơn hàng','2021-10-24 19:47:05','2021-10-24 19:47:31'),(3181,0,'vi','plugins/ecommerce/order','customer_label','Khách hàng','2021-10-24 19:47:05','2021-10-24 19:47:31'),(3182,0,'vi','plugins/ecommerce/order','amount','Tổng cộng','2021-10-24 19:47:05','2021-10-24 19:47:31'),(3183,0,'vi','plugins/ecommerce/order','shipping_amount','Phí vận chuyển','2021-10-24 19:47:05','2021-10-24 19:47:31'),(3184,0,'vi','plugins/ecommerce/order','payment_method','Phương thức thanh toán','2021-10-24 19:47:05','2021-10-24 19:47:31'),(3185,0,'vi','plugins/ecommerce/order','payment_status_label','Trạng thái thanh toán','2021-10-24 19:47:05','2021-10-24 19:47:31'),(3186,0,'vi','plugins/ecommerce/order','manage_orders','Quản lý đơn hàng','2021-10-24 19:47:05','2021-10-24 19:47:31'),(3187,0,'vi','plugins/ecommerce/order','order_intro_description','Một khi cửa hàng của bạn có đơn đặt hàng, đây sẽ là nơi bạn xử lý và theo dõi những đơn đặt hàng đó.','2021-10-24 19:47:05','2021-10-24 19:47:31'),(3188,0,'vi','plugins/ecommerce/order','create_new_order','Tạo đơn hàng','2021-10-24 19:47:05','2021-10-24 19:47:31'),(3189,0,'vi','plugins/ecommerce/order','manage_incomplete_orders','Quản lý đơn hàng chưa hoàn tất','2021-10-24 19:47:05','2021-10-24 19:47:31'),(3190,0,'vi','plugins/ecommerce/order','incomplete_orders_intro_description','Đơn hàng chưa hoàn tất là đơn hàng được tạo khi khách hàng thêm sản phẩm vào giỏ hàng, tiến hành điền thông tin mua hàng nhưng không hoàn tất quá trình thanh toán.','2021-10-24 19:47:05','2021-10-24 19:47:31'),(3191,0,'vi','plugins/ecommerce/order','cannot_send_order_recover_to_mail','Không tìm thấy email nên không thể gửi email khôi phục cho khách hàng.','2021-10-24 19:47:05','2021-10-24 19:47:31'),(3192,0,'vi','plugins/ecommerce/order','menu','Đơn hàng','2021-10-24 19:47:05','2021-10-24 19:47:31'),(3193,0,'vi','plugins/ecommerce/order','order_information','Thông tin đơn hàng','2021-10-24 19:47:05','2021-10-24 19:47:31'),(3194,0,'vi','plugins/ecommerce/order','create','Create an order','2021-10-24 19:47:05','2021-10-24 19:47:31'),(3195,0,'vi','plugins/ecommerce/order','cancel_error','The order is delivering or completed','2021-10-24 19:47:05','2021-10-24 19:47:31'),(3196,0,'vi','plugins/ecommerce/order','cancel_success','You do cancel the order successful','2021-10-24 19:47:05','2021-10-24 19:47:31'),(3197,0,'vi','plugins/ecommerce/order','product_id','Product ID','2021-10-24 19:47:05','2021-10-24 19:47:31'),(3198,0,'vi','plugins/ecommerce/order','tax_amount','Tax Amount','2021-10-24 19:47:05','2021-10-24 19:47:31'),(3199,0,'vi','plugins/ecommerce/order','invoice_for_order','Invoice for order','2021-10-24 19:47:05','2021-10-24 19:47:31'),(3200,0,'vi','plugins/ecommerce/order','created','Created','2021-10-24 19:47:05','2021-10-24 19:47:31'),(3201,0,'vi','plugins/ecommerce/order','invoice','Invoice','2021-10-24 19:47:05','2021-10-24 19:47:31'),(3202,0,'vi','plugins/ecommerce/order','return','Return','2021-10-24 19:47:05','2021-10-24 19:47:31'),(3203,0,'vi','plugins/ecommerce/order','total_refund_amount','Total refund amount','2021-10-24 19:47:05','2021-10-24 19:47:31'),(3204,0,'vi','plugins/ecommerce/order','total_amount_can_be_refunded','Total amount can be refunded','2021-10-24 19:47:05','2021-10-24 19:47:31'),(3205,0,'vi','plugins/ecommerce/order','refund_reason','Refund reason (optional)','2021-10-24 19:47:05','2021-10-24 19:47:31'),(3206,0,'vi','plugins/ecommerce/order','products','product(s)','2021-10-24 19:47:05','2021-10-24 19:47:31'),(3207,0,'vi','plugins/ecommerce/order','default','Default','2021-10-24 19:47:05','2021-10-24 19:47:31'),(3208,0,'vi','plugins/ecommerce/order','system','System','2021-10-24 19:47:05','2021-10-24 19:47:31'),(3209,0,'vi','plugins/ecommerce/order','new_order_from','New order :order_id from :customer','2021-10-24 19:47:05','2021-10-24 19:47:31'),(3210,0,'vi','plugins/ecommerce/order','confirmation_email_was_sent_to_customer','The email confirmation was sent to customer','2021-10-24 19:47:05','2021-10-24 19:47:31'),(3211,0,'vi','plugins/ecommerce/order','address_name_required','The name field is required.','2021-10-24 19:47:05','2021-10-24 19:47:31'),(3212,0,'vi','plugins/ecommerce/order','address_phone_required','The phone field is required.','2021-10-24 19:47:05','2021-10-24 19:47:31'),(3213,0,'vi','plugins/ecommerce/order','address_email_required','The email field is required.','2021-10-24 19:47:05','2021-10-24 19:47:31'),(3214,0,'vi','plugins/ecommerce/order','address_email_unique','The customer with that email is existed, please choose other email or login with this email!','2021-10-24 19:47:05','2021-10-24 19:47:31'),(3215,0,'vi','plugins/ecommerce/order','address_state_required','The state field is required.','2021-10-24 19:47:05','2021-10-24 19:47:31'),(3216,0,'vi','plugins/ecommerce/order','address_city_required','The city field is required.','2021-10-24 19:47:05','2021-10-24 19:47:31'),(3217,0,'vi','plugins/ecommerce/order','address_country_required','The country field is required.','2021-10-24 19:47:05','2021-10-24 19:47:31'),(3218,0,'vi','plugins/ecommerce/order','address_address_required','The address field is required.','2021-10-24 19:47:05','2021-10-24 19:47:31'),(3219,0,'vi','plugins/ecommerce/order','create_order_from_payment_page','Order was created from checkout page','2021-10-24 19:47:05','2021-10-24 19:47:31'),(3220,0,'vi','plugins/ecommerce/order','order_was_verified_by','Order was verified by %user_name%','2021-10-24 19:47:05','2021-10-24 19:47:31'),(3221,0,'vi','plugins/ecommerce/order','new_order','New order :order_id','2021-10-24 19:47:05','2021-10-24 19:47:31'),(3222,0,'vi','plugins/ecommerce/order','payment_was_confirmed_by','Payment was confirmed (amount :money) by %user_name%','2021-10-24 19:47:05','2021-10-24 19:47:31'),(3223,0,'vi','plugins/ecommerce/order','edit_order','Edit order :code','2021-10-24 19:47:05','2021-10-24 19:47:31'),(3224,0,'vi','plugins/ecommerce/order','confirm_order_success','Confirm order successfully!','2021-10-24 19:47:05','2021-10-24 19:47:31'),(3225,0,'vi','plugins/ecommerce/order','error_when_sending_email','There is an error when sending email','2021-10-24 19:47:05','2021-10-24 19:47:31'),(3226,0,'vi','plugins/ecommerce/order','sent_confirmation_email_success','Sent confirmation email successfully!','2021-10-24 19:47:05','2021-10-24 19:47:31'),(3227,0,'vi','plugins/ecommerce/order','order_was_sent_to_shipping_team','Order was sent to shipping team','2021-10-24 19:47:05','2021-10-24 19:47:31'),(3228,0,'vi','plugins/ecommerce/order','by_username','by %user_name%','2021-10-24 19:47:05','2021-10-24 19:47:31'),(3229,0,'vi','plugins/ecommerce/order','shipping_was_created_from','Shipping was created from order %order_id%','2021-10-24 19:47:05','2021-10-24 19:47:31'),(3230,0,'vi','plugins/ecommerce/order','shipping_was_canceled_success','Shipping was cancelled successfully!','2021-10-24 19:47:05','2021-10-24 19:47:31'),(3231,0,'vi','plugins/ecommerce/order','shipping_was_canceled_by','Shipping was cancelled by %user_name%','2021-10-24 19:47:05','2021-10-24 19:47:31'),(3232,0,'vi','plugins/ecommerce/order','update_shipping_address_success','Update shipping address successfully!','2021-10-24 19:47:05','2021-10-24 19:47:31'),(3233,0,'vi','plugins/ecommerce/order','order_was_canceled_by','Order was cancelled by %user_name%','2021-10-24 19:47:05','2021-10-24 19:47:31'),(3234,0,'vi','plugins/ecommerce/order','confirm_payment_success','Confirm payment successfully!','2021-10-24 19:47:05','2021-10-24 19:47:31'),(3235,0,'vi','plugins/ecommerce/order','refund_amount_invalid','Refund amount must be lower or equal :price','2021-10-24 19:47:05','2021-10-24 19:47:31'),(3236,0,'vi','plugins/ecommerce/order','number_of_products_invalid','Number of products refund is not valid!','2021-10-24 19:47:05','2021-10-24 19:47:31'),(3237,0,'vi','plugins/ecommerce/order','cannot_found_payment_for_this_order','Cannot found payment for this order!','2021-10-24 19:47:05','2021-10-24 19:47:31'),(3238,0,'vi','plugins/ecommerce/order','refund_success_with_price','Refund success :price','2021-10-24 19:47:05','2021-10-24 19:47:31'),(3239,0,'vi','plugins/ecommerce/order','refund_success','Refund successfully!','2021-10-24 19:47:05','2021-10-24 19:47:31'),(3240,0,'vi','plugins/ecommerce/order','order_is_not_existed','Order is not existed!','2021-10-24 19:47:05','2021-10-24 19:47:31'),(3241,0,'vi','plugins/ecommerce/order','reorder','Reorder','2021-10-24 19:47:05','2021-10-24 19:47:31'),(3242,0,'vi','plugins/ecommerce/order','sent_email_incomplete_order_success','Sent email to remind about incomplete order successfully!','2021-10-24 19:47:05','2021-10-24 19:47:31'),(3243,0,'vi','plugins/ecommerce/order','applied_coupon_success','Applied coupon \":code\" successfully!','2021-10-24 19:47:05','2021-10-24 19:47:31'),(3244,0,'vi','plugins/ecommerce/order','new_order_notice','You have <span class=\"bold\">:count</span> New Order(s)','2021-10-24 19:47:05','2021-10-24 19:47:31'),(3245,0,'vi','plugins/ecommerce/order','view_all','View all','2021-10-24 19:47:05','2021-10-24 19:47:31'),(3246,0,'vi','plugins/ecommerce/order','cancel_order','Cancel order','2021-10-24 19:47:05','2021-10-24 19:47:31'),(3247,0,'vi','plugins/ecommerce/order','order_canceled','Order canceled','2021-10-24 19:47:05','2021-10-24 19:47:31'),(3248,0,'vi','plugins/ecommerce/order','order_was_canceled_at','Order was canceled at','2021-10-24 19:47:05','2021-10-24 19:47:31'),(3249,0,'vi','plugins/ecommerce/order','completed','Completed','2021-10-24 19:47:05','2021-10-24 19:47:31'),(3250,0,'vi','plugins/ecommerce/order','uncompleted','Uncompleted','2021-10-24 19:47:05','2021-10-24 19:47:31'),(3251,0,'vi','plugins/ecommerce/order','sku','SKU','2021-10-24 19:47:05','2021-10-24 19:47:31'),(3252,0,'vi','plugins/ecommerce/order','warehouse','Warehouse','2021-10-24 19:47:05','2021-10-24 19:47:31'),(3253,0,'vi','plugins/ecommerce/order','sub_amount','Sub amount','2021-10-24 19:47:05','2021-10-24 19:47:31'),(3254,0,'vi','plugins/ecommerce/order','coupon_code','Coupon code: \":code\"','2021-10-24 19:47:05','2021-10-24 19:47:31'),(3255,0,'vi','plugins/ecommerce/order','shipping_fee','Shipping fee','2021-10-24 19:47:05','2021-10-24 19:47:31'),(3256,0,'vi','plugins/ecommerce/order','tax','Tax','2021-10-24 19:47:05','2021-10-24 19:47:31'),(3257,0,'vi','plugins/ecommerce/order','refunded_amount','Refunded amount','2021-10-24 19:47:05','2021-10-24 19:47:31'),(3258,0,'vi','plugins/ecommerce/order','amount_received','The amount actually received','2021-10-24 19:47:05','2021-10-24 19:47:31'),(3259,0,'vi','plugins/ecommerce/order','download_invoice','Download invoice','2021-10-24 19:47:05','2021-10-24 19:47:31'),(3260,0,'vi','plugins/ecommerce/order','add_note','Add note...','2021-10-24 19:47:05','2021-10-24 19:47:31'),(3261,0,'vi','plugins/ecommerce/order','order_was_confirmed','Order was confirmed','2021-10-24 19:47:05','2021-10-24 19:47:31'),(3262,0,'vi','plugins/ecommerce/order','confirm_order','Confirm order','2021-10-24 19:47:05','2021-10-24 19:47:31'),(3263,0,'vi','plugins/ecommerce/order','confirm','Confirm','2021-10-24 19:47:05','2021-10-24 19:47:31'),(3264,0,'vi','plugins/ecommerce/order','order_was_canceled','Order was canceled','2021-10-24 19:47:05','2021-10-24 19:47:31'),(3265,0,'vi','plugins/ecommerce/order','pending_payment','Pending payment','2021-10-24 19:47:05','2021-10-24 19:47:31'),(3266,0,'vi','plugins/ecommerce/order','payment_was_accepted','Payment :money was accepted','2021-10-24 19:47:05','2021-10-24 19:47:31'),(3267,0,'vi','plugins/ecommerce/order','payment_was_refunded','Payment was refunded','2021-10-24 19:47:05','2021-10-24 19:47:31'),(3268,0,'vi','plugins/ecommerce/order','confirm_payment','Confirm payment','2021-10-24 19:47:05','2021-10-24 19:47:31'),(3269,0,'vi','plugins/ecommerce/order','refund','Refund','2021-10-24 19:47:05','2021-10-24 19:47:31'),(3270,0,'vi','plugins/ecommerce/order','all_products_are_not_delivered','All products are not delivered','2021-10-24 19:47:05','2021-10-24 19:47:31'),(3271,0,'vi','plugins/ecommerce/order','delivery','Delivery','2021-10-24 19:47:05','2021-10-24 19:47:31'),(3272,0,'vi','plugins/ecommerce/order','history','History','2021-10-24 19:47:05','2021-10-24 19:47:31'),(3273,0,'vi','plugins/ecommerce/order','order_number','Order number','2021-10-24 19:47:05','2021-10-24 19:47:31'),(3274,0,'vi','plugins/ecommerce/order','from','from','2021-10-24 19:47:05','2021-10-24 19:47:31'),(3275,0,'vi','plugins/ecommerce/order','status','Status','2021-10-24 19:47:05','2021-10-24 19:47:31'),(3276,0,'vi','plugins/ecommerce/order','successfully','Successfully','2021-10-24 19:47:05','2021-10-24 19:47:31'),(3277,0,'vi','plugins/ecommerce/order','transaction_type','Transaction\'s type','2021-10-24 19:47:05','2021-10-24 19:47:31'),(3278,0,'vi','plugins/ecommerce/order','staff','Staff','2021-10-24 19:47:05','2021-10-24 19:47:31'),(3279,0,'vi','plugins/ecommerce/order','refund_date','Refund date','2021-10-24 19:47:05','2021-10-24 19:47:31'),(3280,0,'vi','plugins/ecommerce/order','n_a','N\\A','2021-10-24 19:47:05','2021-10-24 19:47:31'),(3281,0,'vi','plugins/ecommerce/order','payment_date','Payment date','2021-10-24 19:47:05','2021-10-24 19:47:31'),(3282,0,'vi','plugins/ecommerce/order','payment_gateway','Payment gateway','2021-10-24 19:47:05','2021-10-24 19:47:31'),(3283,0,'vi','plugins/ecommerce/order','transaction_amount','Transaction amount','2021-10-24 19:47:05','2021-10-24 19:47:31'),(3284,0,'vi','plugins/ecommerce/order','resend','Resend','2021-10-24 19:47:05','2021-10-24 19:47:31'),(3285,0,'vi','plugins/ecommerce/order','default_store','Default store','2021-10-24 19:47:05','2021-10-24 19:47:31'),(3286,0,'vi','plugins/ecommerce/order','update_address','Update address','2021-10-24 19:47:05','2021-10-24 19:47:31'),(3287,0,'vi','plugins/ecommerce/order','have_an_account_already','Have an account already','2021-10-24 19:47:05','2021-10-24 19:47:31'),(3288,0,'vi','plugins/ecommerce/order','dont_have_an_account_yet','Don\'t have an account yet','2021-10-24 19:47:05','2021-10-24 19:47:31'),(3289,0,'vi','plugins/ecommerce/order','mark_payment_as_confirmed','Mark <span>:method</span> as confirmed','2021-10-24 19:47:05','2021-10-24 19:47:31'),(3290,0,'vi','plugins/ecommerce/order','resend_order_confirmation','Resend order confirmation','2021-10-24 19:47:05','2021-10-24 19:47:31'),(3291,0,'vi','plugins/ecommerce/order','resend_order_confirmation_description','Confirmation email will be sent to <strong>:email</strong>?','2021-10-24 19:47:05','2021-10-24 19:47:31'),(3292,0,'vi','plugins/ecommerce/order','send','Send','2021-10-24 19:47:05','2021-10-24 19:47:31'),(3293,0,'vi','plugins/ecommerce/order','update','Update','2021-10-24 19:47:05','2021-10-24 19:47:31'),(3294,0,'vi','plugins/ecommerce/order','cancel_shipping_confirmation','Cancel shipping confirmation?','2021-10-24 19:47:05','2021-10-24 19:47:31'),(3295,0,'vi','plugins/ecommerce/order','cancel_shipping_confirmation_description','Cancel shipping confirmation?','2021-10-24 19:47:05','2021-10-24 19:47:31'),(3296,0,'vi','plugins/ecommerce/order','cancel_order_confirmation','Cancel order confirmation?','2021-10-24 19:47:05','2021-10-24 19:47:31'),(3297,0,'vi','plugins/ecommerce/order','cancel_order_confirmation_description','Are you sure you want to cancel this order? This action cannot rollback','2021-10-24 19:47:05','2021-10-24 19:47:31'),(3298,0,'vi','plugins/ecommerce/order','confirm_payment_confirmation_description','Processed by <strong>:method</strong>. Did you receive payment outside the system? This payment won\'t be saved into system and cannot be refunded','2021-10-24 19:47:05','2021-10-24 19:47:31'),(3299,0,'vi','plugins/ecommerce/order','save_note','Save note','2021-10-24 19:47:05','2021-10-24 19:47:31'),(3300,0,'vi','plugins/ecommerce/order','order_note','Order note','2021-10-24 19:47:05','2021-10-24 19:47:31'),(3301,0,'vi','plugins/ecommerce/order','order_note_placeholder','Note about order, ex: time or shipping instruction.','2021-10-24 19:47:05','2021-10-24 19:47:31'),(3302,0,'vi','plugins/ecommerce/order','order_amount','Order amount','2021-10-24 19:47:05','2021-10-24 19:47:31'),(3303,0,'vi','plugins/ecommerce/order','additional_information','Additional information','2021-10-24 19:47:05','2021-10-24 19:47:31'),(3304,0,'vi','plugins/ecommerce/order','notice_about_incomplete_order','Notice about incomplete order','2021-10-24 19:47:05','2021-10-24 19:47:31'),(3305,0,'vi','plugins/ecommerce/order','notice_about_incomplete_order_description','Remind email about uncompleted order will be send to <strong>:email</strong>?','2021-10-24 19:47:05','2021-10-24 19:47:31'),(3306,0,'vi','plugins/ecommerce/order','incomplete_order_description_1','An incomplete order is when a potential customer places items in their shopping cart, and goes all the way through to the payment page, but then doesn\'t complete the transaction.','2021-10-24 19:47:05','2021-10-24 19:47:31'),(3307,0,'vi','plugins/ecommerce/order','incomplete_order_description_2','If you have contacted customers and they want to continue buying, you can help them complete their order by following the link:','2021-10-24 19:47:05','2021-10-24 19:47:31'),(3308,0,'vi','plugins/ecommerce/order','send_an_email_to_recover_this_order','Send an email to customer to recover this order','2021-10-24 19:47:05','2021-10-24 19:47:31'),(3309,0,'vi','plugins/ecommerce/order','see_maps','See maps','2021-10-24 19:47:05','2021-10-24 19:47:31'),(3310,0,'vi','plugins/ecommerce/order','one_or_more_products_dont_have_enough_quantity','One or more products don\'t have enough quantity!','2021-10-24 19:47:06','2021-10-24 19:47:31'),(3311,0,'vi','plugins/ecommerce/order','payment_info','Payment Info','2021-10-24 19:47:06','2021-10-24 19:47:31'),(3312,0,'vi','plugins/ecommerce/order','payment_method_refund_automatic','Your customer will be refunded using :method automatically.','2021-10-24 19:47:06','2021-10-24 19:47:31'),(3313,0,'vi','plugins/ecommerce/order','order','Order','2021-10-24 19:47:06','2021-10-24 19:47:31'),(3314,0,'vi','plugins/ecommerce/order','create_a_new_product','Create a new product','2021-10-24 19:47:06','2021-10-24 19:47:31'),(3315,0,'vi','plugins/ecommerce/order','out_of_stock','Out of stock','2021-10-24 19:47:06','2021-10-24 19:47:31'),(3316,0,'vi','plugins/ecommerce/order','products_available','product(s) available','2021-10-24 19:47:06','2021-10-24 19:47:31'),(3317,0,'vi','plugins/ecommerce/order','no_products_found','No products found!','2021-10-24 19:47:06','2021-10-24 19:47:31'),(3318,0,'vi','plugins/ecommerce/order','note','Note','2021-10-24 19:47:06','2021-10-24 19:47:31'),(3319,0,'vi','plugins/ecommerce/order','note_for_order','Note for order...','2021-10-24 19:47:06','2021-10-24 19:47:31'),(3320,0,'vi','plugins/ecommerce/order','add_discount','Add discount','2021-10-24 19:47:06','2021-10-24 19:47:31'),(3321,0,'vi','plugins/ecommerce/order','discount','Discount','2021-10-24 19:47:06','2021-10-24 19:47:31'),(3322,0,'vi','plugins/ecommerce/order','add_shipping_fee','Add shipping fee','2021-10-24 19:47:06','2021-10-24 19:47:31'),(3323,0,'vi','plugins/ecommerce/order','shipping','Shipping','2021-10-24 19:47:06','2021-10-24 19:47:31'),(3324,0,'vi','plugins/ecommerce/order','total_amount','Total amount','2021-10-24 19:47:06','2021-10-24 19:47:31'),(3325,0,'vi','plugins/ecommerce/order','confirm_payment_and_create_order','Confirm payment and create order','2021-10-24 19:47:06','2021-10-24 19:47:31'),(3326,0,'vi','plugins/ecommerce/order','paid','Paid','2021-10-24 19:47:06','2021-10-24 19:47:31'),(3327,0,'vi','plugins/ecommerce/order','pay_later','Pay later','2021-10-24 19:47:06','2021-10-24 19:47:31'),(3328,0,'vi','plugins/ecommerce/order','customer_information','Customer information','2021-10-24 19:47:06','2021-10-24 19:47:31'),(3329,0,'vi','plugins/ecommerce/order','create_new_customer','Create new customer','2021-10-24 19:47:06','2021-10-24 19:47:31'),(3330,0,'vi','plugins/ecommerce/order','no_customer_found','No customer found!','2021-10-24 19:47:06','2021-10-24 19:47:31'),(3331,0,'vi','plugins/ecommerce/order','customer','Customer','2021-10-24 19:47:06','2021-10-24 19:47:31'),(3332,0,'vi','plugins/ecommerce/order','orders','order(s)','2021-10-24 19:47:06','2021-10-24 19:47:31'),(3333,0,'vi','plugins/ecommerce/order','shipping_address','Shipping Address','2021-10-24 19:47:06','2021-10-24 19:47:31'),(3334,0,'vi','plugins/ecommerce/order','see_on_maps','See on maps','2021-10-24 19:47:06','2021-10-24 19:47:31'),(3335,0,'vi','plugins/ecommerce/order','price','Price','2021-10-24 19:47:06','2021-10-24 19:47:31'),(3336,0,'vi','plugins/ecommerce/order','sku_optional','SKU (optional)','2021-10-24 19:47:06','2021-10-24 19:47:31'),(3337,0,'vi','plugins/ecommerce/order','with_storehouse_management','With storehouse management?','2021-10-24 19:47:06','2021-10-24 19:47:31'),(3338,0,'vi','plugins/ecommerce/order','quantity','Quantity','2021-10-24 19:47:06','2021-10-24 19:47:31'),(3339,0,'vi','plugins/ecommerce/order','allow_customer_checkout_when_this_product_out_of_stock','Allow customer checkout when this product out of stock?','2021-10-24 19:47:06','2021-10-24 19:47:31'),(3340,0,'vi','plugins/ecommerce/order','address','Address','2021-10-24 19:47:06','2021-10-24 19:47:31'),(3341,0,'vi','plugins/ecommerce/order','phone','Phone','2021-10-24 19:47:06','2021-10-24 19:47:31'),(3342,0,'vi','plugins/ecommerce/order','country','Country','2021-10-24 19:47:06','2021-10-24 19:47:31'),(3343,0,'vi','plugins/ecommerce/order','state','State','2021-10-24 19:47:06','2021-10-24 19:47:31'),(3344,0,'vi','plugins/ecommerce/order','city','City','2021-10-24 19:47:06','2021-10-24 19:47:31'),(3345,0,'vi','plugins/ecommerce/order','zip_code','Zip code','2021-10-24 19:47:06','2021-10-24 19:47:31'),(3346,0,'vi','plugins/ecommerce/order','discount_based_on','Discount based on','2021-10-24 19:47:06','2021-10-24 19:47:31'),(3347,0,'vi','plugins/ecommerce/order','or_coupon_code','Or coupon code','2021-10-24 19:47:06','2021-10-24 19:47:31'),(3348,0,'vi','plugins/ecommerce/order','description','Description','2021-10-24 19:47:06','2021-10-24 19:47:31'),(3349,0,'vi','plugins/ecommerce/order','how_to_select_configured_shipping','How to select configured shipping?','2021-10-24 19:47:06','2021-10-24 19:47:31'),(3350,0,'vi','plugins/ecommerce/order','please_add_customer_information_with_the_complete_shipping_address_to_see_the_configured_shipping_rates','Please add customer information with the complete shipping address to see the configured shipping rates','2021-10-24 19:47:06','2021-10-24 19:47:31'),(3351,0,'vi','plugins/ecommerce/order','free_shipping','Free shipping','2021-10-24 19:47:06','2021-10-24 19:47:31'),(3352,0,'vi','plugins/ecommerce/order','custom','Custom','2021-10-24 19:47:06','2021-10-24 19:47:31'),(3353,0,'vi','plugins/ecommerce/order','email','Email','2021-10-24 19:47:06','2021-10-24 19:47:31'),(3354,0,'vi','plugins/ecommerce/order','create_order','Create order','2021-10-24 19:47:06','2021-10-24 19:47:31'),(3355,0,'vi','plugins/ecommerce/order','close','Close','2021-10-24 19:47:06','2021-10-24 19:47:31'),(3356,0,'vi','plugins/ecommerce/order','confirm_payment_is_paid_for_this_order','Confirm payment is paid for this order','2021-10-24 19:47:06','2021-10-24 19:47:31'),(3357,0,'vi','plugins/ecommerce/order','payment_status_of_the_order_is_paid_once_the_order_has_been_created_you_cannot_change_the_payment_method_or_status','Payment status of the order is Paid. Once the order has been created, you cannot change the payment method or status','2021-10-24 19:47:06','2021-10-24 19:47:31'),(3358,0,'vi','plugins/ecommerce/order','select_payment_method','Select payment method','2021-10-24 19:47:06','2021-10-24 19:47:31'),(3359,0,'vi','plugins/ecommerce/order','cash_on_delivery_cod','Cash on delivery (COD)','2021-10-24 19:47:06','2021-10-24 19:47:31'),(3360,0,'vi','plugins/ecommerce/order','bank_transfer','Bank transfer','2021-10-24 19:47:06','2021-10-24 19:47:31'),(3361,0,'vi','plugins/ecommerce/order','paid_amount','Paid amount','2021-10-24 19:47:06','2021-10-24 19:47:31'),(3362,0,'vi','plugins/ecommerce/order','confirm_that_payment_for_this_order_will_be_paid_later','Confirm that payment for this order will be paid later','2021-10-24 19:47:06','2021-10-24 19:47:31'),(3363,0,'vi','plugins/ecommerce/order','payment_status_of_the_order_is_pending_once_the_order_has_been_created_you_cannot_change_the_payment_method_or_status','Payment status of the order is Pending. Once the order has been created, you cannot change the payment method or status','2021-10-24 19:47:06','2021-10-24 19:47:31'),(3364,0,'vi','plugins/ecommerce/order','pending_amount','Pending amount','2021-10-24 19:47:06','2021-10-24 19:47:31'),(3365,0,'vi','plugins/ecommerce/order','update_email','Update email','2021-10-24 19:47:06','2021-10-24 19:47:31'),(3366,0,'vi','plugins/ecommerce/order','save','Save','2021-10-24 19:47:06','2021-10-24 19:47:31'),(3367,0,'vi','plugins/ecommerce/order','cancel','Cancel','2021-10-24 19:47:06','2021-10-24 19:47:31'),(3368,0,'vi','plugins/ecommerce/order','create_a_new_order','Create a new order','2021-10-24 19:47:06','2021-10-24 19:47:31'),(3369,0,'vi','plugins/ecommerce/order','search_or_create_new_product','Search or create a new product','2021-10-24 19:47:06','2021-10-24 19:47:31'),(3370,0,'vi','plugins/ecommerce/order','search_or_create_new_customer','Search or create a new customer','2021-10-24 19:47:06','2021-10-24 19:47:31'),(3371,0,'vi','plugins/ecommerce/order','discount_description','Discount description','2021-10-24 19:47:06','2021-10-24 19:47:31'),(3372,0,'vi','plugins/ecommerce/order','cant_select_out_of_stock_product','Cannot select out of stock product!','2021-10-24 19:47:06','2021-10-24 19:47:31'),(3373,0,'vi','plugins/ecommerce/payment','name','Thanh toán','2021-10-24 19:47:06','2021-10-24 19:47:31'),(3374,0,'vi','plugins/ecommerce/payment','payment_method','Phương thức thanh toán','2021-10-24 19:47:06','2021-10-24 19:47:31'),(3375,0,'vi','plugins/ecommerce/payment','view_payment','Xem thanh toán #','2021-10-24 19:47:06','2021-10-24 19:47:31'),(3376,0,'vi','plugins/ecommerce/payment','charge_id','Mã giao dịch','2021-10-24 19:47:06','2021-10-24 19:47:31'),(3377,0,'vi','plugins/ecommerce/payment','amount','Số tiền','2021-10-24 19:47:06','2021-10-24 19:47:31'),(3378,0,'vi','plugins/ecommerce/payment','currency','Đơn vị tiền tệ','2021-10-24 19:47:06','2021-10-24 19:47:31'),(3379,0,'vi','plugins/ecommerce/payment','user','Người dùng','2021-10-24 19:47:06','2021-10-24 19:47:31'),(3380,0,'vi','plugins/ecommerce/payment','paypal_name_required','Tên của phương thức PayPal là bắt buộc!','2021-10-24 19:47:06','2021-10-24 19:47:31'),(3381,0,'vi','plugins/ecommerce/payment','paypal_name_max','Tên của phương thức PayPal quá dài!','2021-10-24 19:47:06','2021-10-24 19:47:31'),(3382,0,'vi','plugins/ecommerce/payment','stripe_name_required','Tên của phương thức Stripe là bắt buộc!','2021-10-24 19:47:06','2021-10-24 19:47:31'),(3383,0,'vi','plugins/ecommerce/payment','stripe_name_max','Tên của phương thức Stripe quá dài!','2021-10-24 19:47:06','2021-10-24 19:47:31'),(3384,0,'vi','plugins/ecommerce/payment','status','Trạng thái','2021-10-24 19:47:06','2021-10-24 19:47:31'),(3385,0,'vi','plugins/ecommerce/payment','enabled','Bật','2021-10-24 19:47:06','2021-10-24 19:47:31'),(3386,0,'vi','plugins/ecommerce/payment','disabled','Tắt','2021-10-24 19:47:06','2021-10-24 19:47:31'),(3387,0,'vi','plugins/ecommerce/payment','client_id','Client ID','2021-10-24 19:47:06','2021-10-24 19:47:31'),(3388,0,'vi','plugins/ecommerce/payment','client_secret','Client Secret','2021-10-24 19:47:06','2021-10-24 19:47:31'),(3389,0,'vi','plugins/ecommerce/payment','mode','Chế độ','2021-10-24 19:47:06','2021-10-24 19:47:31'),(3390,0,'vi','plugins/ecommerce/payment','sandbox','Sandbox','2021-10-24 19:47:06','2021-10-24 19:47:31'),(3391,0,'vi','plugins/ecommerce/payment','live','Live','2021-10-24 19:47:06','2021-10-24 19:47:31'),(3392,0,'vi','plugins/ecommerce/payment','enable_payment_log','Bật lưu nhật ký thanh toán','2021-10-24 19:47:06','2021-10-24 19:47:31'),(3393,0,'vi','plugins/ecommerce/payment','yes','Có','2021-10-24 19:47:06','2021-10-24 19:47:31'),(3394,0,'vi','plugins/ecommerce/payment','no','Không','2021-10-24 19:47:06','2021-10-24 19:47:31'),(3395,0,'vi','plugins/ecommerce/payment','client_key','Client Key','2021-10-24 19:47:06','2021-10-24 19:47:31'),(3396,0,'vi','plugins/ecommerce/payment','stripe','Stripe','2021-10-24 19:47:06','2021-10-24 19:47:31'),(3397,0,'vi','plugins/ecommerce/payment','paypal','PayPal','2021-10-24 19:47:06','2021-10-24 19:47:31'),(3398,0,'vi','plugins/ecommerce/payment','action','Hành động','2021-10-24 19:47:06','2021-10-24 19:47:31'),(3399,0,'vi','plugins/ecommerce/payment','go_back','Quay lại','2021-10-24 19:47:06','2021-10-24 19:47:31'),(3400,0,'vi','plugins/ecommerce/payment','view','Xem','2021-10-24 19:47:06','2021-10-24 19:47:31'),(3401,0,'vi','plugins/ecommerce/payment','cash_on_delivery','Thanh toán khi nhận hàng (COD)','2021-10-24 19:47:06','2021-10-24 19:47:31'),(3402,0,'vi','plugins/ecommerce/payment','via_bank_transfer','Thông qua chuyển khoản ngân hàng','2021-10-24 19:47:06','2021-10-24 19:47:31'),(3403,0,'vi','plugins/ecommerce/payment','payment_via_cart','Thanh toán bằng thẻ','2021-10-24 19:47:06','2021-10-24 19:47:31'),(3404,0,'vi','plugins/ecommerce/payment','card_number','Số thẻ','2021-10-24 19:47:06','2021-10-24 19:47:31'),(3405,0,'vi','plugins/ecommerce/payment','full_name','Tên trên thẻ','2021-10-24 19:47:06','2021-10-24 19:47:31'),(3406,0,'vi','plugins/ecommerce/payment','payment_via_paypal','Thanh toán thông qua PayPal','2021-10-24 19:47:06','2021-10-24 19:47:31'),(3407,0,'vi','plugins/ecommerce/payment','mm_yy','MM/YY','2021-10-24 19:47:06','2021-10-24 19:47:31'),(3408,0,'vi','plugins/ecommerce/payment','cvc','CVC','2021-10-24 19:47:06','2021-10-24 19:47:31'),(3409,0,'vi','plugins/ecommerce/payment','details','Chi tiết','2021-10-24 19:47:06','2021-10-24 19:47:31'),(3410,0,'vi','plugins/ecommerce/payment','payer_name','Người thanh toán','2021-10-24 19:47:06','2021-10-24 19:47:31'),(3411,0,'vi','plugins/ecommerce/payment','email','Địa chỉ email','2021-10-24 19:47:06','2021-10-24 19:47:31'),(3412,0,'vi','plugins/ecommerce/payment','phone','Điện thoại','2021-10-24 19:47:06','2021-10-24 19:47:31'),(3413,0,'vi','plugins/ecommerce/payment','country','Quốc gia','2021-10-24 19:47:06','2021-10-24 19:47:31'),(3414,0,'vi','plugins/ecommerce/payment','shipping_address','Địa chỉ giao hàng','2021-10-24 19:47:06','2021-10-24 19:47:31'),(3415,0,'vi','plugins/ecommerce/payment','payment_details','Chi tiết giao dịch','2021-10-24 19:47:06','2021-10-24 19:47:31'),(3416,0,'vi','plugins/ecommerce/payment','card','Thẻ','2021-10-24 19:47:06','2021-10-24 19:47:31'),(3417,0,'vi','plugins/ecommerce/payment','address','Địa chỉ','2021-10-24 19:47:06','2021-10-24 19:47:31'),(3418,0,'vi','plugins/ecommerce/payment','could_not_get_stripe_token','Không thể lấy mã Stripe để thanh toán','2021-10-24 19:47:06','2021-10-24 19:47:31'),(3419,0,'vi','plugins/ecommerce/payment','new_payment','Thanh toán cho đơn hàng :id','2021-10-24 19:47:06','2021-10-24 19:47:31'),(3420,0,'vi','plugins/ecommerce/payment','payment_id','Mã thanh toán','2021-10-24 19:47:06','2021-10-24 19:47:31'),(3421,0,'vi','plugins/ecommerce/prices','name','Price','2021-10-24 19:47:06','2021-10-24 19:47:31'),(3422,0,'vi','plugins/ecommerce/prices','create','New price','2021-10-24 19:47:06','2021-10-24 19:47:31'),(3423,0,'vi','plugins/ecommerce/prices','edit','Edit price','2021-10-24 19:47:06','2021-10-24 19:47:31'),(3424,0,'vi','plugins/ecommerce/prices','list','List price','2021-10-24 19:47:06','2021-10-24 19:47:31'),(3425,0,'vi','plugins/ecommerce/product-attribute-sets','name','Product attribute sets','2021-10-24 19:47:06','2021-10-24 19:47:31'),(3426,0,'vi','plugins/ecommerce/product-attribute-sets','create','New product attribute set','2021-10-24 19:47:06','2021-10-24 19:47:31'),(3427,0,'vi','plugins/ecommerce/product-attribute-sets','edit','Edit product attribute set','2021-10-24 19:47:06','2021-10-24 19:47:31'),(3428,0,'vi','plugins/ecommerce/product-attribute-sets','visible_in_categories','Visible in categories','2021-10-24 19:47:06','2021-10-24 19:47:31'),(3429,0,'vi','plugins/ecommerce/product-attribute-sets','product_with_more_version','Product with more version','2021-10-24 19:47:06','2021-10-24 19:47:31'),(3430,0,'vi','plugins/ecommerce/product-attribute-sets','create_a_version','Create a version','2021-10-24 19:47:06','2021-10-24 19:47:31'),(3431,0,'vi','plugins/ecommerce/product-attribute-sets','enabled','Enabled','2021-10-24 19:47:06','2021-10-24 19:47:31'),(3432,0,'vi','plugins/ecommerce/product-attribute-sets','attributes','Attributes','2021-10-24 19:47:06','2021-10-24 19:47:31'),(3433,0,'vi','plugins/ecommerce/product-attribute-sets','price','Price','2021-10-24 19:47:06','2021-10-24 19:47:31'),(3434,0,'vi','plugins/ecommerce/product-attribute-sets','edit_btn','Edit','2021-10-24 19:47:06','2021-10-24 19:47:31'),(3435,0,'vi','plugins/ecommerce/product-attribute-sets','remove_btn','Remove','2021-10-24 19:47:06','2021-10-24 19:47:31'),(3436,0,'vi','plugins/ecommerce/product-attribute-sets','product','Product','2021-10-24 19:47:06','2021-10-24 19:47:31'),(3437,0,'vi','plugins/ecommerce/product-attribute-sets','back_to_product','Back to product','2021-10-24 19:47:06','2021-10-24 19:47:31'),(3438,0,'vi','plugins/ecommerce/product-attribute-sets','save','Save','2021-10-24 19:47:06','2021-10-24 19:47:31'),(3439,0,'vi','plugins/ecommerce/product-attribute-sets','other_existing_versions','Other existing versions','2021-10-24 19:47:06','2021-10-24 19:47:31'),(3440,0,'vi','plugins/ecommerce/product-attribute-sets','version_information','Version information','2021-10-24 19:47:06','2021-10-24 19:47:31'),(3441,0,'vi','plugins/ecommerce/product-attribute-sets','add_rule','Add rule','2021-10-24 19:47:06','2021-10-24 19:47:31'),(3442,0,'vi','plugins/ecommerce/product-attribute-sets','rules','Rules','2021-10-24 19:47:06','2021-10-24 19:47:31'),(3443,0,'vi','plugins/ecommerce/product-attribute-sets','pricing','Pricing','2021-10-24 19:47:06','2021-10-24 19:47:31'),(3444,0,'vi','plugins/ecommerce/product-attribute-sets','sale_price','Sale price','2021-10-24 19:47:06','2021-10-24 19:47:31'),(3445,0,'vi','plugins/ecommerce/product-attribute-sets','sale_type','Sale type','2021-10-24 19:47:06','2021-10-24 19:47:31'),(3446,0,'vi','plugins/ecommerce/product-attribute-sets','no_sale_price','No sale price','2021-10-24 19:47:06','2021-10-24 19:47:31'),(3447,0,'vi','plugins/ecommerce/product-attribute-sets','always_on_sale','Always on sale','2021-10-24 19:47:06','2021-10-24 19:47:31'),(3448,0,'vi','plugins/ecommerce/product-attribute-sets','limited_time','Limited time','2021-10-24 19:47:06','2021-10-24 19:47:31'),(3449,0,'vi','plugins/ecommerce/product-attribute-sets','from','From','2021-10-24 19:47:06','2021-10-24 19:47:31'),(3450,0,'vi','plugins/ecommerce/product-attribute-sets','to','To','2021-10-24 19:47:06','2021-10-24 19:47:31'),(3451,0,'vi','plugins/ecommerce/product-attribute-sets','storehouse','Storehouse','2021-10-24 19:47:06','2021-10-24 19:47:31'),(3452,0,'vi','plugins/ecommerce/product-attribute-sets','no_storehouse_management','No storehouse management','2021-10-24 19:47:06','2021-10-24 19:47:31'),(3453,0,'vi','plugins/ecommerce/product-attribute-sets','with_storehouse_management','With storehouse management','2021-10-24 19:47:06','2021-10-24 19:47:31'),(3454,0,'vi','plugins/ecommerce/product-attribute-sets','quantity','Quantity','2021-10-24 19:47:06','2021-10-24 19:47:31'),(3455,0,'vi','plugins/ecommerce/product-attribute-sets','allow_customer_checkout_out_of_stock','Allow customer checkout when this product out of stock','2021-10-24 19:47:06','2021-10-24 19:47:31'),(3456,0,'vi','plugins/ecommerce/product-attribute-sets','shipping','Shipping','2021-10-24 19:47:06','2021-10-24 19:47:31'),(3457,0,'vi','plugins/ecommerce/product-attribute-sets','length','Length','2021-10-24 19:47:06','2021-10-24 19:47:31'),(3458,0,'vi','plugins/ecommerce/product-attribute-sets','wide','Wide','2021-10-24 19:47:06','2021-10-24 19:47:31'),(3459,0,'vi','plugins/ecommerce/product-attribute-sets','height','Height','2021-10-24 19:47:06','2021-10-24 19:47:31'),(3460,0,'vi','plugins/ecommerce/product-attribute-sets','weight','Weight','2021-10-24 19:47:06','2021-10-24 19:47:31'),(3461,0,'vi','plugins/ecommerce/product-attribute-sets','version_images','Version images','2021-10-24 19:47:06','2021-10-24 19:47:31'),(3462,0,'vi','plugins/ecommerce/product-attribute-sets','add_new_image','Add new image','2021-10-24 19:47:06','2021-10-24 19:47:31'),(3463,0,'vi','plugins/ecommerce/product-attribute-sets','attribute_set','Attribute set','2021-10-24 19:47:06','2021-10-24 19:47:31'),(3464,0,'vi','plugins/ecommerce/product-attribute-sets','value','Value','2021-10-24 19:47:06','2021-10-24 19:47:31'),(3465,0,'vi','plugins/ecommerce/product-attribute-sets','dropdown_swatch','Dropdown Swatch','2021-10-24 19:47:06','2021-10-24 19:47:31'),(3466,0,'vi','plugins/ecommerce/product-attribute-sets','visual_swatch','Visual Swatch','2021-10-24 19:47:06','2021-10-24 19:47:31'),(3467,0,'vi','plugins/ecommerce/product-attribute-sets','text_swatch','Text Swatch','2021-10-24 19:47:06','2021-10-24 19:47:31'),(3468,0,'vi','plugins/ecommerce/product-attributes','name','Thuộc tính sản phẩm','2021-10-24 19:47:06','2021-10-24 19:47:31'),(3469,0,'vi','plugins/ecommerce/product-attributes','create','Tạo','2021-10-24 19:47:06','2021-10-24 19:47:31'),(3470,0,'vi','plugins/ecommerce/product-attributes','edit','Sửa','2021-10-24 19:47:06','2021-10-24 19:47:31'),(3471,0,'vi','plugins/ecommerce/product-attributes','intro.title','Quản lý danh sách thuộc tính sản phẩm','2021-10-24 19:47:06','2021-10-24 19:47:31'),(3472,0,'vi','plugins/ecommerce/product-attributes','intro.description','Các thuộc tính của sản phẩm như màu sắc, kích thước ...','2021-10-24 19:47:06','2021-10-24 19:47:31'),(3473,0,'vi','plugins/ecommerce/product-attributes','intro.button_text','Tạo thuộc tính sản phẩm','2021-10-24 19:47:06','2021-10-24 19:47:31'),(3474,0,'vi','plugins/ecommerce/product-categories','create','Create new product category','2021-10-24 19:47:06','2021-10-24 19:47:31'),(3475,0,'vi','plugins/ecommerce/product-categories','edit','Edit product category','2021-10-24 19:47:06','2021-10-24 19:47:31'),(3476,0,'vi','plugins/ecommerce/product-categories','name','Danh mục sản phẩm','2021-10-24 19:47:06','2021-10-24 19:47:31'),(3477,0,'vi','plugins/ecommerce/product-categories','none','Không có','2021-10-24 19:47:06','2021-10-24 19:47:31'),(3478,0,'vi','plugins/ecommerce/product-categories','menu','Danh mục sản phẩm','2021-10-24 19:47:06','2021-10-24 19:47:31'),(3479,0,'vi','plugins/ecommerce/product-categories','intro.title','Quản lý danh sách danh mục sản phẩm','2021-10-24 19:47:06','2021-10-24 19:47:31'),(3480,0,'vi','plugins/ecommerce/product-categories','intro.description','Danh mục sản phẩm như quần áo, giày dép, linh kiện điện tử ...','2021-10-24 19:47:06','2021-10-24 19:47:31'),(3481,0,'vi','plugins/ecommerce/product-categories','intro.button_text','Tạo danh mục sản phẩm','2021-10-24 19:47:06','2021-10-24 19:47:31'),(3482,0,'vi','plugins/ecommerce/product-categories','total_products','Tổng sản phẩm: :total','2021-10-24 19:47:06','2021-10-24 19:47:31'),(3483,0,'vi','plugins/ecommerce/product-collections','name','Nhóm sản phẩm','2021-10-24 19:47:06','2021-10-24 19:47:31'),(3484,0,'vi','plugins/ecommerce/product-collections','create','Thêm nhóm sản phẩm','2021-10-24 19:47:06','2021-10-24 19:47:31'),(3485,0,'vi','plugins/ecommerce/product-collections','edit','Sửa nhóm sản phẩm','2021-10-24 19:47:06','2021-10-24 19:47:31'),(3486,0,'vi','plugins/ecommerce/product-collections','slug_help_block','Label key: <code>:slug</code>. We will use this key for filter.','2021-10-24 19:47:06','2021-10-24 19:47:31'),(3487,0,'vi','plugins/ecommerce/product-collections','intro.title','Quản lý nhóm sản phẩm','2021-10-24 19:47:06','2021-10-24 19:47:31'),(3488,0,'vi','plugins/ecommerce/product-collections','intro.description','Nhóm sản phẩm giúp quản lý sản phẩm và khách hàng tìm kiếm sản phẩm một cách dễ dàng.','2021-10-24 19:47:06','2021-10-24 19:47:31'),(3489,0,'vi','plugins/ecommerce/product-collections','intro.button_text','Tạo nhóm sản phẩm','2021-10-24 19:47:06','2021-10-24 19:47:31'),(3490,0,'vi','plugins/ecommerce/products','name','Sản phẩm','2021-10-24 19:47:06','2021-10-24 19:47:31'),(3491,0,'vi','plugins/ecommerce/products','create','Thêm sản phẩm mới','2021-10-24 19:47:06','2021-10-24 19:47:31'),(3492,0,'vi','plugins/ecommerce/products','edit','Sửa sản phẩm - :name','2021-10-24 19:47:06','2021-10-24 19:47:31'),(3493,0,'vi','plugins/ecommerce/products','form.name','Tên sản phẩm','2021-10-24 19:47:06','2021-10-24 19:47:31'),(3494,0,'vi','plugins/ecommerce/products','form.name_placeholder','Tên sản phẩm (Tối đa 120 chữ cái)','2021-10-24 19:47:06','2021-10-24 19:47:31'),(3495,0,'vi','plugins/ecommerce/products','form.description','Mô tả ngắn','2021-10-24 19:47:06','2021-10-24 19:47:31'),(3496,0,'vi','plugins/ecommerce/products','form.description_placeholder','Mô tả ngắn gọn cho sản phẩm (Tối đa 400 chữ cái)','2021-10-24 19:47:06','2021-10-24 19:47:31'),(3497,0,'vi','plugins/ecommerce/products','form.categories','Danh mục','2021-10-24 19:47:06','2021-10-24 19:47:31'),(3498,0,'vi','plugins/ecommerce/products','form.content','Chi tiết sản phẩm','2021-10-24 19:47:06','2021-10-24 19:47:31'),(3499,0,'vi','plugins/ecommerce/products','form.price','Giá cơ bản','2021-10-24 19:47:06','2021-10-24 19:47:31'),(3500,0,'vi','plugins/ecommerce/products','form.price_sale','Giá giảm','2021-10-24 19:47:06','2021-10-24 19:47:31'),(3501,0,'vi','plugins/ecommerce/products','form.quantity','Số lượng','2021-10-24 19:47:06','2021-10-24 19:47:31'),(3502,0,'vi','plugins/ecommerce/products','form.brand','Thương hiệu','2021-10-24 19:47:06','2021-10-24 19:47:31'),(3503,0,'vi','plugins/ecommerce/products','form.width','Rộng','2021-10-24 19:47:06','2021-10-24 19:47:31'),(3504,0,'vi','plugins/ecommerce/products','form.height','Cao','2021-10-24 19:47:06','2021-10-24 19:47:31'),(3505,0,'vi','plugins/ecommerce/products','form.weight','Cân nặng','2021-10-24 19:47:06','2021-10-24 19:47:31'),(3506,0,'vi','plugins/ecommerce/products','form.image','Hình ảnh','2021-10-24 19:47:07','2021-10-24 19:47:31'),(3507,0,'vi','plugins/ecommerce/products','form.product_type.title','Loại sản phẩm','2021-10-24 19:47:07','2021-10-24 19:47:31'),(3508,0,'vi','plugins/ecommerce/products','form.stock.title','Tình trạng kho','2021-10-24 19:47:07','2021-10-24 19:47:31'),(3509,0,'vi','plugins/ecommerce/products','form.stock.in_stock','Còn hàng','2021-10-24 19:47:07','2021-10-24 19:47:31'),(3510,0,'vi','plugins/ecommerce/products','form.stock.out_stock','Hết hàng','2021-10-24 19:47:07','2021-10-24 19:47:31'),(3511,0,'vi','plugins/ecommerce/products','form.stock.allow_order_when_out','Cho phép đặt hàng khi hết','2021-10-24 19:47:07','2021-10-24 19:47:31'),(3512,0,'vi','plugins/ecommerce/products','form.storehouse.title','Quản lý kho','2021-10-24 19:47:07','2021-10-24 19:47:31'),(3513,0,'vi','plugins/ecommerce/products','form.storehouse.no_storehouse','Không quản lý kho','2021-10-24 19:47:07','2021-10-24 19:47:31'),(3514,0,'vi','plugins/ecommerce/products','form.storehouse.storehouse','Quản lý kho','2021-10-24 19:47:07','2021-10-24 19:47:31'),(3515,0,'vi','plugins/ecommerce/products','form.storehouse.quantity','Số lượng','2021-10-24 19:47:07','2021-10-24 19:47:31'),(3516,0,'vi','plugins/ecommerce/products','form.shipping.title','Giao hàng','2021-10-24 19:47:07','2021-10-24 19:47:31'),(3517,0,'vi','plugins/ecommerce/products','form.shipping.length','Chiều dài','2021-10-24 19:47:07','2021-10-24 19:47:31'),(3518,0,'vi','plugins/ecommerce/products','form.shipping.wide','Chiều rộng','2021-10-24 19:47:07','2021-10-24 19:47:31'),(3519,0,'vi','plugins/ecommerce/products','form.shipping.height','Chiều cao','2021-10-24 19:47:07','2021-10-24 19:47:31'),(3520,0,'vi','plugins/ecommerce/products','form.shipping.weight','Cân nặng','2021-10-24 19:47:07','2021-10-24 19:47:31'),(3521,0,'vi','plugins/ecommerce/products','form.date.start','Ngày bắt đầu','2021-10-24 19:47:07','2021-10-24 19:47:31'),(3522,0,'vi','plugins/ecommerce/products','form.date.end','Ngày kết thúc','2021-10-24 19:47:07','2021-10-24 19:47:31'),(3523,0,'vi','plugins/ecommerce/products','form.tags','Nhãn','2021-10-24 19:47:07','2021-10-24 19:47:31'),(3524,0,'vi','plugins/ecommerce/products','form.tax','Thuế','2021-10-24 19:47:07','2021-10-24 19:47:31'),(3525,0,'vi','plugins/ecommerce/products','price','Giá cơ bản','2021-10-24 19:47:07','2021-10-24 19:47:31'),(3526,0,'vi','plugins/ecommerce/products','price_sale','Giá giảm','2021-10-24 19:47:07','2021-10-24 19:47:31'),(3527,0,'vi','plugins/ecommerce/products','quantity','Số lượng','2021-10-24 19:47:07','2021-10-24 19:47:31'),(3528,0,'vi','plugins/ecommerce/products','type','Loại sản phẩm','2021-10-24 19:47:07','2021-10-24 19:47:31'),(3529,0,'vi','plugins/ecommerce/products','image','Ảnh','2021-10-24 19:47:07','2021-10-24 19:47:31'),(3530,0,'vi','plugins/ecommerce/products','sku','Mã sản phẩm','2021-10-24 19:47:07','2021-10-24 19:47:31'),(3531,0,'vi','plugins/ecommerce/products','brand','Thương hiệu','2021-10-24 19:47:07','2021-10-24 19:47:31'),(3532,0,'vi','plugins/ecommerce/products','cannot_delete','Product could not be deleted','2021-10-24 19:47:07','2021-10-24 19:47:31'),(3533,0,'vi','plugins/ecommerce/products','product_deleted','Product deleted','2021-10-24 19:47:07','2021-10-24 19:47:31'),(3534,0,'vi','plugins/ecommerce/products','products','Sản phẩm','2021-10-24 19:47:07','2021-10-24 19:47:31'),(3535,0,'vi','plugins/ecommerce/products','menu','Sản phẩm','2021-10-24 19:47:07','2021-10-24 19:47:31'),(3536,0,'vi','plugins/ecommerce/products','control.button_add_image','Thêm hình ảnh','2021-10-24 19:47:07','2021-10-24 19:47:31'),(3537,0,'vi','plugins/ecommerce/products','overview','Tổng quan','2021-10-24 19:47:07','2021-10-24 19:47:31'),(3538,0,'vi','plugins/ecommerce/products','attributes','Thuộc tính','2021-10-24 19:47:07','2021-10-24 19:47:31'),(3539,0,'vi','plugins/ecommerce/products','product_has_variations','Sản phẩm có nhiều phiên bản','2021-10-24 19:47:07','2021-10-24 19:47:31'),(3540,0,'vi','plugins/ecommerce/products','manage_products','Quản lý danh sách sản phẩm','2021-10-24 19:47:07','2021-10-24 19:47:31'),(3541,0,'vi','plugins/ecommerce/products','add_new_product','Tạo sản phẩm','2021-10-24 19:47:07','2021-10-24 19:47:31'),(3542,0,'vi','plugins/ecommerce/products','start_by_adding_new_product','Bắt đầu bán hàng bằng việc thêm sản phẩm.','2021-10-24 19:47:07','2021-10-24 19:47:31'),(3543,0,'vi','plugins/ecommerce/reports','name','Báo cáo','2021-10-24 19:47:07','2021-10-24 19:47:32'),(3544,0,'vi','plugins/ecommerce/reports','widget.order.title','Đơn hàng','2021-10-24 19:47:07','2021-10-24 19:47:32'),(3545,0,'vi','plugins/ecommerce/reports','count.revenue','Doanh thu hôm nay','2021-10-24 19:47:07','2021-10-24 19:47:32'),(3546,0,'vi','plugins/ecommerce/reports','count.orders','Đơn hàng hôm nay','2021-10-24 19:47:07','2021-10-24 19:47:32'),(3547,0,'vi','plugins/ecommerce/reports','count.products','Sản phẩm','2021-10-24 19:47:07','2021-10-24 19:47:32'),(3548,0,'vi','plugins/ecommerce/reports','count.customers','Khách hàng','2021-10-24 19:47:07','2021-10-24 19:47:32'),(3549,0,'vi','plugins/ecommerce/reports','product_name','Tên sản phẩm','2021-10-24 19:47:07','2021-10-24 19:47:32'),(3550,0,'vi','plugins/ecommerce/reports','quantity','Số lượng','2021-10-24 19:47:07','2021-10-24 19:47:32'),(3551,0,'vi','plugins/ecommerce/reports','revenue_statistics','Thống kê doanh thu','2021-10-24 19:47:07','2021-10-24 19:47:32'),(3552,0,'vi','plugins/ecommerce/reports','top_selling_products','Sản phẩm bán chạy trong tháng','2021-10-24 19:47:07','2021-10-24 19:47:32'),(3553,0,'vi','plugins/ecommerce/review','name','Đánh giá','2021-10-24 19:47:07','2021-10-24 19:47:32'),(3554,0,'vi','plugins/ecommerce/review','list_review','Khách hàng đánh giá','2021-10-24 19:47:07','2021-10-24 19:47:32'),(3555,0,'vi','plugins/ecommerce/review','add_review','Thêm đánh giá','2021-10-24 19:47:07','2021-10-24 19:47:32'),(3556,0,'vi','plugins/ecommerce/review','delete_review','Xóa đánh giá','2021-10-24 19:47:07','2021-10-24 19:47:32'),(3557,0,'vi','plugins/ecommerce/review','create_review','Tạo đánh giá','2021-10-24 19:47:07','2021-10-24 19:47:32'),(3558,0,'vi','plugins/ecommerce/review','please_select_rating','Chọn đánh giá','2021-10-24 19:47:07','2021-10-24 19:47:32'),(3559,0,'vi','plugins/ecommerce/review','comment','Bình luận','2021-10-24 19:47:07','2021-10-24 19:47:32'),(3560,0,'vi','plugins/ecommerce/review','approve','Chấp thuận','2021-10-24 19:47:07','2021-10-24 19:47:32'),(3561,0,'vi','plugins/ecommerce/review','approved','Đã chấp thuận','2021-10-24 19:47:07','2021-10-24 19:47:32'),(3562,0,'vi','plugins/ecommerce/review','disapprove','Không chấp thuận','2021-10-24 19:47:07','2021-10-24 19:47:32'),(3563,0,'vi','plugins/ecommerce/review','disapproved','Đã không chấp thuận','2021-10-24 19:47:07','2021-10-24 19:47:32'),(3564,0,'vi','plugins/ecommerce/review','product','Sản phẩm','2021-10-24 19:47:07','2021-10-24 19:47:32'),(3565,0,'vi','plugins/ecommerce/review','user','Người dùng','2021-10-24 19:47:07','2021-10-24 19:47:32'),(3566,0,'vi','plugins/ecommerce/review','star','Sao','2021-10-24 19:47:07','2021-10-24 19:47:32'),(3567,0,'vi','plugins/ecommerce/review','status','Trạng thái','2021-10-24 19:47:07','2021-10-24 19:47:32'),(3568,0,'vi','plugins/ecommerce/review','intro.title','Quản lý danh sách nhận xét của khách hàng','2021-10-24 19:47:07','2021-10-24 19:47:32'),(3569,0,'vi','plugins/ecommerce/review','intro.description','Lưu trữ các nhận xét, đánh giá của khách hàng','2021-10-24 19:47:07','2021-10-24 19:47:32'),(3570,0,'vi','plugins/ecommerce/shipping','name','Phí vận chuyển','2021-10-24 19:47:07','2021-10-24 19:47:32'),(3571,0,'vi','plugins/ecommerce/shipping','shipping','Vận chuyển','2021-10-24 19:47:07','2021-10-24 19:47:32'),(3572,0,'vi','plugins/ecommerce/shipping','title','Title','2021-10-24 19:47:07','2021-10-24 19:47:32'),(3573,0,'vi','plugins/ecommerce/shipping','country','Quốc gia','2021-10-24 19:47:07','2021-10-24 19:47:32'),(3574,0,'vi','plugins/ecommerce/shipping','state','State','2021-10-24 19:47:07','2021-10-24 19:47:32'),(3575,0,'vi','plugins/ecommerce/shipping','city','City','2021-10-24 19:47:07','2021-10-24 19:47:32'),(3576,0,'vi','plugins/ecommerce/shipping','amount','Amount','2021-10-24 19:47:07','2021-10-24 19:47:32'),(3577,0,'vi','plugins/ecommerce/shipping','enable','Enable','2021-10-24 19:47:07','2021-10-24 19:47:32'),(3578,0,'vi','plugins/ecommerce/shipping','enabled','Enabled','2021-10-24 19:47:07','2021-10-24 19:47:32'),(3579,0,'vi','plugins/ecommerce/shipping','disable','Disable','2021-10-24 19:47:07','2021-10-24 19:47:32'),(3580,0,'vi','plugins/ecommerce/shipping','disabled','Disabled','2021-10-24 19:47:07','2021-10-24 19:47:32'),(3581,0,'vi','plugins/ecommerce/shipping','create_shipping','Create a shipping','2021-10-24 19:47:07','2021-10-24 19:47:32'),(3582,0,'vi','plugins/ecommerce/shipping','edit_shipping','Edit shipping #','2021-10-24 19:47:07','2021-10-24 19:47:32'),(3583,0,'vi','plugins/ecommerce/shipping','status','Status','2021-10-24 19:47:07','2021-10-24 19:47:32'),(3584,0,'vi','plugins/ecommerce/shipping','shipping_methods','Phương thức vận chuyển','2021-10-24 19:47:07','2021-10-24 19:47:32'),(3585,0,'vi','plugins/ecommerce/shipping','create_shipping_method','Tạo phương thức vận chuyển','2021-10-24 19:47:07','2021-10-24 19:47:32'),(3586,0,'vi','plugins/ecommerce/shipping','edit_shipping_method','Sửa phương thức vận chuyển','2021-10-24 19:47:07','2021-10-24 19:47:32'),(3587,0,'vi','plugins/ecommerce/shipping','add_shipping_region','Thêm khu vực vận chuyển','2021-10-24 19:47:07','2021-10-24 19:47:32'),(3588,0,'vi','plugins/ecommerce/shipping','methods.default','Default','2021-10-24 19:47:07','2021-10-24 19:47:32'),(3589,0,'vi','plugins/ecommerce/shipping','statuses.not_approved','Not approved','2021-10-24 19:47:07','2021-10-24 19:47:32'),(3590,0,'vi','plugins/ecommerce/shipping','statuses.approved','Approved','2021-10-24 19:47:07','2021-10-24 19:47:32'),(3591,0,'vi','plugins/ecommerce/shipping','statuses.picking','Picking','2021-10-24 19:47:07','2021-10-24 19:47:32'),(3592,0,'vi','plugins/ecommerce/shipping','statuses.delay_picking','Delay picking','2021-10-24 19:47:07','2021-10-24 19:47:32'),(3593,0,'vi','plugins/ecommerce/shipping','statuses.picked','Picked','2021-10-24 19:47:07','2021-10-24 19:47:32'),(3594,0,'vi','plugins/ecommerce/shipping','statuses.not_picked','Not picked','2021-10-24 19:47:07','2021-10-24 19:47:32'),(3595,0,'vi','plugins/ecommerce/shipping','statuses.delivering','Delivering','2021-10-24 19:47:07','2021-10-24 19:47:32'),(3596,0,'vi','plugins/ecommerce/shipping','statuses.delivered','Delivered','2021-10-24 19:47:07','2021-10-24 19:47:32'),(3597,0,'vi','plugins/ecommerce/shipping','statuses.not_delivered','Not delivered','2021-10-24 19:47:07','2021-10-24 19:47:32'),(3598,0,'vi','plugins/ecommerce/shipping','statuses.audited','Audited','2021-10-24 19:47:07','2021-10-24 19:47:32'),(3599,0,'vi','plugins/ecommerce/shipping','statuses.canceled','Canceled','2021-10-24 19:47:07','2021-10-24 19:47:32'),(3600,0,'vi','plugins/ecommerce/shipping','cod_statuses.pending','Pending','2021-10-24 19:47:07','2021-10-24 19:47:32'),(3601,0,'vi','plugins/ecommerce/shipping','cod_statuses.completed','Completed','2021-10-24 19:47:07','2021-10-24 19:47:32'),(3602,0,'vi','plugins/ecommerce/store-locator','name','Địa chỉ cửa hàng','2021-10-24 19:47:07','2021-10-24 19:47:32'),(3603,0,'vi','plugins/ecommerce/store-locator','description','Địa chỉ này sẽ xuất hiện trên hoá đơn của bạn và sẽ được sử dụng để tính toán mức giá vận chuyển của bạn.','2021-10-24 19:47:07','2021-10-24 19:47:32'),(3604,0,'vi','plugins/ecommerce/store-locator','shop_name','Tên cửa hàng','2021-10-24 19:47:07','2021-10-24 19:47:32'),(3605,0,'vi','plugins/ecommerce/store-locator','phone','Điện thoại','2021-10-24 19:47:07','2021-10-24 19:47:32'),(3606,0,'vi','plugins/ecommerce/store-locator','address','Địa chỉ','2021-10-24 19:47:07','2021-10-24 19:47:32'),(3607,0,'vi','plugins/ecommerce/tax','name','Thuế','2021-10-24 19:47:07','2021-10-24 19:47:32'),(3608,0,'vi','plugins/ecommerce/tax','create','Tạo thuế','2021-10-24 19:47:07','2021-10-24 19:47:32'),(3609,0,'vi','plugins/ecommerce/tax','edit','Chỉnh sửa thuế :title','2021-10-24 19:47:07','2021-10-24 19:47:32'),(3610,0,'vi','plugins/ecommerce/tax','title','Tiêu đề','2021-10-24 19:47:07','2021-10-24 19:47:32'),(3611,0,'vi','plugins/ecommerce/tax','percentage','Tỉ lệ phần trăm %','2021-10-24 19:47:07','2021-10-24 19:47:32'),(3612,0,'vi','plugins/ecommerce/tax','priority','Thứ tự ưu tiên','2021-10-24 19:47:07','2021-10-24 19:47:32'),(3613,0,'vi','plugins/ecommerce/tax','select_tax','-- lựa chọn --','2021-10-24 19:47:07','2021-10-24 19:47:32'),(3614,0,'en','plugins/language/language','name','Languages','2021-10-24 19:47:07','2021-10-24 19:47:32'),(3615,0,'en','plugins/language/language','choose_language','Choose a language','2021-10-24 19:47:07','2021-10-24 19:47:32'),(3616,0,'en','plugins/language/language','select_language','Select language','2021-10-24 19:47:07','2021-10-24 19:47:32'),(3617,0,'en','plugins/language/language','choose_language_helper','You can choose a language in the list or directly edit it below.','2021-10-24 19:47:07','2021-10-24 19:47:32'),(3618,0,'en','plugins/language/language','language_name','Language name','2021-10-24 19:47:07','2021-10-24 19:47:32'),(3619,0,'en','plugins/language/language','language_name_helper','The name is how it is displayed on your site (for example: English).','2021-10-24 19:47:07','2021-10-24 19:47:32'),(3620,0,'en','plugins/language/language','locale','Locale','2021-10-24 19:47:07','2021-10-24 19:47:32'),(3621,0,'en','plugins/language/language','locale_helper','Laravel Locale for the language (for example: <code>en</code>).','2021-10-24 19:47:07','2021-10-24 19:47:32'),(3622,0,'en','plugins/language/language','language_code','Language code','2021-10-24 19:47:07','2021-10-24 19:47:32'),(3623,0,'en','plugins/language/language','language_code_helper','Language code - preferably 2-letters ISO 639-1 (for example: en)','2021-10-24 19:47:07','2021-10-24 19:47:32'),(3624,0,'en','plugins/language/language','text_direction','Text direction','2021-10-24 19:47:07','2021-10-24 19:47:32'),(3625,0,'en','plugins/language/language','text_direction_helper','Choose the text direction for the language','2021-10-24 19:47:07','2021-10-24 19:47:32'),(3626,0,'en','plugins/language/language','left_to_right','Left to right','2021-10-24 19:47:07','2021-10-24 19:47:32'),(3627,0,'en','plugins/language/language','right_to_left','Right to left','2021-10-24 19:47:07','2021-10-24 19:47:32'),(3628,0,'en','plugins/language/language','flag','Flag','2021-10-24 19:47:07','2021-10-24 19:47:32'),(3629,0,'en','plugins/language/language','flag_helper','Choose a flag for the language.','2021-10-24 19:47:07','2021-10-24 19:47:32'),(3630,0,'en','plugins/language/language','order','Order','2021-10-24 19:47:07','2021-10-24 19:47:32'),(3631,0,'en','plugins/language/language','order_helper','Position of the language in the language switcher','2021-10-24 19:47:07','2021-10-24 19:47:32'),(3632,0,'en','plugins/language/language','add_new_language','Add new language','2021-10-24 19:47:07','2021-10-24 19:47:32'),(3633,0,'en','plugins/language/language','code','Code','2021-10-24 19:47:07','2021-10-24 19:47:32'),(3634,0,'en','plugins/language/language','default_language','Is default?','2021-10-24 19:47:07','2021-10-24 19:47:32'),(3635,0,'en','plugins/language/language','actions','Actions','2021-10-24 19:47:07','2021-10-24 19:47:32'),(3636,0,'en','plugins/language/language','translations','Translations','2021-10-24 19:47:07','2021-10-24 19:47:32'),(3637,0,'en','plugins/language/language','edit','Edit','2021-10-24 19:47:07','2021-10-24 19:47:32'),(3638,0,'en','plugins/language/language','edit_tooltip','Edit this language','2021-10-24 19:47:07','2021-10-24 19:47:32'),(3639,0,'en','plugins/language/language','delete','Delete','2021-10-24 19:47:07','2021-10-24 19:47:32'),(3640,0,'en','plugins/language/language','delete_tooltip','Delete this language and all its associated data','2021-10-24 19:47:07','2021-10-24 19:47:32'),(3641,0,'en','plugins/language/language','choose_default_language','Choose :language as default language','2021-10-24 19:47:07','2021-10-24 19:47:32'),(3642,0,'en','plugins/language/language','current_language','Current record\'s language','2021-10-24 19:47:07','2021-10-24 19:47:32'),(3643,0,'en','plugins/language/language','edit_related','Edit related language for this record','2021-10-24 19:47:07','2021-10-24 19:47:32'),(3644,0,'en','plugins/language/language','add_language_for_item','Add other language version for this record','2021-10-24 19:47:07','2021-10-24 19:47:32'),(3645,0,'en','plugins/language/language','settings','Settings','2021-10-24 19:47:07','2021-10-24 19:47:32'),(3646,0,'en','plugins/language/language','language_hide_default','Hide default language from URL?','2021-10-24 19:47:07','2021-10-24 19:47:32'),(3647,0,'en','plugins/language/language','language_display_flag_only','Flag only','2021-10-24 19:47:07','2021-10-24 19:47:32'),(3648,0,'en','plugins/language/language','language_display_name_only','Name only','2021-10-24 19:47:07','2021-10-24 19:47:32'),(3649,0,'en','plugins/language/language','language_display_all','Display all flag and name','2021-10-24 19:47:07','2021-10-24 19:47:32'),(3650,0,'en','plugins/language/language','language_display','Language display','2021-10-24 19:47:07','2021-10-24 19:47:32'),(3651,0,'en','plugins/language/language','switcher_display','Switcher language display','2021-10-24 19:47:07','2021-10-24 19:47:32'),(3652,0,'en','plugins/language/language','language_switcher_display_dropdown','Dropdown','2021-10-24 19:47:07','2021-10-24 19:47:32'),(3653,0,'en','plugins/language/language','language_switcher_display_list','List','2021-10-24 19:47:07','2021-10-24 19:47:32'),(3654,0,'en','plugins/language/language','current_language_edit_notification','You are editing \"<strong class=\"current_language_text\">:language</strong>\" version','2021-10-24 19:47:07','2021-10-24 19:47:32'),(3655,0,'en','plugins/language/language','confirm-change-language','Confirm change language','2021-10-24 19:47:07','2021-10-24 19:47:32'),(3656,0,'en','plugins/language/language','confirm-change-language-message','Do you really want to change language to \"<strong class=\"change_to_language_text\"></strong>\" ? This action will be override \"<strong class=\"change_to_language_text\"></strong>\" version if it\'s existed!','2021-10-24 19:47:07','2021-10-24 19:47:32'),(3657,0,'en','plugins/language/language','confirm-change-language-btn','Confirm change','2021-10-24 19:47:07','2021-10-24 19:47:32'),(3658,0,'en','plugins/language/language','hide_languages','Hide languages','2021-10-24 19:47:07','2021-10-24 19:47:32'),(3659,0,'en','plugins/language/language','hide_languages_description','You can completely hide content in specific languages from visitors and search engines, but still view it yourself. This allows reviewing translations that are in progress.','2021-10-24 19:47:07','2021-10-24 19:47:32'),(3660,0,'en','plugins/language/language','hide_languages_helper_display_hidden','{0} All languages are currently displayed.|{1} :language is currently hidden to visitors.|[2, Inf] :language are currently hidden to visitors.','2021-10-24 19:47:07','2021-10-24 19:47:32'),(3661,0,'en','plugins/language/language','show_all','Show all','2021-10-24 19:47:07','2021-10-24 19:47:32'),(3662,0,'en','plugins/language/language','change_language','Language','2021-10-24 19:47:07','2021-10-24 19:47:32'),(3663,0,'en','plugins/language/language','language_show_default_item_if_current_version_not_existed','Show item in default language if it is not existed in current language','2021-10-24 19:47:07','2021-10-24 19:47:32'),(3664,0,'en','plugins/language/language','select_flag','Select a flag...','2021-10-24 19:47:07','2021-10-24 19:47:32'),(3665,0,'en','plugins/language/language','delete_confirmation_message','Do you really want to delete this language? It also deletes all items in this language and cannot rollback!','2021-10-24 19:47:07','2021-10-24 19:47:32'),(3666,0,'en','plugins/language/language','added_already','This language was added already!','2021-10-24 19:47:07','2021-10-24 19:47:32'),(3667,0,'en','plugins/newsletter/newsletter','name','Newsletters','2021-10-24 19:47:07','2021-10-24 19:47:32'),(3668,0,'en','plugins/newsletter/newsletter','settings.email.templates.title','Newsletter','2021-10-24 19:47:07','2021-10-24 19:47:32'),(3669,0,'en','plugins/newsletter/newsletter','settings.email.templates.description','Config newsletter email templates','2021-10-24 19:47:07','2021-10-24 19:47:32'),(3670,0,'en','plugins/newsletter/newsletter','settings.email.templates.to_admin.title','Email send to admin','2021-10-24 19:47:07','2021-10-24 19:47:32'),(3671,0,'en','plugins/newsletter/newsletter','settings.email.templates.to_admin.description','Template for sending email to admin','2021-10-24 19:47:07','2021-10-24 19:47:32'),(3672,0,'en','plugins/newsletter/newsletter','settings.email.templates.to_user.title','Email send to user','2021-10-24 19:47:07','2021-10-24 19:47:32'),(3673,0,'en','plugins/newsletter/newsletter','settings.email.templates.to_user.description','Template for sending email to subscriber','2021-10-24 19:47:07','2021-10-24 19:47:32'),(3674,0,'en','plugins/newsletter/newsletter','settings.title','Newsletter','2021-10-24 19:47:07','2021-10-24 19:47:32'),(3675,0,'en','plugins/newsletter/newsletter','settings.description','Settings for newsletter','2021-10-24 19:47:07','2021-10-24 19:47:32'),(3676,0,'en','plugins/newsletter/newsletter','settings.mailchimp_api_key','Mailchimp API Key','2021-10-24 19:47:07','2021-10-24 19:47:32'),(3677,0,'en','plugins/newsletter/newsletter','settings.mailchimp_list_id','Mailchimp List ID','2021-10-24 19:47:07','2021-10-24 19:47:32'),(3678,0,'en','plugins/newsletter/newsletter','settings.mailchimp_list','Mailchimp List','2021-10-24 19:47:07','2021-10-24 19:47:32'),(3679,0,'en','plugins/newsletter/newsletter','settings.sendgrid_api_key','Sendgrid API Key','2021-10-24 19:47:07','2021-10-24 19:47:32'),(3680,0,'en','plugins/newsletter/newsletter','settings.sendgrid_list_id','Sendgrid List ID','2021-10-24 19:47:07','2021-10-24 19:47:32'),(3681,0,'en','plugins/newsletter/newsletter','settings.sendgrid_list','Sendgrid List','2021-10-24 19:47:07','2021-10-24 19:47:32'),(3682,0,'en','plugins/newsletter/newsletter','statuses.subscribed','Subscribed','2021-10-24 19:47:07','2021-10-24 19:47:32'),(3683,0,'en','plugins/newsletter/newsletter','statuses.unsubscribed','Unsubscribed','2021-10-24 19:47:07','2021-10-24 19:47:32'),(3684,0,'en','plugins/payment/payment','payments','Payments','2021-10-24 19:47:07','2021-10-24 19:47:32'),(3685,0,'en','plugins/payment/payment','checkout_success','Checkout successfully!','2021-10-24 19:47:07','2021-10-24 19:47:32'),(3686,0,'en','plugins/payment/payment','view_payment','View payment #','2021-10-24 19:47:07','2021-10-24 19:47:32'),(3687,0,'en','plugins/payment/payment','charge_id','Charge ID','2021-10-24 19:47:07','2021-10-24 19:47:32'),(3688,0,'en','plugins/payment/payment','amount','Amount','2021-10-24 19:47:07','2021-10-24 19:47:32'),(3689,0,'en','plugins/payment/payment','currency','Currency','2021-10-24 19:47:07','2021-10-24 19:47:32'),(3690,0,'en','plugins/payment/payment','user','User','2021-10-24 19:47:07','2021-10-24 19:47:32'),(3691,0,'en','plugins/payment/payment','stripe','Stripe','2021-10-24 19:47:07','2021-10-24 19:47:32'),(3692,0,'en','plugins/payment/payment','paypal','PayPal','2021-10-24 19:47:07','2021-10-24 19:47:32'),(3693,0,'en','plugins/payment/payment','action','Action','2021-10-24 19:47:07','2021-10-24 19:47:32'),(3694,0,'en','plugins/payment/payment','payment_via_card','Payment via card','2021-10-24 19:47:07','2021-10-24 19:47:32'),(3695,0,'en','plugins/payment/payment','card_number','Card number','2021-10-24 19:47:08','2021-10-24 19:47:32'),(3696,0,'en','plugins/payment/payment','full_name','Full name','2021-10-24 19:47:08','2021-10-24 19:47:32'),(3697,0,'en','plugins/payment/payment','payment_via_paypal','Fast and safe online payment via PayPal.','2021-10-24 19:47:08','2021-10-24 19:47:32'),(3698,0,'en','plugins/payment/payment','mm_yy','MM/YY','2021-10-24 19:47:08','2021-10-24 19:47:32'),(3699,0,'en','plugins/payment/payment','cvc','CVC','2021-10-24 19:47:08','2021-10-24 19:47:32'),(3700,0,'en','plugins/payment/payment','details','Details','2021-10-24 19:47:08','2021-10-24 19:47:32'),(3701,0,'en','plugins/payment/payment','payer_name','Payer Name','2021-10-24 19:47:08','2021-10-24 19:47:32'),(3702,0,'en','plugins/payment/payment','email','Email','2021-10-24 19:47:08','2021-10-24 19:47:32'),(3703,0,'en','plugins/payment/payment','phone','Phone','2021-10-24 19:47:08','2021-10-24 19:47:32'),(3704,0,'en','plugins/payment/payment','country','Country','2021-10-24 19:47:08','2021-10-24 19:47:32'),(3705,0,'en','plugins/payment/payment','shipping_address','Shipping Address','2021-10-24 19:47:08','2021-10-24 19:47:32'),(3706,0,'en','plugins/payment/payment','payment_details','Payment Details','2021-10-24 19:47:08','2021-10-24 19:47:32'),(3707,0,'en','plugins/payment/payment','card','Card','2021-10-24 19:47:08','2021-10-24 19:47:32'),(3708,0,'en','plugins/payment/payment','address','Address','2021-10-24 19:47:08','2021-10-24 19:47:32'),(3709,0,'en','plugins/payment/payment','could_not_get_stripe_token','Could not get Stripe token to make a charge.','2021-10-24 19:47:08','2021-10-24 19:47:32'),(3710,0,'en','plugins/payment/payment','payment_id','Payment ID','2021-10-24 19:47:08','2021-10-24 19:47:32'),(3711,0,'en','plugins/payment/payment','payment_methods','Payment methods','2021-10-24 19:47:08','2021-10-24 19:47:32'),(3712,0,'en','plugins/payment/payment','transactions','Transactions','2021-10-24 19:47:08','2021-10-24 19:47:32'),(3713,0,'en','plugins/payment/payment','payment_methods_description','Setup payment methods for website','2021-10-24 19:47:08','2021-10-24 19:47:32'),(3714,0,'en','plugins/payment/payment','paypal_description','Customer can buy product and pay directly via PayPal','2021-10-24 19:47:08','2021-10-24 19:47:32'),(3715,0,'en','plugins/payment/payment','use','Use','2021-10-24 19:47:08','2021-10-24 19:47:32'),(3716,0,'en','plugins/payment/payment','stripe_description','Customer can buy product and pay directly using Visa, Credit card via Stripe','2021-10-24 19:47:08','2021-10-24 19:47:32'),(3717,0,'en','plugins/payment/payment','edit','Edit','2021-10-24 19:47:08','2021-10-24 19:47:32'),(3718,0,'en','plugins/payment/payment','settings','Settings','2021-10-24 19:47:08','2021-10-24 19:47:32'),(3719,0,'en','plugins/payment/payment','activate','Activate','2021-10-24 19:47:08','2021-10-24 19:47:32'),(3720,0,'en','plugins/payment/payment','deactivate','Deactivate','2021-10-24 19:47:08','2021-10-24 19:47:32'),(3721,0,'en','plugins/payment/payment','update','Update','2021-10-24 19:47:08','2021-10-24 19:47:32'),(3722,0,'en','plugins/payment/payment','configuration_instruction','Configuration instruction for :name','2021-10-24 19:47:08','2021-10-24 19:47:32'),(3723,0,'en','plugins/payment/payment','configuration_requirement','To use :name, you need','2021-10-24 19:47:08','2021-10-24 19:47:32'),(3724,0,'en','plugins/payment/payment','service_registration','Register with :name','2021-10-24 19:47:08','2021-10-24 19:47:32'),(3725,0,'en','plugins/payment/payment','after_service_registration_msg','After registration at :name, you will have Client ID, Client Secret','2021-10-24 19:47:08','2021-10-24 19:47:32'),(3726,0,'en','plugins/payment/payment','enter_client_id_and_secret','Enter Client ID, Secret into the box in right hand','2021-10-24 19:47:08','2021-10-24 19:47:32'),(3727,0,'en','plugins/payment/payment','method_name','Method name','2021-10-24 19:47:08','2021-10-24 19:47:32'),(3728,0,'en','plugins/payment/payment','please_provide_information','Please provide information','2021-10-24 19:47:08','2021-10-24 19:47:32'),(3729,0,'en','plugins/payment/payment','client_id','Client ID','2021-10-24 19:47:08','2021-10-24 19:47:32'),(3730,0,'en','plugins/payment/payment','client_secret','Client Secret','2021-10-24 19:47:08','2021-10-24 19:47:32'),(3731,0,'en','plugins/payment/payment','secret','Secret','2021-10-24 19:47:08','2021-10-24 19:47:32'),(3732,0,'en','plugins/payment/payment','stripe_key','Stripe Public Key','2021-10-24 19:47:08','2021-10-24 19:47:32'),(3733,0,'en','plugins/payment/payment','stripe_secret','Stripe Private Key','2021-10-24 19:47:08','2021-10-24 19:47:32'),(3734,0,'en','plugins/payment/payment','stripe_after_service_registration_msg','After registration at :name, you will have Public, Secret keys','2021-10-24 19:47:08','2021-10-24 19:47:32'),(3735,0,'en','plugins/payment/payment','stripe_enter_client_id_and_secret','Enter Public, Secret keys into the box in right hand','2021-10-24 19:47:08','2021-10-24 19:47:32'),(3736,0,'en','plugins/payment/payment','pay_online_via','Pay online via :name','2021-10-24 19:47:08','2021-10-24 19:47:32'),(3737,0,'en','plugins/payment/payment','sandbox_mode','Sandbox mode','2021-10-24 19:47:08','2021-10-24 19:47:32'),(3738,0,'en','plugins/payment/payment','deactivate_payment_method','Deactivate payment method','2021-10-24 19:47:08','2021-10-24 19:47:32'),(3739,0,'en','plugins/payment/payment','deactivate_payment_method_description','Do you really want to deactivate this payment method?','2021-10-24 19:47:08','2021-10-24 19:47:32'),(3740,0,'en','plugins/payment/payment','agree','Agree','2021-10-24 19:47:08','2021-10-24 19:47:32'),(3741,0,'en','plugins/payment/payment','name','Payments','2021-10-24 19:47:08','2021-10-24 19:47:32'),(3742,0,'en','plugins/payment/payment','create','New payment','2021-10-24 19:47:08','2021-10-24 19:47:32'),(3743,0,'en','plugins/payment/payment','go_back','Go back','2021-10-24 19:47:08','2021-10-24 19:47:32'),(3744,0,'en','plugins/payment/payment','information','Information','2021-10-24 19:47:08','2021-10-24 19:47:32'),(3745,0,'en','plugins/payment/payment','methods.paypal','PayPal','2021-10-24 19:47:08','2021-10-24 19:47:32'),(3746,0,'en','plugins/payment/payment','methods.stripe','Stripe','2021-10-24 19:47:08','2021-10-24 19:47:32'),(3747,0,'en','plugins/payment/payment','methods.cod','Cash on delivery (COD)','2021-10-24 19:47:08','2021-10-24 19:47:32'),(3748,0,'en','plugins/payment/payment','methods.bank_transfer','Bank transfer','2021-10-24 19:47:08','2021-10-24 19:47:32'),(3749,0,'en','plugins/payment/payment','statuses.pending','Pending','2021-10-24 19:47:08','2021-10-24 19:47:32'),(3750,0,'en','plugins/payment/payment','statuses.completed','Completed','2021-10-24 19:47:08','2021-10-24 19:47:32'),(3751,0,'en','plugins/payment/payment','statuses.refunding','Refunding','2021-10-24 19:47:08','2021-10-24 19:47:32'),(3752,0,'en','plugins/payment/payment','statuses.refunded','Refunded','2021-10-24 19:47:08','2021-10-24 19:47:32'),(3753,0,'en','plugins/payment/payment','statuses.fraud','Fraud','2021-10-24 19:47:08','2021-10-24 19:47:32'),(3754,0,'en','plugins/payment/payment','statuses.failed','Failed','2021-10-24 19:47:08','2021-10-24 19:47:32'),(3755,0,'en','plugins/payment/payment','payment_methods_instruction','Guide customers to pay directly. You can choose to pay by delivery or bank transfer','2021-10-24 19:47:08','2021-10-24 19:47:32'),(3756,0,'en','plugins/payment/payment','payment_method_description','Payment guide - (Displayed on the notice of successful purchase and payment page)','2021-10-24 19:47:08','2021-10-24 19:47:32'),(3757,0,'en','plugins/payment/payment','payment_via_cod','Cash on delivery (COD)','2021-10-24 19:47:08','2021-10-24 19:47:32'),(3758,0,'en','plugins/payment/payment','payment_via_bank_transfer','Bank transfer','2021-10-24 19:47:08','2021-10-24 19:47:32'),(3759,0,'en','plugins/payment/payment','payment_pending','Checkout successfully. Your payment is pending and will be checked by our staff.','2021-10-24 19:47:08','2021-10-24 19:47:32'),(3760,0,'en','plugins/payment/payment','created_at','Created At','2021-10-24 19:47:08','2021-10-24 19:47:32'),(3761,0,'en','plugins/payment/payment','payment_channel','Payment Channel','2021-10-24 19:47:08','2021-10-24 19:47:32'),(3762,0,'en','plugins/payment/payment','total','Total','2021-10-24 19:47:08','2021-10-24 19:47:32'),(3763,0,'en','plugins/payment/payment','status','Status','2021-10-24 19:47:08','2021-10-24 19:47:32'),(3764,0,'en','plugins/payment/payment','default_payment_method','Default payment method','2021-10-24 19:47:08','2021-10-24 19:47:32'),(3765,0,'en','plugins/payment/payment','turn_off_success','Turn off payment method successfully!','2021-10-24 19:47:08','2021-10-24 19:47:32'),(3766,0,'en','plugins/payment/payment','saved_payment_method_success','Saved payment method successfully!','2021-10-24 19:47:08','2021-10-24 19:47:32'),(3767,0,'en','plugins/payment/payment','saved_payment_settings_success','Saved payment settings successfully!','2021-10-24 19:47:08','2021-10-24 19:47:32'),(3768,0,'en','plugins/payment/payment','payment_name','Name','2021-10-24 19:47:08','2021-10-24 19:47:32'),(3769,0,'en','plugins/payment/payment','callback_url','Callback URL','2021-10-24 19:47:08','2021-10-24 19:47:32'),(3770,0,'en','plugins/payment/payment','return_url','Return URL','2021-10-24 19:47:08','2021-10-24 19:47:32'),(3771,0,'en','plugins/payment/payment','payment_not_found','Payment not found!','2021-10-24 19:47:08','2021-10-24 19:47:32'),(3772,0,'en','plugins/payment/payment','refunds.title','Refunds','2021-10-24 19:47:08','2021-10-24 19:47:32'),(3773,0,'en','plugins/payment/payment','refunds.id','ID','2021-10-24 19:47:08','2021-10-24 19:47:32'),(3774,0,'en','plugins/payment/payment','refunds.breakdowns','Breakdowns','2021-10-24 19:47:08','2021-10-24 19:47:32'),(3775,0,'en','plugins/payment/payment','refunds.gross_amount','Gross amount','2021-10-24 19:47:08','2021-10-24 19:47:32'),(3776,0,'en','plugins/payment/payment','refunds.paypal_fee','PayPal fee','2021-10-24 19:47:08','2021-10-24 19:47:32'),(3777,0,'en','plugins/payment/payment','refunds.net_amount','Net amount','2021-10-24 19:47:08','2021-10-24 19:47:32'),(3778,0,'en','plugins/payment/payment','refunds.total_refunded_amount','Total refunded amount','2021-10-24 19:47:08','2021-10-24 19:47:32'),(3779,0,'en','plugins/payment/payment','refunds.create_time','Create time','2021-10-24 19:47:08','2021-10-24 19:47:32'),(3780,0,'en','plugins/payment/payment','refunds.update_time','Update time','2021-10-24 19:47:08','2021-10-24 19:47:32'),(3781,0,'en','plugins/payment/payment','refunds.status','Status','2021-10-24 19:47:08','2021-10-24 19:47:32'),(3782,0,'en','plugins/payment/payment','refunds.description','Description','2021-10-24 19:47:08','2021-10-24 19:47:32'),(3783,0,'en','plugins/payment/payment','refunds.refunded_at','Refunded at','2021-10-24 19:47:08','2021-10-24 19:47:32'),(3784,0,'en','plugins/payment/payment','refunds.error_message','Error message','2021-10-24 19:47:08','2021-10-24 19:47:32'),(3785,0,'en','plugins/payment/payment','view_response_source','View response source','2021-10-24 19:47:08','2021-10-24 19:47:32'),(3786,0,'en','plugins/payment/payment','status_is_not_completed','Status is not COMPLETED','2021-10-24 19:47:08','2021-10-24 19:47:32'),(3787,0,'en','plugins/payment/payment','cannot_found_capture_id','Can not found capture id with payment detail','2021-10-24 19:47:08','2021-10-24 19:47:32'),(3788,0,'en','plugins/payment/payment','amount_refunded','Amount refunded','2021-10-24 19:47:08','2021-10-24 19:47:32'),(3789,0,'en','plugins/payment/payment','amount_remaining','Amount remaining','2021-10-24 19:47:08','2021-10-24 19:47:32'),(3790,0,'en','plugins/payment/payment','paid_at','Paid At','2021-10-24 19:47:08','2021-10-24 19:47:32'),(3791,0,'en','plugins/payment/payment','invalid_settings','Settings for :name are invalid!','2021-10-24 19:47:08','2021-10-24 19:47:32'),(3792,0,'en','plugins/payment/payment','view_transaction','Transaction \":charge_id\"','2021-10-24 19:47:08','2021-10-24 19:47:32'),(3793,0,'vi','plugins/payment/payment','payments','Thanh toán','2021-10-24 19:47:08','2021-10-24 19:47:32'),(3794,0,'vi','plugins/payment/payment','checkout_success','Thanh toán thành công!','2021-10-24 19:47:08','2021-10-24 19:47:32'),(3795,0,'vi','plugins/payment/payment','view_payment','Xem thanh toán #','2021-10-24 19:47:08','2021-10-24 19:47:32'),(3796,0,'vi','plugins/payment/payment','charge_id','Mã thanh toán','2021-10-24 19:47:08','2021-10-24 19:47:32'),(3797,0,'vi','plugins/payment/payment','amount','Số tiền','2021-10-24 19:47:08','2021-10-24 19:47:32'),(3798,0,'vi','plugins/payment/payment','currency','Loại tiền tệ','2021-10-24 19:47:08','2021-10-24 19:47:32'),(3799,0,'vi','plugins/payment/payment','user','Người dùng','2021-10-24 19:47:08','2021-10-24 19:47:32'),(3800,0,'vi','plugins/payment/payment','stripe','Stripe','2021-10-24 19:47:08','2021-10-24 19:47:32'),(3801,0,'vi','plugins/payment/payment','paypal','PayPal','2021-10-24 19:47:08','2021-10-24 19:47:32'),(3802,0,'vi','plugins/payment/payment','action','Hành động','2021-10-24 19:47:08','2021-10-24 19:47:32'),(3803,0,'vi','plugins/payment/payment','payment_via_card','Thanh toán qua thẻ','2021-10-24 19:47:08','2021-10-24 19:47:32'),(3804,0,'vi','plugins/payment/payment','card_number','Số thẻ','2021-10-24 19:47:08','2021-10-24 19:47:32'),(3805,0,'vi','plugins/payment/payment','full_name','Họ tên','2021-10-24 19:47:08','2021-10-24 19:47:32'),(3806,0,'vi','plugins/payment/payment','payment_via_paypal','Thanh toán qua PayPal','2021-10-24 19:47:08','2021-10-24 19:47:32'),(3807,0,'vi','plugins/payment/payment','mm_yy','MM/YY','2021-10-24 19:47:08','2021-10-24 19:47:32'),(3808,0,'vi','plugins/payment/payment','cvc','CVC','2021-10-24 19:47:08','2021-10-24 19:47:32'),(3809,0,'vi','plugins/payment/payment','details','Chi tiết','2021-10-24 19:47:08','2021-10-24 19:47:32'),(3810,0,'vi','plugins/payment/payment','payer_name','Tên người mua','2021-10-24 19:47:08','2021-10-24 19:47:32'),(3811,0,'vi','plugins/payment/payment','email','Email','2021-10-24 19:47:08','2021-10-24 19:47:32'),(3812,0,'vi','plugins/payment/payment','phone','Điện thoại','2021-10-24 19:47:08','2021-10-24 19:47:32'),(3813,0,'vi','plugins/payment/payment','country','Quốc gia','2021-10-24 19:47:08','2021-10-24 19:47:32'),(3814,0,'vi','plugins/payment/payment','shipping_address','Địa chỉ giao hàng','2021-10-24 19:47:08','2021-10-24 19:47:32'),(3815,0,'vi','plugins/payment/payment','payment_details','Chi tiết thanh toán','2021-10-24 19:47:08','2021-10-24 19:47:32'),(3816,0,'vi','plugins/payment/payment','card','Thẻ','2021-10-24 19:47:08','2021-10-24 19:47:32'),(3817,0,'vi','plugins/payment/payment','address','Địa chỉ','2021-10-24 19:47:08','2021-10-24 19:47:32'),(3818,0,'vi','plugins/payment/payment','could_not_get_stripe_token','Không thể lấy mã Stripe để thanh toán.','2021-10-24 19:47:08','2021-10-24 19:47:32'),(3819,0,'vi','plugins/payment/payment','payment_id','Mã thanh toán','2021-10-24 19:47:08','2021-10-24 19:47:32'),(3820,0,'vi','plugins/payment/payment','payment_methods','Phương thức thanh toán','2021-10-24 19:47:08','2021-10-24 19:47:32'),(3821,0,'vi','plugins/payment/payment','transactions','Lịch sử giao dịch','2021-10-24 19:47:08','2021-10-24 19:47:32'),(3822,0,'vi','plugins/payment/payment','payment_methods_description','Cài đặt các phương thức thanh toán cho website','2021-10-24 19:47:08','2021-10-24 19:47:32'),(3823,0,'vi','plugins/payment/payment','paypal_description','Khách hàng có thể mua hàng và thanh toán trực tiếp thông qua cổng thanh toán PayPal','2021-10-24 19:47:08','2021-10-24 19:47:32'),(3824,0,'vi','plugins/payment/payment','use','Dùng','2021-10-24 19:47:08','2021-10-24 19:47:32'),(3825,0,'vi','plugins/payment/payment','stripe_description','Khách hàng có thể mua hàng và thanh toán bằng Visa, Credit card thông qua cổng thanh toán Stripe','2021-10-24 19:47:08','2021-10-24 19:47:32'),(3826,0,'vi','plugins/payment/payment','edit','Chỉnh sửa','2021-10-24 19:47:08','2021-10-24 19:47:32'),(3827,0,'vi','plugins/payment/payment','settings','Cài đặt','2021-10-24 19:47:08','2021-10-24 19:47:32'),(3828,0,'vi','plugins/payment/payment','activate','Kích hoạt','2021-10-24 19:47:08','2021-10-24 19:47:32'),(3829,0,'vi','plugins/payment/payment','deactivate','Huỷ kích hoạt','2021-10-24 19:47:08','2021-10-24 19:47:32'),(3830,0,'vi','plugins/payment/payment','update','Cập nhật','2021-10-24 19:47:08','2021-10-24 19:47:32'),(3831,0,'vi','plugins/payment/payment','configuration_instruction','Hướng dẫn cấu hình :name','2021-10-24 19:47:08','2021-10-24 19:47:32'),(3832,0,'vi','plugins/payment/payment','configuration_requirement','Để sử dụng :name bạn cần','2021-10-24 19:47:08','2021-10-24 19:47:32'),(3833,0,'vi','plugins/payment/payment','service_registration','Đăng ký dịch vụ với :name','2021-10-24 19:47:08','2021-10-24 19:47:32'),(3834,0,'vi','plugins/payment/payment','after_service_registration_msg','Sau khi hoàn tất các bước đăng ký tại :name, bạn sẽ có các thông số Client ID, Client Secret','2021-10-24 19:47:08','2021-10-24 19:47:32'),(3835,0,'vi','plugins/payment/payment','enter_client_id_and_secret','Nhập các thông số Client ID, Secret vào ô bên phải','2021-10-24 19:47:08','2021-10-24 19:47:32'),(3836,0,'vi','plugins/payment/payment','method_name','Tên phương thức','2021-10-24 19:47:08','2021-10-24 19:47:32'),(3837,0,'vi','plugins/payment/payment','please_provide_information','Xin vui lòng cung cấp thông tin','2021-10-24 19:47:08','2021-10-24 19:47:32'),(3838,0,'vi','plugins/payment/payment','client_id','Client ID','2021-10-24 19:47:08','2021-10-24 19:47:32'),(3839,0,'vi','plugins/payment/payment','client_secret','Client Secret','2021-10-24 19:47:08','2021-10-24 19:47:32'),(3840,0,'vi','plugins/payment/payment','stripe_key','Stripe Key','2021-10-24 19:47:08','2021-10-24 19:47:32'),(3841,0,'vi','plugins/payment/payment','stripe_secret','Stripe Secret','2021-10-24 19:47:08','2021-10-24 19:47:32'),(3842,0,'vi','plugins/payment/payment','stripe_after_service_registration_msg','After registration at :name, you will have Public, Secret keys','2021-10-24 19:47:08','2021-10-24 19:47:32'),(3843,0,'vi','plugins/payment/payment','stripe_enter_client_id_and_secret','Enter Public, Secret keys into the box in right hand','2021-10-24 19:47:08','2021-10-24 19:47:32'),(3844,0,'vi','plugins/payment/payment','secret','Secret','2021-10-24 19:47:08','2021-10-24 19:47:32'),(3845,0,'vi','plugins/payment/payment','pay_online_via','Thanh toán online qua :name','2021-10-24 19:47:08','2021-10-24 19:47:32'),(3846,0,'vi','plugins/payment/payment','sandbox_mode','Chế độ thử nghiệm','2021-10-24 19:47:08','2021-10-24 19:47:32'),(3847,0,'vi','plugins/payment/payment','deactivate_payment_method','Huỷ kích hoạt phương thức','2021-10-24 19:47:08','2021-10-24 19:47:32'),(3848,0,'vi','plugins/payment/payment','deactivate_payment_method_description','Bạn có chắc chắn muốn huỷ phương thức thành toán này?','2021-10-24 19:47:08','2021-10-24 19:47:32'),(3849,0,'vi','plugins/payment/payment','agree','Đồng ý','2021-10-24 19:47:08','2021-10-24 19:47:32'),(3850,0,'vi','plugins/payment/payment','name','Thanh toán','2021-10-24 19:47:08','2021-10-24 19:47:32'),(3851,0,'vi','plugins/payment/payment','create','Thêm thanh toán mới','2021-10-24 19:47:08','2021-10-24 19:47:32'),(3852,0,'vi','plugins/payment/payment','go_back','Trở lại','2021-10-24 19:47:08','2021-10-24 19:47:32'),(3853,0,'vi','plugins/payment/payment','information','Thông tin','2021-10-24 19:47:08','2021-10-24 19:47:32'),(3854,0,'vi','plugins/payment/payment','methods.paypal','PayPal','2021-10-24 19:47:08','2021-10-24 19:47:32'),(3855,0,'vi','plugins/payment/payment','methods.stripe','Stripe','2021-10-24 19:47:08','2021-10-24 19:47:32'),(3856,0,'vi','plugins/payment/payment','methods.cod','Thanh toán khi giao hàng (COD)','2021-10-24 19:47:08','2021-10-24 19:47:32'),(3857,0,'vi','plugins/payment/payment','methods.bank_transfer','Chuyển khoản qua ngân hàng','2021-10-24 19:47:08','2021-10-24 19:47:32'),(3858,0,'vi','plugins/payment/payment','statuses.pending','Chưa hoàn tất','2021-10-24 19:47:08','2021-10-24 19:47:32'),(3859,0,'vi','plugins/payment/payment','statuses.completed','Đã hoàn thành','2021-10-24 19:47:08','2021-10-24 19:47:32'),(3860,0,'vi','plugins/payment/payment','statuses.refunding','Đang hoàn tiền','2021-10-24 19:47:08','2021-10-24 19:47:32'),(3861,0,'vi','plugins/payment/payment','statuses.refunded','Đã hoàn tiền','2021-10-24 19:47:08','2021-10-24 19:47:32'),(3862,0,'vi','plugins/payment/payment','statuses.fraud','Gian lận','2021-10-24 19:47:08','2021-10-24 19:47:32'),(3863,0,'vi','plugins/payment/payment','statuses.failed','Thất bại','2021-10-24 19:47:08','2021-10-24 19:47:32'),(3864,0,'vi','plugins/payment/payment','payment_methods_instruction','Hướng dẫn khách hàng thanh toán trực tiếp. Có thể chọn thanh toán khi giao hàng hoặc chuyển khoản','2021-10-24 19:47:08','2021-10-24 19:47:32'),(3865,0,'vi','plugins/payment/payment','payment_method_description','Hướng dẫn thanh toán – (Hiển thị ở trang thông báo mua hàng thành công và trang thanh toán)','2021-10-24 19:47:09','2021-10-24 19:47:32'),(3866,0,'vi','plugins/payment/payment','payment_via_cod','Thanh toán khi nhận hàng (COD)','2021-10-24 19:47:09','2021-10-24 19:47:32'),(3867,0,'vi','plugins/payment/payment','payment_via_bank_transfer','Chuyển khoản qua ngân hàng','2021-10-24 19:47:09','2021-10-24 19:47:32'),(3868,0,'vi','plugins/payment/payment','payment_pending','Thực hiện thành công. Thanh toán của bạn đang được xử lý và sẽ được xác nhận bởi nhân viên.','2021-10-24 19:47:09','2021-10-24 19:47:32'),(3869,0,'vi','plugins/payment/payment','created_at','Ngày tạo','2021-10-24 19:47:09','2021-10-24 19:47:32'),(3870,0,'vi','plugins/payment/payment','payment_channel','Phương thức thanh toán','2021-10-24 19:47:09','2021-10-24 19:47:32'),(3871,0,'vi','plugins/payment/payment','total','Tổng cộng','2021-10-24 19:47:09','2021-10-24 19:47:32'),(3872,0,'vi','plugins/payment/payment','status','Trạng thái','2021-10-24 19:47:09','2021-10-24 19:47:32'),(3873,0,'vi','plugins/payment/payment','default_payment_method','Phương thức thanh toán mặc định','2021-10-24 19:47:09','2021-10-24 19:47:32'),(3874,0,'en','plugins/simple-slider/simple-slider','create','New slider','2021-10-24 19:47:09','2021-10-24 19:47:32'),(3875,0,'en','plugins/simple-slider/simple-slider','edit','Edit slider','2021-10-24 19:47:09','2021-10-24 19:47:32'),(3876,0,'en','plugins/simple-slider/simple-slider','menu','Simple sliders','2021-10-24 19:47:09','2021-10-24 19:47:32'),(3877,0,'en','plugins/simple-slider/simple-slider','settings.title','Simple sliders','2021-10-24 19:47:09','2021-10-24 19:47:32'),(3878,0,'en','plugins/simple-slider/simple-slider','settings.description','Settings for Simple sliders','2021-10-24 19:47:09','2021-10-24 19:47:32'),(3879,0,'en','plugins/simple-slider/simple-slider','settings.using_assets','Using default assets?','2021-10-24 19:47:09','2021-10-24 19:47:32'),(3880,0,'en','plugins/simple-slider/simple-slider','settings.using_assets_description','If using assets option is enabled then below scripts will be auto added to front site.','2021-10-24 19:47:09','2021-10-24 19:47:32'),(3881,0,'en','plugins/simple-slider/simple-slider','add_new','Add new','2021-10-24 19:47:09','2021-10-24 19:47:32'),(3882,0,'en','plugins/simple-slider/simple-slider','save_sorting','Save sorting','2021-10-24 19:47:09','2021-10-24 19:47:32'),(3883,0,'en','plugins/simple-slider/simple-slider','key','Key','2021-10-24 19:47:09','2021-10-24 19:47:32'),(3884,0,'en','plugins/simple-slider/simple-slider','slide_items','Slide Items','2021-10-24 19:47:09','2021-10-24 19:47:32'),(3885,0,'en','plugins/simple-slider/simple-slider','update_slide_position_success','Updated slide position successfully!','2021-10-24 19:47:09','2021-10-24 19:47:32'),(3886,0,'en','plugins/simple-slider/simple-slider','create_new_slide','Create a new slide','2021-10-24 19:47:09','2021-10-24 19:47:32'),(3887,0,'en','plugins/simple-slider/simple-slider','edit_slide','Edit slide #:id','2021-10-24 19:47:09','2021-10-24 19:47:32'),(3888,0,'en','plugins/simple-slider/simple-slider','simple_slider_shortcode_name','Simple Slider','2021-10-24 19:47:09','2021-10-24 19:47:32'),(3889,0,'en','plugins/simple-slider/simple-slider','simple_slider_shortcode_description','Add a simple slider','2021-10-24 19:47:09','2021-10-24 19:47:32'),(3890,0,'en','plugins/simple-slider/simple-slider','select_slider','Select a slider','2021-10-24 19:47:09','2021-10-24 19:47:32'),(3891,0,'en','plugins/social-login/social-login','settings.title','Social Login settings','2021-10-24 19:47:09','2021-10-24 19:47:32'),(3892,0,'en','plugins/social-login/social-login','settings.description','Configure social login options','2021-10-24 19:47:09','2021-10-24 19:47:32'),(3893,0,'en','plugins/social-login/social-login','settings.facebook.title','Facebook login settings','2021-10-24 19:47:09','2021-10-24 19:47:32'),(3894,0,'en','plugins/social-login/social-login','settings.facebook.description','Enable/disable & configure app credentials for Facebook login','2021-10-24 19:47:09','2021-10-24 19:47:32'),(3895,0,'en','plugins/social-login/social-login','settings.facebook.app_id','App ID','2021-10-24 19:47:09','2021-10-24 19:47:32'),(3896,0,'en','plugins/social-login/social-login','settings.facebook.app_secret','App Secret','2021-10-24 19:47:09','2021-10-24 19:47:32'),(3897,0,'en','plugins/social-login/social-login','settings.facebook.helper','Please go to https://developers.facebook.com to create new app update App ID, App Secret. Callback URL is :callback','2021-10-24 19:47:09','2021-10-24 19:47:32'),(3898,0,'en','plugins/social-login/social-login','settings.google.title','Google login settings','2021-10-24 19:47:09','2021-10-24 19:47:32'),(3899,0,'en','plugins/social-login/social-login','settings.google.description','Enable/disable & configure app credentials for Google login','2021-10-24 19:47:09','2021-10-24 19:47:32'),(3900,0,'en','plugins/social-login/social-login','settings.google.app_id','App ID','2021-10-24 19:47:09','2021-10-24 19:47:32'),(3901,0,'en','plugins/social-login/social-login','settings.google.app_secret','App Secret','2021-10-24 19:47:09','2021-10-24 19:47:32'),(3902,0,'en','plugins/social-login/social-login','settings.google.helper','Please go to https://console.developers.google.com/apis/dashboard to create new app update App ID, App Secret. Callback URL is :callback','2021-10-24 19:47:09','2021-10-24 19:47:32'),(3903,0,'en','plugins/social-login/social-login','settings.github.title','Github login settings','2021-10-24 19:47:09','2021-10-24 19:47:32'),(3904,0,'en','plugins/social-login/social-login','settings.github.description','Enable/disable & configure app credentials for Github login','2021-10-24 19:47:09','2021-10-24 19:47:32'),(3905,0,'en','plugins/social-login/social-login','settings.github.app_id','App ID','2021-10-24 19:47:09','2021-10-24 19:47:32'),(3906,0,'en','plugins/social-login/social-login','settings.github.app_secret','App Secret','2021-10-24 19:47:09','2021-10-24 19:47:32'),(3907,0,'en','plugins/social-login/social-login','settings.github.helper','Please go to https://github.com/settings/developers to create new app update App ID, App Secret. Callback URL is :callback','2021-10-24 19:47:09','2021-10-24 19:47:32'),(3908,0,'en','plugins/social-login/social-login','settings.linkedin.title','Linkedin login settings','2021-10-24 19:47:09','2021-10-24 19:47:32'),(3909,0,'en','plugins/social-login/social-login','settings.linkedin.description','Enable/disable & configure app credentials for Linkedin login','2021-10-24 19:47:09','2021-10-24 19:47:32'),(3910,0,'en','plugins/social-login/social-login','settings.linkedin.app_id','App ID','2021-10-24 19:47:09','2021-10-24 19:47:32'),(3911,0,'en','plugins/social-login/social-login','settings.linkedin.app_secret','App Secret','2021-10-24 19:47:09','2021-10-24 19:47:32'),(3912,0,'en','plugins/social-login/social-login','settings.linkedin.helper','Please go to https://www.linkedin.com/developers/apps/new to create new app update App ID, App Secret. Callback URL is :callback','2021-10-24 19:47:09','2021-10-24 19:47:32'),(3913,0,'en','plugins/social-login/social-login','settings.enable','Enable?','2021-10-24 19:47:09','2021-10-24 19:47:32'),(3914,0,'en','plugins/social-login/social-login','menu','Social Login','2021-10-24 19:47:09','2021-10-24 19:47:32'),(3915,0,'en','plugins/testimonial/testimonial','name','Testimonials','2021-10-24 19:47:09','2021-10-24 19:47:32'),(3916,0,'en','plugins/testimonial/testimonial','create','New testimonial','2021-10-24 19:47:09','2021-10-24 19:47:32'),(3917,0,'en','plugins/testimonial/testimonial','edit','Edit testimonial','2021-10-24 19:47:09','2021-10-24 19:47:32'),(3918,0,'en','plugins/testimonial/testimonial','company','Position/Company','2021-10-24 19:47:09','2021-10-24 19:47:32'),(3919,0,'vi','plugins/testimonial/testimonial','name','Nhận xét của khách hàng','2021-10-24 19:47:09','2021-10-24 19:47:32'),(3920,0,'vi','plugins/testimonial/testimonial','create','Thêm nhận xét mới','2021-10-24 19:47:09','2021-10-24 19:47:32'),(3921,0,'vi','plugins/testimonial/testimonial','edit','Sửa nhận xét','2021-10-24 19:47:09','2021-10-24 19:47:32'),(3922,0,'vi','plugins/testimonial/testimonial','company','Chức vụ/Công ty','2021-10-24 19:47:09','2021-10-24 19:47:32'),(3923,0,'en','plugins/testimonials/forms','name','Customer name','2021-10-24 19:47:09','2021-10-24 19:47:32'),(3924,0,'en','plugins/testimonials/forms','company','Company/Working place','2021-10-24 19:47:09','2021-10-24 19:47:32'),(3925,0,'en','plugins/testimonials/forms','avatar','Avatar','2021-10-24 19:47:09','2021-10-24 19:47:32'),(3926,0,'en','plugins/testimonials/forms','title','Title','2021-10-24 19:47:09','2021-10-24 19:47:32'),(3927,0,'en','plugins/testimonials/forms','content','Content','2021-10-24 19:47:09','2021-10-24 19:47:32'),(3928,0,'en','plugins/testimonials/forms','publish','Publish','2021-10-24 19:47:09','2021-10-24 19:47:32'),(3929,0,'en','plugins/testimonials/forms','unpublish','Unpublish','2021-10-24 19:47:09','2021-10-24 19:47:32'),(3930,0,'en','plugins/testimonials/testimonials','name','Testimonials','2021-10-24 19:47:09','2021-10-24 19:47:32'),(3931,0,'en','plugins/testimonials/testimonials','create','New testimonials','2021-10-24 19:47:09','2021-10-24 19:47:32'),(3932,0,'en','plugins/testimonials/testimonials','edit','Edit testimonials','2021-10-24 19:47:09','2021-10-24 19:47:32'),(3933,0,'vi','plugins/testimonials/forms','name','Tên khách hàng','2021-10-24 19:47:09','2021-10-24 19:47:32'),(3934,0,'vi','plugins/testimonials/forms','company','Công ty/Nơi làm việc','2021-10-24 19:47:09','2021-10-24 19:47:32'),(3935,0,'vi','plugins/testimonials/forms','avatar','Avatar','2021-10-24 19:47:09','2021-10-24 19:47:32'),(3936,0,'vi','plugins/testimonials/forms','title','Tiêu đề','2021-10-24 19:47:09','2021-10-24 19:47:32'),(3937,0,'vi','plugins/testimonials/forms','content','Nội dung','2021-10-24 19:47:09','2021-10-24 19:47:32'),(3938,0,'vi','plugins/testimonials/forms','publish','Xuất bản','2021-10-24 19:47:09','2021-10-24 19:47:32'),(3939,0,'vi','plugins/testimonials/forms','unpublish','Không xuất bản','2021-10-24 19:47:09','2021-10-24 19:47:32'),(3940,0,'vi','plugins/testimonials/testimonials','name','Nhận xét khách hàng','2021-10-24 19:47:09','2021-10-24 19:47:32'),(3941,0,'vi','plugins/testimonials/testimonials','create','Tạo mới','2021-10-24 19:47:09','2021-10-24 19:47:32'),(3942,0,'vi','plugins/testimonials/testimonials','edit','Sửa nhận xét','2021-10-24 19:47:09','2021-10-24 19:47:32'),(3943,0,'en','plugins/translation/translation','translations','Translations','2021-10-24 19:47:09','2021-10-24 19:47:32'),(3944,0,'en','plugins/translation/translation','translations_description','Translate all words in system.','2021-10-24 19:47:09','2021-10-24 19:47:32'),(3945,0,'en','plugins/translation/translation','export_warning','Warning, translations are not visible until they are exported back to the resources/lang file, using \'php artisan cms:translations:export\' command or publish button.','2021-10-24 19:47:09','2021-10-24 19:47:32'),(3946,0,'en','plugins/translation/translation','import_done','Done importing, processed :counter items! Reload this page to refresh the groups!','2021-10-24 19:47:09','2021-10-24 19:47:32'),(3947,0,'en','plugins/translation/translation','translation_manager','Translations Manager','2021-10-24 19:47:09','2021-10-24 19:47:32'),(3948,0,'en','plugins/translation/translation','done_publishing','Done publishing the translations for group','2021-10-24 19:47:09','2021-10-24 19:47:32'),(3949,0,'en','plugins/translation/translation','append_translation','Append new translations','2021-10-24 19:47:09','2021-10-24 19:47:32'),(3950,0,'en','plugins/translation/translation','replace_translation','Replace existing translations','2021-10-24 19:47:09','2021-10-24 19:47:32'),(3951,0,'en','plugins/translation/translation','import_group','Import group','2021-10-24 19:47:09','2021-10-24 19:47:32'),(3952,0,'en','plugins/translation/translation','confirm_publish_group','Are you sure you want to publish the translations group \":group\"? This will overwrite existing language files.','2021-10-24 19:47:09','2021-10-24 19:47:32'),(3953,0,'en','plugins/translation/translation','publish_translations','Publish translations','2021-10-24 19:47:09','2021-10-24 19:47:32'),(3954,0,'en','plugins/translation/translation','back','Back','2021-10-24 19:47:09','2021-10-24 19:47:32'),(3955,0,'en','plugins/translation/translation','edit_title','Enter translation','2021-10-24 19:47:09','2021-10-24 19:47:32'),(3956,0,'en','plugins/translation/translation','choose_group_msg','Choose a group to display the group translations. If no groups are visible, make sure you have imported the translations.','2021-10-24 19:47:09','2021-10-24 19:47:32'),(3957,0,'en','plugins/translation/translation','choose_a_group','Choose a group','2021-10-24 19:47:09','2021-10-24 19:47:32'),(3958,0,'en','plugins/translation/translation','locales','Locales','2021-10-24 19:47:09','2021-10-24 19:47:32'),(3959,0,'en','plugins/translation/translation','theme-translations','Theme translations','2021-10-24 19:47:09','2021-10-24 19:47:32'),(3960,0,'en','plugins/translation/translation','admin-translations','Other translations','2021-10-24 19:47:09','2021-10-24 19:47:32'),(3961,0,'en','plugins/translation/translation','translate_from','Translate from','2021-10-24 19:47:09','2021-10-24 19:47:32'),(3962,0,'en','plugins/translation/translation','to','to','2021-10-24 19:47:09','2021-10-24 19:47:32'),(3963,0,'en','plugins/translation/translation','no_other_languages','No other language to translate!','2021-10-24 19:47:09','2021-10-24 19:47:32'),(3964,0,'en','plugins/translation/translation','edit','Edit','2021-10-24 19:47:09','2021-10-24 19:47:32'),(3965,0,'en','plugins/translation/translation','locale','Locale','2021-10-24 19:47:09','2021-10-24 19:47:32'),(3966,0,'en','plugins/translation/translation','locale_placeholder','Ex: en','2021-10-24 19:47:09','2021-10-24 19:47:32'),(3967,0,'en','plugins/translation/translation','name','Name','2021-10-24 19:47:09','2021-10-24 19:47:32'),(3968,0,'en','plugins/translation/translation','default_locale','Default locale?','2021-10-24 19:47:09','2021-10-24 19:47:32'),(3969,0,'en','plugins/translation/translation','actions','Actions','2021-10-24 19:47:09','2021-10-24 19:47:32'),(3970,0,'en','plugins/translation/translation','choose_language','Choose language','2021-10-24 19:47:09','2021-10-24 19:47:32'),(3971,0,'en','plugins/translation/translation','add_new_language','Add new language','2021-10-24 19:47:09','2021-10-24 19:47:32'),(3972,0,'en','plugins/translation/translation','select_language','Select language','2021-10-24 19:47:09','2021-10-24 19:47:32'),(3973,0,'en','plugins/translation/translation','flag','Flag','2021-10-24 19:47:09','2021-10-24 19:47:32'),(3974,0,'en','plugins/translation/translation','folder_is_not_writeable','Cannot write files! Folder /resources/lang is not writable. Please chmod to make it writable!','2021-10-24 19:47:09','2021-10-24 19:47:32'),(3975,0,'en','plugins/translation/translation','delete','Delete','2021-10-24 19:47:09','2021-10-24 19:47:32'),(3976,0,'en','plugins/translation/translation','confirm_delete_message','Do you really want to delete this locale? It will delete all files/folders for this local in /resources/lang!','2021-10-24 19:47:09','2021-10-24 19:47:32'),(3977,0,'en','plugins/translation/translation','download','Download','2021-10-24 19:47:09','2021-10-24 19:47:32'),(3978,0,'en','plugins/translation/translation','select_locale','Select locale','2021-10-24 19:47:09','2021-10-24 19:47:32'),(3979,0,'vi','auth','failed','Không tìm thấy thông tin đăng nhập hợp lệ.','2021-10-24 19:47:09','2021-10-24 19:47:31'),(3980,0,'vi','auth','throttle','Đăng nhập không đúng quá nhiều lần. Vui lòng thử lại sau :seconds giây.','2021-10-24 19:47:09','2021-10-24 19:47:31'),(3981,0,'vi','auth','password','Mật khẩu không chính xác','2021-10-24 19:47:09','2021-10-24 19:47:31'),(3982,0,'vi','pagination','previous','&laquo; Trước','2021-10-24 19:47:09','2021-10-24 19:47:31'),(3983,0,'vi','pagination','next','Sau &raquo;','2021-10-24 19:47:09','2021-10-24 19:47:31'),(3984,0,'vi','passwords','reset','Mật khẩu đã được cập nhật!','2021-10-24 19:47:09','2021-10-24 19:47:31'),(3985,0,'vi','passwords','sent','Chúng tôi đã gửi cho bạn đường dẫn thay đổi mật khẩu!','2021-10-24 19:47:09','2021-10-24 19:47:31'),(3986,0,'vi','passwords','token','Mã xác nhận mật khẩu không hợp lệ.','2021-10-24 19:47:09','2021-10-24 19:47:31'),(3987,0,'vi','passwords','user','Không tìm thấy thành viên với địa chỉ email này.','2021-10-24 19:47:09','2021-10-24 19:47:31'),(3988,0,'vi','validation','accepted','Trường :attribute phải được chấp nhận.','2021-10-24 19:47:09','2021-10-24 19:47:31'),(3989,0,'vi','validation','active_url','Trường :attribute không phải là một URL hợp lệ.','2021-10-24 19:47:09','2021-10-24 19:47:31'),(3990,0,'vi','validation','after','Trường :attribute phải là một ngày sau ngày :date.','2021-10-24 19:47:09','2021-10-24 19:47:31'),(3991,0,'vi','validation','after_or_equal','Trường :attribute phải là thời gian bắt đầu sau hoặc đúng bằng :date.','2021-10-24 19:47:09','2021-10-24 19:47:31'),(3992,0,'vi','validation','alpha','Trường :attribute chỉ có thể chứa các chữ cái.','2021-10-24 19:47:09','2021-10-24 19:47:31'),(3993,0,'vi','validation','alpha_dash','Trường :attribute chỉ có thể chứa chữ cái, số và dấu gạch ngang.','2021-10-24 19:47:09','2021-10-24 19:47:31'),(3994,0,'vi','validation','alpha_num','Trường :attribute chỉ có thể chứa chữ cái và số.','2021-10-24 19:47:09','2021-10-24 19:47:31'),(3995,0,'vi','validation','array','Trường :attribute phải là dạng mảng.','2021-10-24 19:47:09','2021-10-24 19:47:31'),(3996,0,'vi','validation','before','Trường :attribute phải là một ngày trước ngày :date.','2021-10-24 19:47:09','2021-10-24 19:47:31'),(3997,0,'vi','validation','before_or_equal','Trường :attribute phải là thời gian bắt đầu trước hoặc đúng bằng :date.','2021-10-24 19:47:09','2021-10-24 19:47:31'),(3998,0,'vi','validation','between.array','Trường :attribute phải có từ :min - :max phần tử.','2021-10-24 19:47:09','2021-10-24 19:47:31'),(3999,0,'vi','validation','between.file','Dung lượng tập tin trong trường :attribute phải từ :min - :max kB.','2021-10-24 19:47:09','2021-10-24 19:47:31'),(4000,0,'vi','validation','between.numeric','Trường :attribute phải nằm trong khoảng :min - :max.','2021-10-24 19:47:09','2021-10-24 19:47:31'),(4001,0,'vi','validation','between.string','Trường :attribute phải từ :min - :max kí tự.','2021-10-24 19:47:09','2021-10-24 19:47:31'),(4002,0,'vi','validation','boolean','Trường :attribute phải là true hoặc false.','2021-10-24 19:47:09','2021-10-24 19:47:31'),(4003,0,'vi','validation','confirmed','Giá trị xác nhận trong trường :attribute không khớp.','2021-10-24 19:47:09','2021-10-24 19:47:31'),(4004,0,'vi','validation','date','Trường :attribute không phải là định dạng của ngày-tháng.','2021-10-24 19:47:09','2021-10-24 19:47:31'),(4005,0,'vi','validation','date_equals','Trường :attribute phải là một ngày bằng với :date.','2021-10-24 19:47:09','2021-10-24 19:47:31'),(4006,0,'vi','validation','date_format','Trường :attribute không giống với định dạng :format.','2021-10-24 19:47:09','2021-10-24 19:47:31'),(4007,0,'vi','validation','different','Trường :attribute và :other phải khác nhau.','2021-10-24 19:47:09','2021-10-24 19:47:31'),(4008,0,'vi','validation','digits','Độ dài của trường :attribute phải gồm :digits chữ số.','2021-10-24 19:47:09','2021-10-24 19:47:31'),(4009,0,'vi','validation','digits_between','Độ dài của trường :attribute phải nằm trong khoảng :min and :max chữ số.','2021-10-24 19:47:09','2021-10-24 19:47:31'),(4010,0,'vi','validation','dimensions','Trường :attribute có kích thước không hợp lệ.','2021-10-24 19:47:09','2021-10-24 19:47:31'),(4011,0,'vi','validation','distinct','Trường :attribute có giá trị trùng lặp.','2021-10-24 19:47:09','2021-10-24 19:47:31'),(4012,0,'vi','validation','email','Trường :attribute phải là một địa chỉ email hợp lệ.','2021-10-24 19:47:09','2021-10-24 19:47:31'),(4013,0,'vi','validation','ends_with','Trường :attribute phải kết thúc bằng một trong những giá trị sau: :values','2021-10-24 19:47:09','2021-10-24 19:47:31'),(4014,0,'vi','validation','exists','Giá trị đã chọn trong trường :attribute không hợp lệ.','2021-10-24 19:47:09','2021-10-24 19:47:31'),(4015,0,'vi','validation','file','Trường :attribute phải là một tệp tin.','2021-10-24 19:47:09','2021-10-24 19:47:31'),(4016,0,'vi','validation','filled','Trường :attribute không được bỏ trống.','2021-10-24 19:47:09','2021-10-24 19:47:31'),(4017,0,'vi','validation','gt.array','Mảng :attribute phải có nhiều hơn :value phần tử.','2021-10-24 19:47:09','2021-10-24 19:47:31'),(4018,0,'vi','validation','gt.file','Dung lượng trường :attribute phải lớn hơn :value kilobytes.','2021-10-24 19:47:09','2021-10-24 19:47:31'),(4019,0,'vi','validation','gt.numeric','Giá trị trường :attribute phải lớn hơn :value.','2021-10-24 19:47:09','2021-10-24 19:47:31'),(4020,0,'vi','validation','gt.string','Độ dài trường :attribute phải nhiều hơn :value kí tự.','2021-10-24 19:47:09','2021-10-24 19:47:31'),(4021,0,'vi','validation','gte.array','Mảng :attribute phải có ít nhất :value phần tử.','2021-10-24 19:47:09','2021-10-24 19:47:31'),(4022,0,'vi','validation','gte.file','Dung lượng trường :attribute phải lớn hơn hoặc bằng :value kilobytes.','2021-10-24 19:47:09','2021-10-24 19:47:31'),(4023,0,'vi','validation','gte.numeric','Giá trị trường :attribute phải lớn hơn hoặc bằng :value.','2021-10-24 19:47:09','2021-10-24 19:47:31'),(4024,0,'vi','validation','gte.string','Độ dài trường :attribute phải lớn hơn hoặc bằng :value kí tự.','2021-10-24 19:47:09','2021-10-24 19:47:31'),(4025,0,'vi','validation','image','Trường :attribute phải là định dạng hình ảnh.','2021-10-24 19:47:09','2021-10-24 19:47:31'),(4026,0,'vi','validation','in','Giá trị đã chọn trong trường :attribute không hợp lệ.','2021-10-24 19:47:09','2021-10-24 19:47:31'),(4027,0,'vi','validation','in_array','Trường :attribute phải thuộc tập cho phép: :other.','2021-10-24 19:47:09','2021-10-24 19:47:31'),(4028,0,'vi','validation','integer','Trường :attribute phải là một số nguyên.','2021-10-24 19:47:09','2021-10-24 19:47:31'),(4029,0,'vi','validation','ip','Trường :attribute phải là một địa chỉ IP.','2021-10-24 19:47:10','2021-10-24 19:47:31'),(4030,0,'vi','validation','ipv4','Trường :attribute phải là một địa chỉ IPv4.','2021-10-24 19:47:10','2021-10-24 19:47:31'),(4031,0,'vi','validation','ipv6','Trường :attribute phải là một địa chỉ IPv6.','2021-10-24 19:47:10','2021-10-24 19:47:31'),(4032,0,'vi','validation','json','Trường :attribute phải là một chuỗi JSON.','2021-10-24 19:47:10','2021-10-24 19:47:31'),(4033,0,'vi','validation','lt.array','Mảng :attribute phải có ít hơn :value phần tử.','2021-10-24 19:47:10','2021-10-24 19:47:31'),(4034,0,'vi','validation','lt.file','Dung lượng trường :attribute phải nhỏ hơn :value kilobytes.','2021-10-24 19:47:10','2021-10-24 19:47:31'),(4035,0,'vi','validation','lt.numeric','Giá trị trường :attribute phải nhỏ hơn :value.','2021-10-24 19:47:10','2021-10-24 19:47:31'),(4036,0,'vi','validation','lt.string','Độ dài trường :attribute phải nhỏ hơn :value kí tự.','2021-10-24 19:47:10','2021-10-24 19:47:31'),(4037,0,'vi','validation','lte.array','Mảng :attribute không được có nhiều hơn :value phần tử.','2021-10-24 19:47:10','2021-10-24 19:47:31'),(4038,0,'vi','validation','lte.file','Dung lượng trường :attribute phải nhỏ hơn hoặc bằng :value kilobytes.','2021-10-24 19:47:10','2021-10-24 19:47:31'),(4039,0,'vi','validation','lte.numeric','Giá trị trường :attribute phải nhỏ hơn hoặc bằng :value.','2021-10-24 19:47:10','2021-10-24 19:47:31'),(4040,0,'vi','validation','lte.string','Độ dài trường :attribute phải nhỏ hơn hoặc bằng :value kí tự.','2021-10-24 19:47:10','2021-10-24 19:47:31'),(4041,0,'vi','validation','max.array','Trường :attribute không được lớn hơn :max phần tử.','2021-10-24 19:47:10','2021-10-24 19:47:31'),(4042,0,'vi','validation','max.file','Dung lượng tập tin trong trường :attribute không được lớn hơn :max kB.','2021-10-24 19:47:10','2021-10-24 19:47:31'),(4043,0,'vi','validation','max.numeric','Trường :attribute không được lớn hơn :max.','2021-10-24 19:47:10','2021-10-24 19:47:31'),(4044,0,'vi','validation','max.string','Trường :attribute không được lớn hơn :max kí tự.','2021-10-24 19:47:10','2021-10-24 19:47:31'),(4045,0,'vi','validation','mimes','Trường :attribute phải là một tập tin có định dạng: :values.','2021-10-24 19:47:10','2021-10-24 19:47:31'),(4046,0,'vi','validation','mimetypes','Trường :attribute phải là một tập tin có định dạng: :values.','2021-10-24 19:47:10','2021-10-24 19:47:31'),(4047,0,'vi','validation','min.array','Trường :attribute phải có tối thiểu :min phần tử.','2021-10-24 19:47:10','2021-10-24 19:47:31'),(4048,0,'vi','validation','min.file','Dung lượng tập tin trong trường :attribute phải tối thiểu :min kB.','2021-10-24 19:47:10','2021-10-24 19:47:31'),(4049,0,'vi','validation','min.numeric','Trường :attribute phải tối thiểu là :min.','2021-10-24 19:47:10','2021-10-24 19:47:31'),(4050,0,'vi','validation','min.string','Trường :attribute phải có tối thiểu :min kí tự.','2021-10-24 19:47:10','2021-10-24 19:47:31'),(4051,0,'vi','validation','multiple_of','Trường :attribute phải là bội số của :value','2021-10-24 19:47:10','2021-10-24 19:47:31'),(4052,0,'vi','validation','not_in','Giá trị đã chọn trong trường :attribute không hợp lệ.','2021-10-24 19:47:10','2021-10-24 19:47:31'),(4053,0,'vi','validation','not_regex','Trường :attribute có định dạng không hợp lệ.','2021-10-24 19:47:10','2021-10-24 19:47:31'),(4054,0,'vi','validation','numeric','Trường :attribute phải là một số.','2021-10-24 19:47:10','2021-10-24 19:47:31'),(4055,0,'vi','validation','password','Mật khẩu không đúng.','2021-10-24 19:47:10','2021-10-24 19:47:31'),(4056,0,'vi','validation','present','Trường :attribute phải được cung cấp.','2021-10-24 19:47:10','2021-10-24 19:47:31'),(4057,0,'vi','validation','prohibited','Trường :attribute bị cấm.','2021-10-24 19:47:10','2021-10-24 19:47:31'),(4058,0,'vi','validation','prohibited_if','Trường :attribute bị cấm khi :other là :value.','2021-10-24 19:47:10','2021-10-24 19:47:31'),(4059,0,'vi','validation','prohibited_unless','Trường :attribute bị cấm trừ khi :other là một trong :values.','2021-10-24 19:47:10','2021-10-24 19:47:31'),(4060,0,'vi','validation','regex','Trường :attribute có định dạng không hợp lệ.','2021-10-24 19:47:10','2021-10-24 19:47:31'),(4061,0,'vi','validation','required','Trường :attribute không được bỏ trống.','2021-10-24 19:47:10','2021-10-24 19:47:31'),(4062,0,'vi','validation','required_if','Trường :attribute không được bỏ trống khi trường :other là :value.','2021-10-24 19:47:10','2021-10-24 19:47:31'),(4063,0,'vi','validation','required_unless','Trường :attribute không được bỏ trống trừ khi :other là :values.','2021-10-24 19:47:10','2021-10-24 19:47:31'),(4064,0,'vi','validation','required_with','Trường :attribute không được bỏ trống khi một trong :values có giá trị.','2021-10-24 19:47:10','2021-10-24 19:47:31'),(4065,0,'vi','validation','required_with_all','Trường :attribute không được bỏ trống khi tất cả :values có giá trị.','2021-10-24 19:47:10','2021-10-24 19:47:31'),(4066,0,'vi','validation','required_without','Trường :attribute không được bỏ trống khi một trong :values không có giá trị.','2021-10-24 19:47:10','2021-10-24 19:47:31'),(4067,0,'vi','validation','required_without_all','Trường :attribute không được bỏ trống khi tất cả :values không có giá trị.','2021-10-24 19:47:10','2021-10-24 19:47:31'),(4068,0,'vi','validation','same','Trường :attribute và :other phải giống nhau.','2021-10-24 19:47:10','2021-10-24 19:47:31'),(4069,0,'vi','validation','size.array','Trường :attribute phải chứa :size phần tử.','2021-10-24 19:47:10','2021-10-24 19:47:31'),(4070,0,'vi','validation','size.file','Dung lượng tập tin trong trường :attribute phải bằng :size kB.','2021-10-24 19:47:10','2021-10-24 19:47:31'),(4071,0,'vi','validation','size.numeric','Trường :attribute phải bằng :size.','2021-10-24 19:47:10','2021-10-24 19:47:31'),(4072,0,'vi','validation','size.string','Trường :attribute phải chứa :size kí tự.','2021-10-24 19:47:10','2021-10-24 19:47:31'),(4073,0,'vi','validation','starts_with','Trường :attribute phải được bắt đầu bằng một trong những giá trị sau: :values','2021-10-24 19:47:10','2021-10-24 19:47:31'),(4074,0,'vi','validation','string','Trường :attribute phải là một chuỗi kí tự.','2021-10-24 19:47:10','2021-10-24 19:47:31'),(4075,0,'vi','validation','timezone','Trường :attribute phải là một múi giờ hợp lệ.','2021-10-24 19:47:10','2021-10-24 19:47:31'),(4076,0,'vi','validation','unique','Trường :attribute đã có trong cơ sở dữ liệu.','2021-10-24 19:47:10','2021-10-24 19:47:31'),(4077,0,'vi','validation','uploaded','Trường :attribute tải lên thất bại.','2021-10-24 19:47:10','2021-10-24 19:47:31'),(4078,0,'vi','validation','url','Trường :attribute không giống với định dạng một URL.','2021-10-24 19:47:10','2021-10-24 19:47:31'),(4079,0,'vi','validation','uuid','Trường :attribute phải là một chuỗi UUID hợp lệ.','2021-10-24 19:47:10','2021-10-24 19:47:31'),(4080,0,'vi','validation','custom.attribute-name.rule-name','custom-message','2021-10-24 19:47:10','2021-10-24 19:47:31');
/*!40000 ALTER TABLE `translations` ENABLE KEYS */;
UNLOCK TABLES;

--
-- Table structure for table `user_meta`
--

DROP TABLE IF EXISTS `user_meta`;
/*!40101 SET @saved_cs_client     = @@character_set_client */;
/*!40101 SET character_set_client = utf8 */;
CREATE TABLE `user_meta` (
  `id` bigint(20) unsigned NOT NULL AUTO_INCREMENT,
  `key` varchar(191) COLLATE utf8mb4_unicode_ci DEFAULT NULL,
  `value` varchar(191) COLLATE utf8mb4_unicode_ci DEFAULT NULL,
  `user_id` int(10) unsigned NOT NULL,
  `created_at` timestamp NULL DEFAULT NULL,
  `updated_at` timestamp NULL DEFAULT NULL,
  PRIMARY KEY (`id`),
  KEY `user_meta_user_id_index` (`user_id`)
) ENGINE=InnoDB DEFAULT CHARSET=utf8mb4 COLLATE=utf8mb4_unicode_ci;
/*!40101 SET character_set_client = @saved_cs_client */;

--
-- Dumping data for table `user_meta`
--

LOCK TABLES `user_meta` WRITE;
/*!40000 ALTER TABLE `user_meta` DISABLE KEYS */;
/*!40000 ALTER TABLE `user_meta` ENABLE KEYS */;
UNLOCK TABLES;

--
-- Table structure for table `users`
--

DROP TABLE IF EXISTS `users`;
/*!40101 SET @saved_cs_client     = @@character_set_client */;
/*!40101 SET character_set_client = utf8 */;
CREATE TABLE `users` (
  `id` bigint(20) unsigned NOT NULL AUTO_INCREMENT,
  `email` varchar(191) COLLATE utf8mb4_unicode_ci NOT NULL,
  `email_verified_at` timestamp NULL DEFAULT NULL,
  `password` varchar(191) COLLATE utf8mb4_unicode_ci DEFAULT NULL,
  `remember_token` varchar(100) COLLATE utf8mb4_unicode_ci DEFAULT NULL,
  `created_at` timestamp NULL DEFAULT NULL,
  `updated_at` timestamp NULL DEFAULT NULL,
  `first_name` varchar(191) COLLATE utf8mb4_unicode_ci DEFAULT NULL,
  `last_name` varchar(191) COLLATE utf8mb4_unicode_ci DEFAULT NULL,
  `username` varchar(60) COLLATE utf8mb4_unicode_ci DEFAULT NULL,
  `avatar_id` int(10) unsigned DEFAULT NULL,
  `super_user` tinyint(1) NOT NULL DEFAULT '0',
  `manage_supers` tinyint(1) NOT NULL DEFAULT '0',
  `permissions` text COLLATE utf8mb4_unicode_ci,
  `last_login` timestamp NULL DEFAULT NULL,
  PRIMARY KEY (`id`),
  UNIQUE KEY `users_email_unique` (`email`),
  UNIQUE KEY `users_username_unique` (`username`)
) ENGINE=InnoDB AUTO_INCREMENT=2 DEFAULT CHARSET=utf8mb4 COLLATE=utf8mb4_unicode_ci;
/*!40101 SET character_set_client = @saved_cs_client */;

--
-- Dumping data for table `users`
--

LOCK TABLES `users` WRITE;
/*!40000 ALTER TABLE `users` DISABLE KEYS */;
INSERT INTO `users` VALUES (1,'admin@botble.com',NULL,'$2y$10$ppzCXkDKYBzehu3oPl0dFuGBLcWGzFCKTk942R2TRB5oCq9VMrpbG',NULL,'2021-09-14 22:29:10','2021-09-14 22:29:10','System','Admin','botble',NULL,1,1,NULL,NULL);
/*!40000 ALTER TABLE `users` ENABLE KEYS */;
UNLOCK TABLES;

--
-- Table structure for table `widgets`
--

DROP TABLE IF EXISTS `widgets`;
/*!40101 SET @saved_cs_client     = @@character_set_client */;
/*!40101 SET character_set_client = utf8 */;
CREATE TABLE `widgets` (
  `id` bigint(20) unsigned NOT NULL AUTO_INCREMENT,
  `widget_id` varchar(120) COLLATE utf8mb4_unicode_ci NOT NULL,
  `sidebar_id` varchar(120) COLLATE utf8mb4_unicode_ci NOT NULL,
  `theme` varchar(120) COLLATE utf8mb4_unicode_ci NOT NULL,
  `position` tinyint(3) unsigned NOT NULL DEFAULT '0',
  `data` text COLLATE utf8mb4_unicode_ci,
  `created_at` timestamp NULL DEFAULT NULL,
  `updated_at` timestamp NULL DEFAULT NULL,
  PRIMARY KEY (`id`)
) ENGINE=InnoDB AUTO_INCREMENT=7 DEFAULT CHARSET=utf8mb4 COLLATE=utf8mb4_unicode_ci;
/*!40101 SET character_set_client = @saved_cs_client */;

--
-- Dumping data for table `widgets`
--

LOCK TABLES `widgets` WRITE;
/*!40000 ALTER TABLE `widgets` DISABLE KEYS */;
INSERT INTO `widgets` VALUES (1,'CustomMenuWidget','footer_sidebar','shopwise',1,'{\"id\":\"CustomMenuWidget\",\"name\":\"Useful Links\",\"menu_id\":\"useful-links\"}','2021-09-14 22:29:10','2021-09-14 22:29:10'),(2,'CustomMenuWidget','footer_sidebar','shopwise',2,'{\"id\":\"CustomMenuWidget\",\"name\":\"Categories\",\"menu_id\":\"categories\"}','2021-09-14 22:29:10','2021-09-14 22:29:10'),(3,'CustomMenuWidget','footer_sidebar','shopwise',3,'{\"id\":\"CustomMenuWidget\",\"name\":\"My Account\",\"menu_id\":\"my-account\"}','2021-09-14 22:29:10','2021-09-14 22:29:10'),(4,'CustomMenuWidget','footer_sidebar','shopwise-vi',1,'{\"id\":\"CustomMenuWidget\",\"name\":\"Li\\u00ean k\\u1ebft h\\u1eefu \\u00edch\",\"menu_id\":\"lien-ket-huu-ich\"}','2021-09-14 22:29:10','2021-09-14 22:29:10'),(5,'CustomMenuWidget','footer_sidebar','shopwise-vi',2,'{\"id\":\"CustomMenuWidget\",\"name\":\"Danh m\\u1ee5c\",\"menu_id\":\"danh-muc\"}','2021-09-14 22:29:10','2021-09-14 22:29:10'),(6,'CustomMenuWidget','footer_sidebar','shopwise-vi',3,'{\"id\":\"CustomMenuWidget\",\"name\":\"T\\u00e0i kho\\u1ea3n\",\"menu_id\":\"tai-khoan\"}','2021-09-14 22:29:10','2021-09-14 22:29:10');
/*!40000 ALTER TABLE `widgets` ENABLE KEYS */;
UNLOCK TABLES;
/*!40103 SET TIME_ZONE=@OLD_TIME_ZONE */;

/*!40101 SET SQL_MODE=@OLD_SQL_MODE */;
/*!40014 SET FOREIGN_KEY_CHECKS=@OLD_FOREIGN_KEY_CHECKS */;
/*!40014 SET UNIQUE_CHECKS=@OLD_UNIQUE_CHECKS */;
/*!40101 SET CHARACTER_SET_CLIENT=@OLD_CHARACTER_SET_CLIENT */;
/*!40101 SET CHARACTER_SET_RESULTS=@OLD_CHARACTER_SET_RESULTS */;
/*!40101 SET COLLATION_CONNECTION=@OLD_COLLATION_CONNECTION */;
/*!40111 SET SQL_NOTES=@OLD_SQL_NOTES */;

-- Dump completed on 2021-10-25  9:47:33
